https://www.abante.com.ph/	ABANTE:11 UNA:5 BALITA:3 SEPTEMBER:17 METRO:7 KARTADA:4 ISYU:3 NGAYON:5 AIR:1 NOW:2 MANILA:3 SAMAHAN:1 SINA:2 RITO:1 RADYO:2 PAGE:2 SARA:5 TAON:3 BOARD:3 SUPORTADO:2 NINA:2 EMOSYONAL:3 LIMA:2 KALUPITAN:2 LIMIT:1 MAG:2 UTOL:2 EXERCISE:1 SUSUNOD:1 YAPAK:1 AMA:1 OIL:4 PAG:2 POLITIKO:2 PONDO:2 PARA:2 KABIT:2 THE:4 PAMAMARIL:2 BANGA:4 SCHOOL:4 PATAY:2 ANG:10 KASAMA:3 ISANG:4 BABAE:2 BANSA:2 NOT:2 RIGHT:2 BUT:2 MATAPOS:2 SUMABOG:2 DUMATING:1 JAIL:2 DEHINS:3 SUPPLY:3 KAHIT:3 POPULAR:1 APPLE:2 SUSTENTO:1 ANAK:2 PASABOG:1 TOP:1 ANYOS:1 ESTUDYANTE:3 DEDBOL:1 MOTORSIKLO:1 TABI:1 MISIS:1 MGA:6 KAPOS:1 KAPAG:1 NANG:1 HINDI:1 BILIB:1 OPISYAL:2 BARANGAY:2 HANGGANG:2 IYONG:1 CHIKA:1 NEGOSYANTE:1 PUGANTE:1 MAYOR:1 WHY:1 ATING:1 ABANGAN:1 HIGIT:1 TULONG:1 ASA:1 KAWANGGAWA:1 TEKA:1 MUNA:1 TRIP:1 ALITAPTAP:1 GITNA:1 BAGYO:1 ESKUWELAHAN:1 HUMAWAK:1 PROJECT:1 PRESYO:1 LANGIS:1 MORE:1 MAY:3 SPECIAL:1 BOTO:1 FULL:1 SUPPORT:1 KAY:4 SHOW:1 PAMILYA:1 MARK:1 DIREKTOR:1 IPASAGOT:1 SHARON:1 KAGANDAHAN:1 NANAY:1 AGA:1 TUMIRA:1 PISAK:1 KELOT:1 TIMBOG:1 TAAL:1 RESIBO:1 RESORT:1 HOTEL:1 KULONG:1 SUNOD:2 BAHAY:1 MALABON:1 APOY:1 PUTIK:1 BATO:1 BATAAN:1 ILANG:1 KALSADA:1 ERMAT:1 KALIDAD:1 HANGIN:1 BABOY:1 NAMATAY:1 BAYAN:1 SALVAGE:1 BANGIN:1 VIDEO:1 COME:2 UNO:1 PER:1 CHE:2 SEARCH:1
https://www.abante.com.ph/wp-json/oembed/1.0/embed?url=https%3A%2F%2Fwww.abante.com.ph%2F	VERSION:1 NAME:1 ABANTE:2 PAGE:2 TEST:1 FOR:1 NEW:1
https://www.abante.com.ph/wp-json/oembed/1.0/embed?url=https%3A%2F%2Fwww.abante.com.ph%2F&#038;format=xml	VERSION:1 NAME:1 ABANTE:2 PAGE:2 TEST:1 FOR:1 NEW:1
https://www.abante.com.ph/wp-json/	NAME:91 ABANTE:408 UNA:1 BALITA:1 HOME:2 STRING:1325 PAGE:230 FOR:748 SHOW:9 ONE:100 GET:608 VIEW:402 ALL:22 NORMAL:2 OBJECT:257 PUT:195 TRUE:412 THE:2160 FETCH:10 URI:14 NOW:4 API:6 KEY:15 FIRST:7 SEARCH:160 TEST:9 EDUCATION:2 LIST:44 VIDEO:19 BAR:6 ALERT:6 PER:51 PASSWORD:153 SUPPORT:18 RUN:4 BOOK:4 VERSION:63 LIMIT:237 TOP:11 ORG:11 EDIT:452 EVEN:1 STATE:4 FULL:6 TABLE:1 NEW:25 AND:75 ELEMENT:13 NOT:64 SCREEN:4 BASE:5 WHERE:8 NOTE:28 WAS:77 ARE:15 ORDER:99 LAST:10 CAN:14 MUST:8 BEEN:2 JUST:2 READ:2 ISO:58 MORE:38 CHAT:8 RAW:93 OPEN:35 TAG:5 PART:9 END:2 FRESH:6 ADDRESS:8 NICKNAME:6 STYLE:1 LIKE:2 YOU:1 DAY:1 LOGO:5 WELCOME:2 MOVE:1 ABILITY:7 MAY:1 EFFECT:1
https://www.abante.com.ph/wp-json/wp/v2/pages/215	ABANTE:85 PAGE:11 SPEED:21 SHOW:54 STYLE:22 TAG:11 DUPLICATE:10 ORDER:37 NAME:37 AND:11 POPULAR:2 KEY:2 CHAR:2 FULL:6 TRUE:8 LIMIT:4 AWAY:1 THE:12 REAL:1 NOT:4 LIST:1 NEW:2 ORG:3 HOME:4 UNA:18 BALITA:20 LOGO:5 ANG:12 TUTOK:6 LANG:12 PARA:6 NGAYON:6 BALITANG:6 MAINIT:6 INIT:6 SMALL:3 GOOD:5 YOUR:5 FIRST:5 OBJECT:1 VIDEO:2 COURSE:2 CAR:1 BOOK:1 OPEN:1 GET:1 VERSION:1 API:1
https://saksingayon.com/uaap-81-swimming-golden-double-sa-ateneo/	DOUBLE:3 ATENEO:3 SAKSI:3 NGAYON:4 SEPTEMBER:19 NOON:2 POLICE:2 KONGRESO:2 BAKIT:2 WALA:2 NANG:4 MAKUHA:2 PROSEKUSYON:2 PATULOY:2 MINAHAN:2 MGA:3 GUWARDIYA:2 BUWANG:2 SAHOD:2 BALITA:2 METRO:1 PROBINSIYA:1 IBA:2 ISYU:1 NEW:9 YEAR:2 MANALO:1 MAY:10 AND:16 SARA:1 OPINYON:1 KALUSUGAN:1 KAGANDAHAN:1 KULTURA:1 TEKNOLOHIYA:1 PAGKAIN:1 KAINAN:1 PASYALAN:1 BAHAY:1 ESTILO:1 GALAW:1 MERKADO:1 LAGAY:1 PANAHON:1 RED:2 SPECIAL:3 ANG:17 SEASON:2 KAMAKAILAN:1 PANGUNGUNA:1 TWO:1 BLUE:1 SANTO:1 UPANG:1 TAON:2 IKAPITO:1 GINTO:2 PARA:4 SWIM:1 PAMAMAGITAN:1 MAS:2 MABILIS:1 DATI:1 LIGA:1 RIN:1 IKAAPAT:1 THE:35 DAOS:2 NAMAN:3 SUNOD:2 IKALIMA:1 SIYA:1 RING:1 NAGING:1 SEVEN:1 DAY:2 MULA:2 KINA:1 PANGALAWA:1 HABANG:2 KALOOB:1 SAMANTALA:1 HOME:1 FOR:8 RIGHT:1 SPEED:2 YOU:4 MUST:1 ADDRESS:1 DILIMAN:1 ILANG:1 KABATAAN:1 MAGING:1 RESPONSABLE:1 MATIBAY:1 PAARALAN:1 ALERT:1 DESISYON:1 KASO:1 DATING:1 BIKTIMA:1 ALL:3 YOUR:4 OUR:3 ARE:7 NAME:4 DAYS:5 TRAFFIC:2 LAST:5 THERE:1 NOT:2 WAS:1 END:2 TEST:1 PAGE:2 GAT:1 TAG:1 SHOW:1 VIDEO:1 VIEW:1 ALSO:1 SEARCH:1 CLOSE:2
https://saksingayon.com/nu-spikers-7-0-na/	SAKSI:3 NGAYON:4 SEPTEMBER:19 NOON:2 POLICE:2 KONGRESO:2 BAKIT:2 WALA:2 NANG:3 MAKUHA:2 PROSEKUSYON:2 PATULOY:2 MINAHAN:2 MGA:3 GUWARDIYA:2 BUWANG:2 SAHOD:2 BALITA:2 METRO:1 PROBINSIYA:1 IBA:2 ISYU:1 NEW:9 YEAR:1 MANALO:1 MAY:13 AND:16 SARA:1 OPINYON:1 KALUSUGAN:1 KAGANDAHAN:1 KULTURA:1 TEKNOLOHIYA:1 PAGKAIN:1 KAINAN:1 PASYALAN:1 BAHAY:1 ESTILO:1 GALAW:1 MERKADO:1 LAGAY:1 PANAHON:1 RED:1 SPECIAL:3 PITO:1 ANG:11 PANALO:1 MATAPOS:2 TALUNIN:1 LINGGO:1 SEASON:1 SCHOOL:2 DILIMAN:3 MULA:2 HABANG:2 BELEN:1 SEVEN:1 NAMAN:3 TWO:1 PARA:7 BABY:1 KINA:1 TUNGO:1 KONTRA:3 THIRD:1 BAGO:1 MAG:1 MUNA:1 SECOND:2 ROUND:1 PUWESTO:2 PAGKATAPOS:1 MATALO:1 RUMESBAK:1 UMAKYAT:2 DIN:1 DOUBLE:1 ATENEO:1 SWAK:1 THE:33 HOME:1 FOR:8 RIGHT:1 SPEED:2 YOU:4 MUST:1 ADDRESS:1 ILANG:1 KABATAAN:1 MAGING:1 RESPONSABLE:1 MAS:1 MATIBAY:1 PAARALAN:1 ALERT:1 DESISYON:1 KASO:1 DATING:1 BIKTIMA:1 ALL:3 YOUR:4 OUR:3 ARE:7 NAME:4 DAYS:5 TRAFFIC:2 LAST:5 THERE:1 NOT:2 WAS:1 END:2 TEST:1 PAGE:2 GAT:1 TAG:1 SHOW:1 VIDEO:1 VIEW:1 DAY:1 ALSO:1 SEARCH:1 CLOSE:2
https://saksingayon.com/magnolia-swak-sa-finals/	SWAK:2 SAKSI:3 NGAYON:4 SEPTEMBER:19 NOON:2 POLICE:2 KONGRESO:2 BAKIT:2 WALA:2 NANG:3 MAKUHA:2 PROSEKUSYON:2 PATULOY:2 MINAHAN:2 MGA:3 GUWARDIYA:2 BUWANG:2 SAHOD:2 BALITA:2 METRO:1 PROBINSIYA:1 IBA:2 ISYU:1 NEW:9 YEAR:1 MANALO:1 MAY:11 AND:16 SARA:1 OPINYON:1 KALUSUGAN:1 KAGANDAHAN:1 KULTURA:1 TEKNOLOHIYA:1 PAGKAIN:1 KAINAN:1 PASYALAN:1 BAHAY:1 ESTILO:1 GALAW:1 MERKADO:1 LAGAY:1 PANAHON:1 RED:1 SPECIAL:3 ANTIPOLO:1 KAMPEON:1 MATAPOS:1 ANG:6 BARANGAY:1 GABI:1 UMISKOR:2 BEST:1 UPANG:1 PAGKAKATAON:1 LOOB:1 TAON:1 SERYE:2 LEAD:1 LARO:2 PERO:1 SEGUNDO:1 TUNGO:1 TUMULONG:1 KAY:1 BAHAGI:1 SANGALANG:2 AMBAG:1 SIX:2 HABANG:1 PAUL:1 PARA:4 ALASKA:1 DELA:1 TULONG:1 MAGSASAKA:1 APRUB:1 SENADO:1 THE:33 HOME:1 FOR:8 RIGHT:1 SPEED:2 YOU:4 MUST:1 ADDRESS:1 DILIMAN:1 ILANG:1 KABATAAN:1 MAGING:1 RESPONSABLE:1 MAS:1 MATIBAY:1 PAARALAN:1 ALERT:1 DESISYON:1 KASO:1 DATING:1 BIKTIMA:1 ALL:3 YOUR:4 OUR:3 ARE:7 NAME:4 DAYS:5 TRAFFIC:2 LAST:5 THERE:1 NOT:2 WAS:1 END:2 TEST:1 PAGE:2 GAT:1 TAG:1 SHOW:1 VIDEO:1 VIEW:1 DAY:1 ALSO:1 SEARCH:1 CLOSE:2
https://saksingayon.com/p10b-tulong-sa-magsasaka-aprub-na-sa-senado/	TULONG:3 MAGSASAKA:4 APRUB:2 SENADO:4 SAKSI:3 NGAYON:4 SEPTEMBER:19 NOON:2 POLICE:2 KONGRESO:2 BAKIT:2 WALA:2 NANG:2 MAKUHA:2 PROSEKUSYON:2 PATULOY:2 MINAHAN:2 MGA:7 GUWARDIYA:2 BUWANG:2 SAHOD:2 BALITA:5 METRO:1 PROBINSIYA:1 IBA:2 ISYU:2 NEW:8 YEAR:1 MANALO:1 MAY:10 AND:18 SARA:1 OPINYON:1 KALUSUGAN:1 KAGANDAHAN:1 KULTURA:1 TEKNOLOHIYA:1 PAGKAIN:1 KAINAN:1 PASYALAN:1 BAHAY:1 ESTILO:1 GALAW:1 MERKADO:1 LAGAY:1 PANAHON:1 RED:1 SPECIAL:1 IKATLO:1 ANG:13 BATAS:1 AYUDA:1 LOOB:2 ANIM:2 TAON:3 LABAN:1 EPEKTO:1 ITO:1 SENADOR:1 MATAPOS:1 KALANG:1 AMYENDAHAN:1 PAG:2 BIGAS:1 KAPALIT:1 TARIPA:1 PANUKALA:2 BOTO:1 NOT:3 MAG:1 KASI:1 TALO:2 TALAGA:1 TAYO:2 OUR:5 SOON:1 WHY:1 THE:30 PALAY:2 AYON:1 KAY:1 BILYON:1 KADA:1 LUGAR:1 SWAK:1 KAGAMITAN:1 NGUNIT:1 MAPAYAPA:1 MAAYOS:2 NAGING:1 PAYAPA:1 KABUUAN:1 AKTIBIDAD:1 GRUPO:1 OPOSISYON:1 DAPAT:1 SAGUTIN:1 PLEBISITO:1 HUWAG:1 MADALIIN:1 PARA:2 MAS:2 MALINAW:1 PROSESO:1 YOU:4 MUST:1 ADDRESS:2 DILIMAN:2 ILANG:1 KABATAAN:1 MAGING:1 RESPONSABLE:1 MATIBAY:1 PAARALAN:1 ALERT:1 DESISYON:1 KASO:1 DATING:1 BIKTIMA:1 ALL:3 YOUR:4 ARE:7 FOR:7 NAME:4 DAYS:5 TRAFFIC:2 LAST:5 THERE:1 WAS:1 END:2 TEST:1 PAGE:2 GAT:1 TAG:1 SHOW:1 VIDEO:1 VIEW:1 DAY:1 ALSO:1 SEARCH:1 CLOSE:2
https://saksingayon.com/du30-tatapak-sa-us-pag-naibalik-ang-3-balangiga-bells/	PAG:2 ANG:31 SAKSI:3 NGAYON:4 SEPTEMBER:19 NOON:2 POLICE:2 KONGRESO:2 BAKIT:2 WALA:2 NANG:5 MAKUHA:2 PROSEKUSYON:2 PATULOY:2 MINAHAN:2 MGA:17 GUWARDIYA:2 BUWANG:2 SAHOD:2 BALITA:5 METRO:1 PROBINSIYA:1 IBA:3 ISYU:2 NEW:8 YEAR:1 MANALO:1 MAY:10 AND:16 SARA:1 OPINYON:1 KALUSUGAN:1 KAGANDAHAN:1 KULTURA:1 TEKNOLOHIYA:1 PAGKAIN:1 KAINAN:1 PASYALAN:1 BAHAY:1 ESTILO:1 GALAW:1 MERKADO:1 LAGAY:1 PANAHON:1 RED:1 SPECIAL:1 MALAKI:1 TUMAPAK:2 KAPAG:2 NINAKAW:1 BILANG:3 PAGSASAULI:1 AYON:3 KAY:5 NAGING:2 PARA:5 TANGGAPIN:1 WASHINGTON:1 BUMISITA:1 SIYA:1 ISANG:4 NGITI:1 LANG:1 KANYA:3 KONDISYON:2 PASYA:1 KAMAKAILAN:1 IBALIK:1 KALIHIM:1 NIYA:1 TAON:2 NASA:4 PUMAYAG:1 NINA:2 KAW:1 PREMYO:1 GIYERA:2 MATAPOS:2 UTOS:1 PATAYIN:1 LAHAT:1 EDAD:1 MILITARY:1 BASE:2 ISA:1 KOREA:2 ROUND:2 THE:32 BIGYAN:1 OPISYAL:1 KATOLIKO:1 ITO:3 PAROKYA:2 FATHER:1 SEGURIDAD:1 KAMPANA:7 PANGUNAHIN:1 PAGHAHANDA:1 MAIBALIK:2 RIN:2 UMANO:3 NILA:2 MAGING:2 TURISTA:1 LUGAR:1 UPANG:2 MAKITA:1 LONG:1 SIMBOLO:1 PLANO:1 IDI:1 KASAMA:1 TABI:1 SIMBAHAN:2 KAYA:2 GAYUNMAN:1 DEPENDE:1 PULONG:1 SEREMONYA:1 PENTAGON:1 AIR:1 ANI:1 MUNA:1 KAMPANYA:1 AYUSIN:1 KUNG:1 SAAN:1 BAGO:1 IUWI:1 POSIBLE:1 KALAGITNAAN:1 BAHAGI:1 TULONG:1 MAGSASAKA:1 APRUB:1 SENADO:1 KAGAMITAN:1 NGUNIT:1 MAPAYAPA:1 MAAYOS:2 PAYAPA:1 KABUUAN:1 AKTIBIDAD:1 GRUPO:1 OPOSISYON:1 DAPAT:1 SAGUTIN:1 PLEBISITO:1 HUWAG:1 MADALIIN:1 MAS:2 MALINAW:1 PROSESO:1 YOU:4 MUST:1 ADDRESS:2 DILIMAN:2 ILANG:1 KABATAAN:1 RESPONSABLE:1 MATIBAY:1 PAARALAN:1 ALERT:1 DESISYON:1 KASO:1 DATING:1 BIKTIMA:1 ALL:3 YOUR:4 OUR:3 ARE:7 FOR:7 NAME:4 DAYS:5 TRAFFIC:2 LAST:5 THERE:1 NOT:2 WAS:1 END:2 TEST:1 PAGE:2 GAT:1 TAG:1 SHOW:1 VIDEO:1 VIEW:1 DAY:1 ALSO:1 SEARCH:1 CLOSE:2
https://saksingayon.com/sc-kay-emilio-aguinaldo-iv-guilty/	KAY:2 SAKSI:3 NGAYON:4 SEPTEMBER:19 NOON:2 POLICE:2 KONGRESO:2 BAKIT:2 WALA:3 NANG:2 MAKUHA:2 PROSEKUSYON:2 PATULOY:2 MINAHAN:2 MGA:6 GUWARDIYA:2 BUWANG:2 SAHOD:2 BALITA:5 METRO:1 PROBINSIYA:1 IBA:2 ISYU:2 NEW:8 YEAR:1 MANALO:1 MAY:10 AND:17 SARA:1 OPINYON:1 KALUSUGAN:1 KAGANDAHAN:1 KULTURA:1 TEKNOLOHIYA:1 PAGKAIN:1 KAINAN:1 PASYALAN:1 BAHAY:1 ESTILO:1 GALAW:1 MERKADO:1 LAGAY:1 PANAHON:1 RED:1 SPECIAL:2 ANG:14 HATOL:1 LABAN:1 KAANAK:1 KAPANGALAN:1 DATING:2 SECOND:1 BASEHAN:1 PARA:3 BALIGTARIN:1 RESOLUSYON:1 DESISYON:2 MAKATI:1 ILALIM:3 PENAL:1 NITO:1 KINATAWAN:1 ANGKAN:1 IBINIGAY:1 NIYA:1 ILANG:2 UMANO:2 KANYA:1 KAPANGYARIHAN:1 ARI:1 NINA:1 DAHIL:2 GINAWA:1 AKUSADO:3 BILHIN:1 LUPAIN:1 SUBALIT:1 PEKE:1 PALA:1 HAWAK:1 HINDI:2 LINAW:1 KORTE:1 SUPREMA:1 KAHIT:1 PUMASOK:1 KASUNDUAN:1 SALAPI:1 RIN:1 LIGTAS:1 MULA:1 PANANAGUTAN:1 UPANG:1 PAG:1 KAGAMITAN:1 NGUNIT:1 MAPAYAPA:1 MAAYOS:2 NAGING:1 PAYAPA:1 KABUUAN:1 AKTIBIDAD:1 GRUPO:1 OPOSISYON:1 DAPAT:1 SAGUTIN:1 PLEBISITO:1 HUWAG:1 MADALIIN:1 MAS:2 MALINAW:1 PROSESO:1 YOU:4 MUST:1 ADDRESS:2 DILIMAN:2 KABATAAN:1 MAGING:1 RESPONSABLE:1 MATIBAY:1 PAARALAN:1 ALERT:1 KASO:1 BIKTIMA:1 ALL:3 YOUR:4 OUR:3 ARE:7 FOR:7 THE:29 NAME:4 DAYS:5 TRAFFIC:2 LAST:5 THERE:1 NOT:2 WAS:1 END:2 TEST:1 PAGE:2 GAT:1 TAG:1 SHOW:1 VIDEO:1 VIEW:1 DAY:1 ALSO:1 SEARCH:1 CLOSE:2
https://saksingayon.com/ogma-nilikha/	SAKSI:3 NGAYON:4 SEPTEMBER:19 NOON:2 POLICE:2 KONGRESO:2 BAKIT:2 WALA:2 NANG:2 MAKUHA:2 PROSEKUSYON:2 PATULOY:2 MINAHAN:2 MGA:11 GUWARDIYA:2 BUWANG:2 SAHOD:2 BALITA:5 METRO:1 PROBINSIYA:1 IBA:3 ISYU:2 NEW:8 YEAR:1 MANALO:1 MAY:10 AND:16 SARA:1 OPINYON:1 KALUSUGAN:1 KAGANDAHAN:1 KULTURA:1 TEKNOLOHIYA:1 PAGKAIN:1 KAINAN:1 PASYALAN:1 BAHAY:1 ESTILO:1 GALAW:1 MERKADO:1 LAGAY:1 PANAHON:1 RED:1 SPECIAL:1 UPANG:1 ANG:11 TANONG:2 HINGGIL:1 GOBYERNO:2 DATING:2 ARE:8 THE:31 WAY:1 KAYA:1 ILALIM:1 FOR:8 AYON:1 KAY:3 UMANO:2 NILA:1 KATANUNGAN:3 MULA:2 LUGAR:1 MUNDO:2 MAN:3 ITO:2 KUNG:1 MAYROON:1 TUNGKOL:1 SANGAY:1 PAMAHALAAN:1 PARA:3 SAGOT:1 UKOL:1 EKONOMIYA:1 APRUB:1 KAGAMITAN:1 NGUNIT:1 MAPAYAPA:1 MAAYOS:2 NAGING:1 PAYAPA:1 KABUUAN:1 AKTIBIDAD:1 GRUPO:1 OPOSISYON:1 DAPAT:1 SAGUTIN:1 PLEBISITO:1 HUWAG:1 MADALIIN:1 MAS:2 MALINAW:1 PROSESO:1 YOU:4 MUST:1 ADDRESS:2 DILIMAN:2 ILANG:1 KABATAAN:1 MAGING:1 RESPONSABLE:1 MATIBAY:1 PAARALAN:1 ALERT:1 DESISYON:1 KASO:1 BIKTIMA:1 ALL:3 YOUR:4 OUR:3 NAME:4 DAYS:5 TRAFFIC:2 LAST:5 THERE:1 NOT:2 WAS:1 END:2 TEST:1 PAGE:2 GAT:1 TAG:1 SHOW:1 VIDEO:1 VIEW:1 DAY:1 ALSO:1 SEARCH:1 CLOSE:2
https://saksingayon.com/lifetime-cellphone-number-act-aprub-na-sa-bicam/	APRUB:2 SAKSI:3 NGAYON:5 SEPTEMBER:19 NOON:2 POLICE:2 KONGRESO:2 BAKIT:2 WALA:2 NANG:3 MAKUHA:2 PROSEKUSYON:2 PATULOY:2 MINAHAN:2 MGA:7 GUWARDIYA:2 BUWANG:2 SAHOD:2 BALITA:5 METRO:1 PROBINSIYA:1 IBA:3 ISYU:2 NEW:8 YEAR:1 MANALO:1 MAY:10 AND:16 SARA:1 OPINYON:1 KALUSUGAN:1 KAGANDAHAN:1 KULTURA:1 TEKNOLOHIYA:1 PAGKAIN:1 KAINAN:1 PASYALAN:1 BAHAY:1 ESTILO:1 GALAW:1 MERKADO:1 LAGAY:1 PANAHON:1 RED:1 SPECIAL:1 ANG:11 BERSYON:1 SENADO:1 KAPULUNGAN:1 HINDI:3 KAILANGAN:2 KAPAG:1 MULA:1 TUNGO:1 ITO:1 SENADOR:1 MATAPOS:1 KOMITE:1 MAS:5 KILALA:1 BILANG:1 ISANG:2 HAKBANG:1 LANG:1 PATUNGO:1 KALAYAAN:1 MAMILI:1 MAHUSAY:2 KAHALAGAHAN:1 PERA:1 ANI:1 PANUKALA:1 DAHIL:1 SILANG:1 SERBISYO:1 BATAS:1 LALO:1 KUNG:2 GUSTO:1 THIRD:1 KASI:1 MARAMI:1 KANG:1 PROBLEMA:1 PAGLIPAT:1 LAHAT:1 KAKILALA:1 PALIWANAG:1 NAGNAKAW:1 LAPTOP:1 KALABOSO:1 KAGAMITAN:1 NGUNIT:1 MAPAYAPA:1 MAAYOS:2 NAGING:1 PAYAPA:1 KABUUAN:1 AKTIBIDAD:1 GRUPO:1 OPOSISYON:1 DAPAT:1 SAGUTIN:1 PLEBISITO:1 HUWAG:1 MADALIIN:1 PARA:2 MALINAW:1 PROSESO:1 YOU:4 MUST:1 ADDRESS:2 DILIMAN:2 ILANG:1 KABATAAN:1 MAGING:1 RESPONSABLE:1 MATIBAY:1 PAARALAN:1 ALERT:1 DESISYON:1 KASO:1 DATING:1 BIKTIMA:1 ALL:3 YOUR:4 OUR:3 ARE:7 FOR:7 THE:29 NAME:4 DAYS:5 TRAFFIC:2 LAST:5 THERE:1 NOT:2 WAS:1 END:2 TEST:1 PAGE:2 GAT:1 TAG:1 SHOW:1 VIDEO:1 VIEW:1 DAY:1 ALSO:1 SEARCH:1 CLOSE:2
https://saksingayon.com/teacher-nagnakaw-ng-laptop-kalaboso/	NAGNAKAW:2 LAPTOP:4 KALABOSO:2 SAKSI:3 NGAYON:4 SEPTEMBER:19 NOON:3 POLICE:2 KONGRESO:2 BAKIT:2 WALA:2 NANG:3 MAKUHA:2 PROSEKUSYON:2 PATULOY:2 MINAHAN:2 MGA:11 GUWARDIYA:2 BUWANG:2 SAHOD:2 BALITA:5 METRO:5 PROBINSIYA:1 IBA:2 ISYU:1 NEW:8 YEAR:1 MANALO:1 MAY:9 AND:16 SARA:1 OPINYON:1 KALUSUGAN:1 KAGANDAHAN:1 KULTURA:1 TEKNOLOHIYA:1 PAGKAIN:1 KAINAN:1 PASYALAN:1 BAHAY:1 ESTILO:1 GALAW:1 MERKADO:1 LAGAY:1 PANAHON:1 RED:1 SPECIAL:1 ARESTADO:1 ANG:13 ISANG:3 SENIOR:2 SCHOOL:4 UMANO:2 NITO:2 LOOB:2 ESKUWELAHAN:1 ANYOS:3 SUSPEK:2 AGAD:3 TULONG:2 PULISYA:3 SINA:1 PAWANG:1 ULAT:1 NAGANAP:1 INSIDENTE:1 KUNG:4 SAAN:2 BIKTIMA:4 AYON:1 GURO:1 UMAGA:1 NILA:1 KAGAMITAN:1 KAYAT:2 HUMINGI:1 PAARALAN:2 TUMAWAG:1 HIMPILAN:1 LAMANG:1 SILID:1 ITO:2 PULIS:1 MULA:1 RITO:1 DIN:1 MATAPOS:1 PEKE:1 MAGNANAKAW:1 APRUB:1 DEDBOL:1 DATING:3 DESISYON:3 KASO:2 ONE:1 BALIGTARIN:1 YOU:4 MUST:1 ADDRESS:2 DILIMAN:2 ILANG:1 KABATAAN:1 MAGING:1 RESPONSABLE:1 PARA:1 MAS:1 MATIBAY:1 ALERT:1 ALL:3 YOUR:4 OUR:3 ARE:7 FOR:7 THE:29 NAME:4 DAYS:5 TRAFFIC:2 LAST:5 THERE:1 NOT:2 WAS:1 END:2 TEST:1 PAGE:2 GAT:1 TAG:1 SHOW:1 VIDEO:1 VIEW:1 DAY:1 ALSO:1 SEARCH:1 CLOSE:2
https://saksingayon.com/dedbol-sa-riding-in-tandem/	DEDBOL:2 SAKSI:3 NGAYON:4 SEPTEMBER:19 NOON:2 POLICE:3 KONGRESO:2 BAKIT:2 WALA:2 NANG:3 MAKUHA:2 PROSEKUSYON:2 PATULOY:3 MINAHAN:2 MGA:2 GUWARDIYA:2 BUWANG:2 SAHOD:2 BALITA:5 METRO:5 PROBINSIYA:1 IBA:2 ISYU:1 NEW:8 YEAR:1 MANALO:1 MAY:9 AND:16 SARA:1 OPINYON:1 KALUSUGAN:1 KAGANDAHAN:1 KULTURA:1 TEKNOLOHIYA:1 PAGKAIN:1 KAINAN:1 PASYALAN:1 BAHAY:2 ESTILO:1 GALAW:1 MERKADO:1 LAGAY:1 PANAHON:1 RED:1 SPECIAL:1 THE:30 SPOT:1 ANG:13 ISANG:3 LALAKI:2 MATAPOS:1 HINDI:3 HABANG:3 MAG:2 ISA:2 KAMAKALAWA:1 GABI:2 BALA:2 BARIL:2 ULO:2 ALYAS:1 RESIDENTE:1 MULA:3 TANGGAPAN:1 ALAS:1 BIKTIMA:5 PINTO:1 DUMATING:1 SUSPEK:1 MOTORSIKLO:2 KAPWA:1 HELMET:1 BUMABA:1 SABI:1 BAGO:1 SUMAKAY:1 KASAMA:1 MABILIS:1 TUMAKAS:1 DIREKSYON:1 BASYO:1 KALIBRE:1 PARA:2 GAYUNDIN:1 MOTIBO:1 PAMAMARIL:1 NAGNAKAW:1 LAPTOP:1 KALABOSO:1 ANYOS:1 UTAS:1 SUNOG:1 DATING:3 DESISYON:3 KASO:2 ONE:1 BALIGTARIN:1 YOU:4 MUST:1 ADDRESS:2 DILIMAN:2 ILANG:1 KABATAAN:1 MAGING:1 RESPONSABLE:1 MAS:1 MATIBAY:1 PAARALAN:1 ALERT:1 ALL:3 YOUR:4 OUR:3 ARE:7 FOR:7 NAME:4 DAYS:5 TRAFFIC:2 LAST:5 THERE:1 NOT:2 WAS:1 END:2 TEST:1 PAGE:2 GAT:1 TAG:1 SHOW:1 VIDEO:1 VIEW:1 DAY:1 ALSO:1 SEARCH:1 CLOSE:2
https://saksingayon.com/56-anyos-na-lalaki-utas-sa-sunog/	ANYOS:3 LALAKI:3 UTAS:2 SUNOG:4 SAKSI:3 NGAYON:4 SEPTEMBER:19 NOON:2 POLICE:2 KONGRESO:2 BAKIT:2 WALA:2 NANG:3 MAKUHA:2 PROSEKUSYON:2 PATULOY:3 MINAHAN:2 MGA:6 GUWARDIYA:2 BUWANG:2 SAHOD:2 BALITA:5 METRO:5 PROBINSIYA:1 IBA:2 ISYU:1 NEW:8 YEAR:1 MANALO:1 MAY:9 AND:16 SARA:1 OPINYON:1 KALUSUGAN:1 KAGANDAHAN:1 KULTURA:1 TEKNOLOHIYA:1 PAGKAIN:1 KAINAN:1 PASYALAN:1 BAHAY:3 ESTILO:1 GALAW:1 MERKADO:1 LAGAY:1 PANAHON:1 RED:1 SPECIAL:1 ANG:12 MATAPOS:1 APOY:3 KAHAPON:1 UMAGA:2 HABANG:2 HUMIGIT:1 KUMULANG:1 NAMAN:1 KABAHAYAN:2 ARI:1 RESIDENTE:2 AYON:1 NAGMULA:1 PAG:1 UMANO:1 ISANG:2 LUGAR:1 MABILIS:1 KUMALAT:1 HALOS:2 ORAS:2 DAHIL:1 PAWANG:1 GAWA:1 LIGHT:1 SANHI:1 IMBESTIGASYON:1 AWTORIDAD:1 INSIDENTE:1 DEDBOL:1 OPISYAL:1 DATING:3 DESISYON:3 KASO:2 ONE:1 BALIGTARIN:1 BIKTIMA:3 YOU:4 MUST:1 ADDRESS:2 DILIMAN:2 ILANG:1 KABATAAN:1 MAGING:1 RESPONSABLE:1 PARA:1 MAS:1 MATIBAY:1 PAARALAN:1 ALERT:1 ALL:3 YOUR:4 OUR:3 ARE:7 FOR:7 THE:29 NAME:4 DAYS:5 TRAFFIC:2 LAST:5 THERE:1 NOT:2 WAS:1 END:2 TEST:1 PAGE:2 GAT:1 TAG:1 SHOW:1 VIDEO:1 VIEW:1 DAY:1 ALSO:1 SEARCH:1 CLOSE:2
https://saksingayon.com/pasarap-na-opisyal-sisibakin-ni-digong/	OPISYAL:6 SAKSI:3 NGAYON:4 SEPTEMBER:19 NOON:2 POLICE:2 KONGRESO:2 BAKIT:2 WALA:2 NANG:2 MAKUHA:2 PROSEKUSYON:2 PATULOY:2 MINAHAN:2 MGA:9 GUWARDIYA:2 BUWANG:2 SAHOD:2 BALITA:5 METRO:1 PROBINSIYA:1 IBA:2 ISYU:2 NEW:9 YEAR:1 MANALO:1 MAY:10 AND:16 SARA:1 OPINYON:1 KALUSUGAN:1 KAGANDAHAN:1 KULTURA:1 TEKNOLOHIYA:1 PAGKAIN:1 KAINAN:1 PASYALAN:1 BAHAY:1 ESTILO:1 GALAW:1 MERKADO:1 LAGAY:1 PANAHON:1 RED:1 SPECIAL:1 ANG:8 ISANG:1 GOBYERNO:1 AMININ:1 ITO:2 ADMINISTRASYON:1 KAYA:2 SUBALIT:1 TALIWAS:1 UMANO:1 GINAGAWA:1 NITO:1 TALUMPATI:1 PANGULO:2 HARAP:1 KATIWALIAN:1 KUNG:1 ILANG:2 BESES:1 RIN:1 BANSA:1 GAMIT:1 PONDO:1 PAMAHALAAN:1 DAHIL:1 RASON:1 TANGGALIN:1 NIYA:1 PUWESTO:1 KAHIT:1 ISA:1 SIYA:1 MAYOR:1 ANYOS:1 LALAKI:1 UTAS:1 SUNOG:1 PRESYO:1 KAGAMITAN:1 NGUNIT:1 MAPAYAPA:1 MAAYOS:2 NAGING:1 PAYAPA:1 KABUUAN:1 AKTIBIDAD:1 GRUPO:1 OPOSISYON:1 DAPAT:1 SAGUTIN:1 PLEBISITO:1 HUWAG:1 MADALIIN:1 PARA:2 MAS:2 MALINAW:1 PROSESO:1 YOU:4 MUST:1 ADDRESS:2 DILIMAN:2 KABATAAN:1 MAGING:1 RESPONSABLE:1 MATIBAY:1 PAARALAN:1 ALERT:1 DESISYON:1 KASO:1 DATING:1 BIKTIMA:1 ALL:3 YOUR:4 OUR:3 ARE:7 FOR:7 THE:29 NAME:4 DAYS:5 TRAFFIC:2 LAST:5 THERE:1 NOT:2 WAS:1 END:2 TEST:1 PAGE:2 GAT:1 TAG:1 SHOW:1 VIDEO:1 VIEW:1 DAY:1 ALSO:1 SEARCH:1 CLOSE:2
https://saksingayon.com/pagtanggal-sa-wikang-filipino-at-panitikan-ibasura/	PANITIKAN:7 SAKSI:3 NGAYON:6 SEPTEMBER:19 NOON:2 POLICE:2 KONGRESO:2 BAKIT:2 WALA:2 NANG:3 MAKUHA:2 PROSEKUSYON:2 PATULOY:2 MINAHAN:2 MGA:9 GUWARDIYA:2 BUWANG:2 SAHOD:2 BALITA:5 METRO:1 PROBINSIYA:1 IBA:2 ISYU:2 NEW:8 YEAR:1 MANALO:1 MAY:10 AND:16 SARA:1 OPINYON:1 KALUSUGAN:1 KAGANDAHAN:1 KULTURA:1 TEKNOLOHIYA:1 PAGKAIN:1 KAINAN:1 PASYALAN:1 BAHAY:1 ESTILO:1 GALAW:1 MERKADO:1 LAGAY:1 PANAHON:2 RED:1 SPECIAL:1 DAPAT:4 EDUCATION:1 ANG:15 POLISIYA:1 TANGGALIN:1 KOLEHIYO:4 AYON:1 KAY:3 PANGILINAN:1 WIKA:4 BANSA:1 KURSO:1 PAARALAN:2 PANIG:1 SENADOR:4 IBALIK:1 DAHIL:1 MARAMI:1 NAMAN:6 DITO:1 PARA:5 KABILA:1 BATA:1 HINDI:2 MARUNONG:1 MAGSALITA:1 GIIT:1 MAHALAGA:2 ATING:1 KAISIPAN:1 BILANG:1 KUNG:2 HILING:1 NITO:3 SCHOOL:1 DIN:1 PAG:1 MABUTI:1 UPANG:1 ULIT:1 PAGBABAGO:1 HUWAG:2 BIGLA:1 DESISYON:2 PANATILIHIN:1 MAWALA:1 KAALAMAN:1 KABATAAN:2 PAGGAMIT:1 PRESYO:1 BARANGAY:1 KAGAMITAN:1 NGUNIT:1 MAPAYAPA:1 MAAYOS:2 NAGING:1 PAYAPA:1 KABUUAN:1 AKTIBIDAD:1 GRUPO:1 OPOSISYON:1 SAGUTIN:1 PLEBISITO:1 MADALIIN:1 MAS:2 MALINAW:1 PROSESO:1 YOU:4 MUST:1 ADDRESS:2 DILIMAN:2 ILANG:1 MAGING:1 RESPONSABLE:1 MATIBAY:1 ALERT:1 KASO:1 DATING:1 BIKTIMA:1 ALL:3 YOUR:4 OUR:3 ARE:7 FOR:7 THE:29 NAME:4 DAYS:5 TRAFFIC:2 LAST:5 THERE:1 NOT:2 WAS:1 END:2 TEST:1 PAGE:2 GAT:1 TAG:1 SHOW:1 VIDEO:1 VIEW:1 DAY:1 ALSO:1 SEARCH:1 CLOSE:2
https://saksingayon.com/1368-barangay-masasapol-ni-samuel/	BARANGAY:3 SAKSI:3 NGAYON:4 SEPTEMBER:19 NOON:2 POLICE:2 KONGRESO:2 BAKIT:2 WALA:2 NANG:3 MAKUHA:2 PROSEKUSYON:2 PATULOY:2 MINAHAN:2 MGA:9 GUWARDIYA:2 BUWANG:2 SAHOD:2 BALITA:5 METRO:1 PROBINSIYA:1 IBA:2 ISYU:2 NEW:8 YEAR:1 MANALO:1 MAY:10 AND:18 SARA:1 OPINYON:1 KALUSUGAN:1 KAGANDAHAN:1 KULTURA:1 TEKNOLOHIYA:1 PAGKAIN:1 KAINAN:1 PASYALAN:1 BAHAY:1 ESTILO:1 GALAW:1 MERKADO:1 LAGAY:1 PANAHON:1 RED:1 SPECIAL:1 ANG:10 BABALA:1 PAHAYAG:1 GINAWA:1 PRE:1 PARA:4 PAG:1 RESPONDE:1 RESIDENTE:1 MAGHANDA:1 TANGGAPAN:1 NASA:1 ILALIM:1 NILA:1 HINDI:2 MAN:1 LAKAS:1 PUMASOK:2 PAR:2 KAHAPON:2 LINGGO:1 UMAGA:2 UMANO:1 DAPAT:2 DAHIL:1 MAS:3 MAINAM:1 MAGING:2 HANDA:1 LAHAT:1 BAGYO:2 BUKAS:1 ALAS:1 AYON:1 PANITIKAN:1 KAGAMITAN:1 NGUNIT:1 MAPAYAPA:1 MAAYOS:2 NAGING:1 PAYAPA:1 KABUUAN:1 AKTIBIDAD:1 GRUPO:1 OPOSISYON:1 SAGUTIN:1 PLEBISITO:1 HUWAG:1 MADALIIN:1 MALINAW:1 PROSESO:1 YOU:4 MUST:1 ADDRESS:2 DILIMAN:2 ILANG:1 KABATAAN:1 RESPONSABLE:1 MATIBAY:1 PAARALAN:1 ALERT:1 DESISYON:1 KASO:1 DATING:1 BIKTIMA:1 ALL:3 YOUR:4 OUR:3 ARE:7 FOR:7 THE:29 NAME:4 DAYS:5 TRAFFIC:2 LAST:5 THERE:1 NOT:2 WAS:1 END:2 TEST:1 PAGE:2 GAT:1 TAG:1 SHOW:1 VIDEO:1 VIEW:1 DAY:1 ALSO:1 SEARCH:1 CLOSE:2
https://saksingayon.com/election-hotspots-dumarami/	SAKSI:3 NGAYON:4 SEPTEMBER:19 NOON:2 POLICE:3 KONGRESO:2 BAKIT:2 WALA:2 NANG:2 MAKUHA:2 PROSEKUSYON:2 PATULOY:2 MINAHAN:2 MGA:8 GUWARDIYA:2 BUWANG:2 SAHOD:2 BALITA:5 METRO:1 PROBINSIYA:1 IBA:2 ISYU:2 NEW:8 YEAR:1 MANALO:1 MAY:10 AND:16 SARA:1 OPINYON:1 KALUSUGAN:1 KAGANDAHAN:1 KULTURA:1 TEKNOLOHIYA:1 PAGKAIN:1 KAINAN:1 PASYALAN:1 BAHAY:1 ESTILO:1 GALAW:1 MERKADO:1 LAGAY:1 PANAHON:1 RED:1 SPECIAL:1 DAHIL:1 SERYE:1 PANANAMBANG:1 ILANG:2 LOKAL:1 OPISYAL:1 ISINAMA:1 ANG:6 LALAWIGAN:1 LISTAHAN:1 HOT:1 BANSA:1 ITO:2 AYON:1 KAMAKAILAN:1 MAYOR:3 NAMAN:2 ANAK:1 ALELI:1 HABANG:1 BUWAN:1 PAGLILINAW:1 ALBAYALDE:1 DESISYON:2 RIN:2 KUNG:1 NASA:1 ESTADO:1 UMANO:1 LUGAR:1 BARANGAY:1 KAGAMITAN:1 NGUNIT:1 MAPAYAPA:1 MAAYOS:2 NAGING:1 PAYAPA:1 KABUUAN:1 AKTIBIDAD:1 GRUPO:1 OPOSISYON:1 DAPAT:1 SAGUTIN:1 PLEBISITO:1 HUWAG:1 MADALIIN:1 PARA:2 MAS:2 MALINAW:1 PROSESO:1 YOU:4 MUST:1 ADDRESS:2 DILIMAN:2 KABATAAN:1 MAGING:1 RESPONSABLE:1 MATIBAY:1 PAARALAN:1 ALERT:1 KASO:1 DATING:1 BIKTIMA:1 ALL:3 YOUR:4 OUR:3 ARE:7 FOR:7 THE:29 NAME:4 DAYS:5 TRAFFIC:2 LAST:5 THERE:1 NOT:2 WAS:1 END:2 TEST:1 PAGE:2 GAT:1 TAG:1 SHOW:1 VIDEO:1 VIEW:1 DAY:1 ALSO:1 SEARCH:1 CLOSE:2
https://saksingayon.com/du30-di-tinapos-ang-apec-summit/	ANG:15 SAKSI:3 NGAYON:4 SEPTEMBER:19 NOON:2 POLICE:2 KONGRESO:2 BAKIT:4 WALA:3 NANG:3 MAKUHA:2 PROSEKUSYON:2 PATULOY:2 MINAHAN:2 MGA:11 GUWARDIYA:2 BUWANG:2 SAHOD:2 BALITA:5 METRO:1 PROBINSIYA:1 IBA:2 ISYU:2 NEW:9 YEAR:1 MANALO:1 MAY:10 AND:16 SARA:1 OPINYON:1 KALUSUGAN:1 KAGANDAHAN:1 KULTURA:1 TEKNOLOHIYA:1 PAGKAIN:1 KAINAN:1 PASYALAN:1 BAHAY:1 ESTILO:1 GALAW:1 MERKADO:1 LAGAY:1 PANAHON:1 RED:1 SPECIAL:1 HALOS:1 ISANG:1 ARAW:2 UWI:3 MULA:1 AKTIBIDAD:6 ABISO:1 HINDI:2 PANGULO:3 ITO:2 KAGABI:1 HALIP:1 HAPON:1 AGAD:1 UMANO:2 ALAS:1 IBINIGAY:1 DAHILAN:2 KUNG:2 TRIP:1 LAMANG:1 KUMATAWAN:1 DITO:1 PARA:4 ILANG:2 DIN:1 DAHIL:2 TULOG:1 AYON:1 KAY:1 LEGAL:1 NIYA:1 UMUWI:1 SAMANTALA:1 NAGING:2 PAG:1 KAILANGAN:1 MAGHANDA:1 PAGDATING:1 BANSA:1 BALIK:1 TRONO:1 KAGAMITAN:1 NGUNIT:1 MAPAYAPA:1 MAAYOS:2 PAYAPA:1 KABUUAN:1 GRUPO:1 OPOSISYON:1 DAPAT:1 SAGUTIN:1 PLEBISITO:1 HUWAG:1 MADALIIN:1 MAS:2 MALINAW:1 PROSESO:1 YOU:4 MUST:1 ADDRESS:2 DILIMAN:2 KABATAAN:1 MAGING:1 RESPONSABLE:1 MATIBAY:1 PAARALAN:1 ALERT:1 DESISYON:1 KASO:1 DATING:1 BIKTIMA:1 ALL:3 YOUR:4 OUR:3 ARE:7 FOR:7 THE:29 NAME:4 DAYS:5 TRAFFIC:2 LAST:5 THERE:1 NOT:2 WAS:1 END:2 TEST:1 PAGE:2 GAT:1 TAG:1 SHOW:1 VIDEO:1 VIEW:1 DAY:1 ALSO:1 SEARCH:1 CLOSE:2
https://saksingayon.com/nu-pep-squad-balik-sa-trono/	BALIK:2 TRONO:2 SAKSI:3 NGAYON:4 SEPTEMBER:19 NOON:2 POLICE:2 KONGRESO:2 BAKIT:2 WALA:2 NANG:3 MAKUHA:2 PROSEKUSYON:2 PATULOY:2 MINAHAN:2 MGA:4 GUWARDIYA:2 BUWANG:2 SAHOD:2 BALITA:2 METRO:1 PROBINSIYA:1 IBA:2 ISYU:1 NEW:9 YEAR:1 MANALO:1 MAY:9 AND:16 SARA:1 OPINYON:1 KALUSUGAN:1 KAGANDAHAN:1 KULTURA:1 TEKNOLOHIYA:1 PAGKAIN:1 KAINAN:1 PASYALAN:1 BAHAY:1 ESTILO:1 GALAW:1 MERKADO:1 LAGAY:1 PANAHON:1 RED:1 SPECIAL:3 ANG:13 TITULO:2 KAMPEON:1 MULA:1 FOURTH:1 TAONG:2 SEASON:1 UPANG:1 KORONA:2 ANIM:1 TAON:1 SWAK:1 PANLASA:1 HURADO:1 PEPE:1 DAHILAN:1 PARA:3 NAMAN:1 HABANG:2 NAKARAAN:1 UWI:1 NASA:1 LIKURAN:1 THE:35 ATENEO:1 ALASKA:1 AGAWAN:1 HOME:1 FOR:8 RIGHT:1 SPEED:2 YOU:4 MUST:1 ADDRESS:1 DILIMAN:1 ILANG:1 KABATAAN:1 MAGING:1 RESPONSABLE:1 MAS:1 MATIBAY:1 PAARALAN:1 ALERT:1 DESISYON:1 KASO:1 DATING:1 BIKTIMA:1 ALL:3 YOUR:4 OUR:3 ARE:7 NAME:4 DAYS:5 TRAFFIC:2 LAST:5 THERE:1 NOT:2 WAS:1 END:2 TEST:1 PAGE:2 GAT:1 TAG:1 SHOW:1 VIDEO:1 VIEW:1 DAY:1 ALSO:1 SEARCH:1 CLOSE:2
https://saksingayon.com/alaska-magnolia-agawan-sa-korona/	ALASKA:7 AGAWAN:2 KORONA:2 SAKSI:3 NGAYON:4 SEPTEMBER:19 NOON:2 POLICE:2 KONGRESO:2 BAKIT:2 WALA:2 NANG:4 MAKUHA:2 PROSEKUSYON:2 PATULOY:2 MINAHAN:2 MGA:3 GUWARDIYA:2 BUWANG:2 SAHOD:2 BALITA:2 METRO:1 PROBINSIYA:1 IBA:2 ISYU:1 NEW:9 YEAR:1 MANALO:1 MAY:10 AND:16 SARA:1 OPINYON:1 KALUSUGAN:1 KAGANDAHAN:1 KULTURA:1 TEKNOLOHIYA:1 PAGKAIN:1 KAINAN:1 PASYALAN:1 BAHAY:1 ESTILO:1 GALAW:1 MERKADO:1 LAGAY:1 PANAHON:1 RED:1 SPECIAL:3 HINDI:1 ANG:11 KONTRA:1 TAPUSIN:1 NILA:1 ITO:2 PAMAMAGITAN:1 KAGABI:1 DAHIL:1 PANALO:1 SERYE:1 PARA:3 RIN:1 PAGBABALIK:1 MATAPOS:1 TAON:1 KUNG:1 SAAN:1 SILA:1 RAIN:1 MAHABA:1 HABANG:1 PAGHAHANDA:1 BAGO:1 ONE:1 BEST:1 SEVEN:1 MALL:1 DAAN:1 WORLD:1 TRES:1 RUN:1 TROPA:1 COACH:1 FOURTH:1 UPANG:1 MULA:1 ALL:4 SIYAM:1 PUNTOS:1 ABANTE:1 SUMUNOD:1 PANIG:1 UMISKOR:1 ISKOR:1 BALIK:1 TRONO:1 THE:33 HOME:1 FOR:8 RIGHT:1 SPEED:2 YOU:4 MUST:1 ADDRESS:1 DILIMAN:1 ILANG:1 KABATAAN:1 MAGING:1 RESPONSABLE:1 MAS:1 MATIBAY:1 PAARALAN:1 ALERT:1 DESISYON:1 KASO:1 DATING:1 BIKTIMA:1 YOUR:4 OUR:3 ARE:7 NAME:4 DAYS:5 TRAFFIC:2 LAST:5 THERE:1 NOT:2 WAS:1 END:2 TEST:1 PAGE:2 GAT:1 TAG:1 SHOW:1 VIDEO:1 VIEW:1 DAY:1 ALSO:1 SEARCH:1 CLOSE:2
https://saksingayon.com/beautiful-boxers-rumampa-sa-picc/	SAKSI:3 NGAYON:4 SEPTEMBER:19 NOON:2 POLICE:2 KONGRESO:2 BAKIT:2 WALA:2 NANG:3 MAKUHA:2 PROSEKUSYON:2 PATULOY:2 MINAHAN:2 MGA:5 GUWARDIYA:2 BUWANG:2 SAHOD:2 BALITA:2 METRO:1 PROBINSIYA:1 IBA:2 ISYU:1 NEW:9 YEAR:1 MANALO:1 MAY:10 AND:17 SARA:1 OPINYON:1 KALUSUGAN:1 KAGANDAHAN:1 KULTURA:1 TEKNOLOHIYA:1 PAGKAIN:1 KAINAN:1 PASYALAN:1 BAHAY:1 ESTILO:1 GALAW:1 MERKADO:1 LAGAY:1 PANAHON:1 RED:1 SPECIAL:3 ANG:8 BAKLA:1 AKA:2 KASAMA:1 SIKAT:1 DUMALO:1 DALAWA:1 BOARD:1 PANGUNGUNA:1 GAYUNDIN:1 RING:1 ISANG:1 GAWAN:1 PELIKULA:2 BUHAY:1 PAMAGAT:1 KAHIRAPAN:1 MULA:1 PAGKABATA:1 MAGING:2 TUNAY:1 BABAE:1 MATAPOS:1 MAG:1 PANGARAP:1 ISA:1 SIYA:1 ALASKA:1 AGAWAN:1 KORONA:1 THE:33 HOME:1 FOR:8 RIGHT:1 SPEED:2 PARA:2 YOU:4 MUST:1 ADDRESS:1 DILIMAN:1 ILANG:1 KABATAAN:1 RESPONSABLE:1 MAS:1 MATIBAY:1 PAARALAN:1 ALERT:1 DESISYON:1 KASO:1 DATING:1 BIKTIMA:1 ALL:3 YOUR:4 OUR:3 ARE:7 NAME:4 DAYS:5 TRAFFIC:2 LAST:5 THERE:1 NOT:2 WAS:1 END:2 TEST:1 PAGE:2 GAT:1 TAG:1 SHOW:1 VIDEO:1 VIEW:1 DAY:1 ALSO:1 SEARCH:1 CLOSE:2
https://saksingayon.com/pp-45-pinoy-vs-mexican-ghanaian-boxers-sa-sabado/	SAKSI:3 NGAYON:4 SEPTEMBER:19 NOON:2 POLICE:2 KONGRESO:2 BAKIT:2 WALA:2 NANG:2 MAKUHA:2 PROSEKUSYON:2 PATULOY:2 MINAHAN:2 MGA:4 GUWARDIYA:2 BUWANG:2 SAHOD:2 BALITA:2 METRO:1 PROBINSIYA:1 IBA:2 ISYU:1 NEW:9 YEAR:1 MANALO:1 MAY:9 AND:16 SARA:1 OPINYON:1 KALUSUGAN:1 KAGANDAHAN:1 KULTURA:1 TEKNOLOHIYA:1 PAGKAIN:1 KAINAN:1 PASYALAN:1 BAHAY:1 ESTILO:1 GALAW:1 MERKADO:1 LAGAY:1 PANAHON:1 RED:1 SPECIAL:3 DUMATING:1 LUNES:1 ANG:8 ISANG:1 UPANG:1 HANDOG:1 ALA:1 PARA:4 HABANG:3 NAMAN:3 KAY:4 DARATING:2 DALAWA:1 SINA:1 ALAS:3 DOS:1 HAPON:1 AGAWIN:1 UMAGA:2 KASAMA:1 DIN:1 WORLD:2 SULTAN:1 LABAN:1 TWO:1 MARK:1 SIMULA:1 ONSE:1 THE:33 HOME:1 FOR:8 RIGHT:1 SPEED:2 YOU:4 MUST:1 ADDRESS:1 DILIMAN:1 ILANG:1 KABATAAN:1 MAGING:1 RESPONSABLE:1 MAS:1 MATIBAY:1 PAARALAN:1 ALERT:1 DESISYON:1 KASO:1 DATING:1 BIKTIMA:1 ALL:3 YOUR:4 OUR:3 ARE:7 NAME:4 DAYS:5 TRAFFIC:2 LAST:5 THERE:1 NOT:2 WAS:1 END:2 TEST:1 PAGE:2 GAT:1 TAG:1 SHOW:1 VIDEO:1 VIEW:1 DAY:1 ALSO:1 SEARCH:1 CLOSE:2
https://saksingayon.com/pacquiao-sa-us-magpapasko/	SAKSI:3 NGAYON:4 SEPTEMBER:19 NOON:2 POLICE:2 KONGRESO:2 BAKIT:2 WALA:2 NANG:3 MAKUHA:2 PROSEKUSYON:2 PATULOY:2 MINAHAN:2 MGA:3 GUWARDIYA:2 BUWANG:2 SAHOD:2 BALITA:2 METRO:1 PROBINSIYA:1 IBA:2 ISYU:1 NEW:10 YEAR:1 MANALO:1 MAY:9 AND:16 SARA:1 OPINYON:1 KALUSUGAN:1 KAGANDAHAN:1 KULTURA:1 TEKNOLOHIYA:1 PAGKAIN:1 KAINAN:1 PASYALAN:1 BAHAY:1 ESTILO:1 GALAW:1 MERKADO:1 LAGAY:1 PANAHON:1 RED:1 SPECIAL:3 KUNG:2 MAGIGING:1 PAGBABAGO:1 MAGDIWANG:2 PASKO:1 MAGING:2 TAON:1 EIGHT:1 WORLD:1 LUMIPAD:1 KASAMA:1 ANG:4 MISIS:1 ILANG:2 MIYEMBRO:1 UPANG:1 DUMALO:1 TWO:1 PARA:3 LABAN:1 NILA:1 LAS:1 AYON:1 KAY:1 BUBOY:1 AGAD:1 MATAPOS:1 PAGHAHANDA:1 ENSAYO:1 HANGGANG:1 SAAN:1 BAWAS:1 PRESYO:1 LANGIS:1 LINGGO:1 THE:33 HOME:1 FOR:8 RIGHT:1 SPEED:2 YOU:4 MUST:1 ADDRESS:1 DILIMAN:1 KABATAAN:1 RESPONSABLE:1 MAS:1 MATIBAY:1 PAARALAN:1 ALERT:1 DESISYON:1 KASO:1 DATING:1 BIKTIMA:1 ALL:3 YOUR:4 OUR:3 ARE:7 NAME:4 DAYS:5 TRAFFIC:2 LAST:5 THERE:1 NOT:2 WAS:1 END:2 TEST:1 PAGE:2 GAT:1 TAG:1 SHOW:1 VIDEO:1 VIEW:1 DAY:1 ALSO:1 SEARCH:1 CLOSE:2
https://saksingayon.com/malaking-bawas-sa-presyo-ng-langis-ngayong-linggo/	BAWAS:2 PRESYO:6 LANGIS:4 LINGGO:2 SAKSI:3 NGAYON:4 SEPTEMBER:19 NOON:2 POLICE:2 KONGRESO:2 BAKIT:2 WALA:2 NANG:3 MAKUHA:2 PROSEKUSYON:2 PATULOY:2 MINAHAN:2 MGA:5 GUWARDIYA:2 BUWANG:2 SAHOD:2 BALITA:2 METRO:2 PROBINSIYA:1 IBA:2 ISYU:1 NEW:8 YEAR:1 MANALO:1 MAY:10 AND:16 SARA:1 OPINYON:1 KALUSUGAN:1 KAGANDAHAN:1 KULTURA:1 TEKNOLOHIYA:1 PAGKAIN:1 KAINAN:1 PASYALAN:1 BAHAY:1 ESTILO:1 GALAW:5 MERKADO:5 LAGAY:1 PANAHON:1 RED:1 SPECIAL:1 BUMABA:1 MALAKI:1 ANG:6 PETROLYO:2 ITO:1 AYON:1 RIN:1 PAHAYAG:1 KUMPANYA:1 BAWAT:3 LITRO:3 NAMAN:2 GASOLINA:1 SENTIMOS:1 TAPYAS:1 PROBINSYA:1 KAY:1 KOMUNIDAD:2 TUMANGGAP:1 MULA:1 TAON:1 MANILA:1 BREAK:3 HOME:3 BEST:1 PARA:2 OIL:1 YOU:4 MUST:1 ADDRESS:1 DILIMAN:1 ILANG:1 KABATAAN:1 MAGING:1 RESPONSABLE:1 MAS:1 MATIBAY:1 PAARALAN:1 ALERT:1 DESISYON:1 KASO:1 DATING:1 BIKTIMA:1 ALL:3 YOUR:4 OUR:3 ARE:7 FOR:7 THE:29 NAME:4 DAYS:5 TRAFFIC:2 LAST:5 THERE:1 NOT:2 WAS:1 END:2 TEST:1 PAGE:2 GAT:1 TAG:1 SHOW:1 VIDEO:1 VIEW:1 DAY:1 ALSO:1 SEARCH:1 CLOSE:2
https://saksingayon.com/presyo-ng-bilihin-sisirit-pa/	PRESYO:5 SAKSI:3 NGAYON:5 SEPTEMBER:19 NOON:2 POLICE:2 KONGRESO:2 BAKIT:2 WALA:2 NANG:2 MAKUHA:2 PROSEKUSYON:2 PATULOY:2 MINAHAN:2 MGA:17 GUWARDIYA:2 BUWANG:2 SAHOD:2 BALITA:2 METRO:2 PROBINSIYA:1 IBA:2 ISYU:1 NEW:8 YEAR:1 MANALO:1 MAY:11 AND:17 SARA:1 OPINYON:1 KALUSUGAN:1 KAGANDAHAN:1 KULTURA:1 TEKNOLOHIYA:1 PAGKAIN:1 KAINAN:1 PASYALAN:1 BAHAY:1 ESTILO:1 GALAW:5 MERKADO:5 LAGAY:1 PANAHON:2 RED:1 SPECIAL:1 PROBLEMA:1 SUPPLY:1 ANG:15 TIYAK:1 DAHIL:2 TIGIL:2 BIYAHE:2 ITO:1 KUNG:3 SAAN:2 MAAARI:1 UMANO:3 LALO:1 SEASON:1 KAILAN:1 ILANG:3 PRODUKTO:2 LANG:1 ARI:1 NEGOSYO:1 SIMULA:1 LUNES:1 BILANG:1 PROTESTA:1 LAMAN:1 MAGING:2 PALITAN:1 AYON:1 NAMAN:2 KAY:1 PANGULO:1 HALIP:1 ORAS:1 LABAS:1 SILANG:1 MUNA:1 KAPAG:1 NAGKATAON:1 BABALA:1 HINDI:3 HALOS:1 LABIS:1 LAMANG:1 DALOY:1 TRAPIKO:1 HANGGANG:1 KUNDI:1 NAGING:1 SANHI:1 RIN:1 OPISYAL:1 PANITIKAN:1 KOMUNIDAD:2 TUMANGGAP:1 MULA:1 TAON:1 MANILA:1 BREAK:3 HOME:3 BEST:1 PARA:2 OIL:1 PETROLYO:1 YOU:4 MUST:1 ADDRESS:1 DILIMAN:1 KABATAAN:1 RESPONSABLE:1 MAS:1 MATIBAY:1 PAARALAN:1 ALERT:1 DESISYON:1 KASO:1 DATING:1 BIKTIMA:1 ALL:3 YOUR:4 OUR:3 ARE:7 FOR:7 THE:29 NAME:4 DAYS:5 TRAFFIC:2 LAST:5 THERE:1 NOT:2 WAS:1 END:2 TEST:1 PAGE:2 GAT:1 TAG:1 SHOW:1 VIDEO:1 VIEW:1 DAY:1 ALSO:1 SEARCH:1 CLOSE:2
https://saksingayon.com/4-probinsya-signal-no-1-kay-samuel/	PROBINSYA:3 KAY:2 SAKSI:3 NGAYON:4 SEPTEMBER:19 NOON:2 POLICE:4 KONGRESO:2 BAKIT:2 WALA:2 NANG:3 MAKUHA:2 PROSEKUSYON:2 PATULOY:4 MINAHAN:3 MGA:7 GUWARDIYA:3 BUWANG:4 SAHOD:3 BALITA:5 METRO:1 PROBINSIYA:5 IBA:2 ISYU:1 NEW:8 YEAR:1 MANALO:1 MAY:11 AND:16 SARA:1 OPINYON:1 KALUSUGAN:1 KAGANDAHAN:1 KULTURA:1 TEKNOLOHIYA:1 PAGKAIN:1 KAINAN:1 PASYALAN:1 BAHAY:1 ESTILO:1 GALAW:1 MERKADO:1 LAGAY:1 PANAHON:2 RED:1 SPECIAL:1 APAT:1 LALAWIGAN:2 ANG:10 DAHIL:1 BANSA:1 AYON:1 NASA:3 ILALIM:1 NORTE:2 SUR:2 RIN:1 LUGAR:1 SENTRO:1 SAMA:1 SILANGAN:1 TIMOG:1 BAHAGI:1 TAGLAY:1 LAKAS:1 NAMAN:1 ITO:2 KANLURAN:1 BILIS:1 TATAMA:1 KALUPAAN:1 GABI:1 SAMANTALA:1 DIN:1 RESIDENTE:1 DULOT:1 HANGGANG:1 MALAKAS:1 BUHOS:1 ULAN:1 MAGING:4 DAHILAN:1 LUPA:1 BAWAS:1 PRESYO:1 LANGIS:1 LINGGO:1 PUWERSA:1 ILANG:3 KABATAAN:2 RESPONSABLE:3 PAMUNUAN:1 PUBLIKO:1 PAGGAMIT:1 GRUPO:1 YOU:4 MUST:1 ADDRESS:2 DILIMAN:2 PARA:1 MAS:1 MATIBAY:1 PAARALAN:1 ALERT:1 DESISYON:1 KASO:1 DATING:1 BIKTIMA:1 ALL:3 YOUR:4 OUR:3 ARE:7 FOR:7 THE:29 NAME:4 DAYS:5 TRAFFIC:2 LAST:5 THERE:1 NOT:2 WAS:1 END:2 TEST:1 PAGE:2 GAT:1 TAG:1 SHOW:1 VIDEO:1 VIEW:1 DAY:1 ALSO:1 SEARCH:1 CLOSE:2
https://saksingayon.com/kainuman-pinugutan/	SAKSI:3 NGAYON:5 SEPTEMBER:19 NOON:2 POLICE:4 KONGRESO:2 BAKIT:2 WALA:2 NANG:2 MAKUHA:2 PROSEKUSYON:2 PATULOY:4 MINAHAN:3 MGA:6 GUWARDIYA:3 BUWANG:4 SAHOD:3 BALITA:5 METRO:1 PROBINSIYA:5 IBA:2 ISYU:1 NEW:8 YEAR:1 MANALO:1 MAY:9 AND:16 SARA:1 OPINYON:1 KALUSUGAN:1 KAGANDAHAN:1 KULTURA:1 TEKNOLOHIYA:1 PAGKAIN:1 KAINAN:1 PASYALAN:1 BAHAY:2 ESTILO:1 GALAW:1 MERKADO:1 LAGAY:1 PANAHON:1 RED:1 SPECIAL:1 HANGGANG:4 ANG:16 ULO:2 ISANG:1 MISTER:1 INUMAN:1 KAHAPON:1 BIKTIMA:6 NASA:1 GULANG:1 HABANG:1 SUSPEK:5 KAPWA:1 TAGA:1 BAGO:1 INSIDENTE:1 NGUNIT:1 ILANG:4 ORAS:1 ITO:2 UPANG:1 UMUWI:1 MATULOG:1 SUBALIT:1 SIYA:2 NAGING:1 DAHILAN:1 KAMATAYAN:1 AYON:1 MISIS:2 YABAG:1 KAYA:2 NITO:2 KUNG:1 SINO:1 PUMASOK:1 ASAWA:1 MABILIS:2 TULONG:1 HIMPILAN:1 PULISYA:1 MURDER:1 PROBINSYA:1 KAY:1 MAYOR:1 PUWERSA:1 KABATAAN:2 MAGING:3 RESPONSABLE:3 PAMUNUAN:1 PUBLIKO:1 PAGGAMIT:1 GRUPO:1 YOU:4 MUST:1 ADDRESS:2 DILIMAN:2 PARA:1 MAS:1 MATIBAY:1 PAARALAN:1 ALERT:1 DESISYON:1 KASO:1 DATING:1 ALL:3 YOUR:4 OUR:3 ARE:7 FOR:7 THE:29 NAME:4 DAYS:5 TRAFFIC:2 LAST:5 THERE:1 NOT:2 WAS:1 END:2 TEST:1 PAGE:2 GAT:1 TAG:1 SHOW:1 VIDEO:1 VIEW:1 DAY:1 ALSO:1 SEARCH:1 CLOSE:2
https://saksingayon.com/kandidatong-mayor-nakaligtas-sa-ambush/	MAYOR:3 SAKSI:3 NGAYON:4 SEPTEMBER:19 NOON:2 POLICE:4 KONGRESO:2 BAKIT:2 WALA:2 NANG:2 MAKUHA:2 PROSEKUSYON:2 PATULOY:5 MINAHAN:3 MGA:7 GUWARDIYA:3 BUWANG:4 SAHOD:3 BALITA:5 METRO:1 PROBINSIYA:5 IBA:2 ISYU:1 NEW:8 YEAR:1 MANALO:1 MAY:9 AND:16 SARA:1 OPINYON:1 KALUSUGAN:1 KAGANDAHAN:1 KULTURA:1 TEKNOLOHIYA:1 PAGKAIN:1 KAINAN:1 PASYALAN:1 BAHAY:1 ESTILO:1 GALAW:1 MERKADO:1 LAGAY:1 PANAHON:1 RED:1 SPECIAL:1 MULA:1 TIYAK:1 KAMATAYAN:1 ANG:11 ISANG:2 KANDIDATO:1 PAGKA:1 MATAPOS:2 ITO:1 BALA:3 BAYAN:1 KAHAPON:1 DAMI:1 BIKTIMA:2 DELA:1 RESIDENTE:1 BARANGAY:1 LAMANG:1 TUMAMA:1 KAMAY:1 HINDI:1 PAGKAKAKILANLAN:1 SUSPEK:1 AGAD:1 TUMAKAS:1 PAMAMARIL:1 NANGYARI:1 KRIMEN:2 SAN:1 LUNGSOD:1 POLITIKA:1 ISA:1 MOTIBO:1 AWTORIDAD:1 HABANG:1 IMBESTIGASYON:1 BRASO:1 PUTOL:1 PUWERSA:1 ILANG:3 KABATAAN:2 MAGING:3 RESPONSABLE:3 PAMUNUAN:1 PUBLIKO:1 PAGGAMIT:1 GRUPO:1 YOU:4 MUST:1 ADDRESS:2 DILIMAN:2 PARA:1 MAS:1 MATIBAY:1 PAARALAN:1 ALERT:1 DESISYON:1 KASO:1 DATING:1 ALL:3 YOUR:4 OUR:3 ARE:7 FOR:7 THE:29 NAME:4 DAYS:5 TRAFFIC:2 LAST:5 THERE:1 NOT:2 WAS:1 END:2 TEST:1 PAGE:2 GAT:1 TAG:1 SHOW:1 VIDEO:1 VIEW:1 DAY:1 ALSO:1 SEARCH:1 CLOSE:2
https://saksingayon.com/braso-putol-sa-gitgitan/	BRASO:3 PUTOL:3 SAKSI:3 NGAYON:4 SEPTEMBER:19 NOON:2 POLICE:2 KONGRESO:2 BAKIT:2 WALA:2 NANG:6 MAKUHA:2 PROSEKUSYON:2 PATULOY:3 MINAHAN:2 MGA:2 GUWARDIYA:2 BUWANG:2 SAHOD:2 BALITA:5 METRO:5 PROBINSIYA:1 IBA:2 ISYU:1 NEW:8 YEAR:1 MANALO:1 MAY:10 AND:17 SARA:1 OPINYON:1 KALUSUGAN:1 KAGANDAHAN:1 KULTURA:1 TEKNOLOHIYA:1 PAGKAIN:1 KAINAN:1 PASYALAN:1 BAHAY:1 ESTILO:1 GALAW:1 MERKADO:1 LAGAY:1 PANAHON:1 RED:1 SPECIAL:1 ANG:15 ISANG:2 LALAKI:2 MATAPOS:1 BUS:8 ISA:2 LUNGSOD:1 LUNAS:2 PAGAMUTAN:1 HINDI:3 AYON:1 IMPORMASYON:1 MULA:1 TRAFFIC:3 NANGYARI:2 INSIDENTE:1 ALAS:1 UMAGA:1 KANINA:1 BAHAGI:1 KAMUNING:1 KUWENTO:1 BIKTIMA:6 MAKATULOG:1 ITO:1 BIYAHE:1 KAYA:1 KAMAY:1 LABAS:1 KAMALASAN:1 AKSIDENTE:1 MABILIS:1 NAMAN:1 RESCUE:1 DEPENSA:1 UMANO:1 LAHAT:1 PANANAGUTAN:1 DAHIL:1 KAPABAYAAN:1 DIN:1 NITO:1 MAYOR:1 OPEN:1 KAMPEON:1 DATING:3 DESISYON:3 KASO:2 ONE:1 BALIGTARIN:1 YOU:4 MUST:1 ADDRESS:2 DILIMAN:2 ILANG:1 KABATAAN:1 MAGING:1 RESPONSABLE:1 PARA:1 MAS:1 MATIBAY:1 PAARALAN:1 ALERT:1 ALL:3 YOUR:4 OUR:3 ARE:7 FOR:7 THE:29 NAME:4 DAYS:5 LAST:5 THERE:1 NOT:2 WAS:1 END:2 TEST:1 PAGE:2 GAT:1 TAG:1 SHOW:1 VIDEO:1 VIEW:1 DAY:1 ALSO:1 SEARCH:1 CLOSE:2
https://saksingayon.com/pca-open-12-and-under-event-nuguit-emana-kampeon/	OPEN:5 AND:22 KAMPEON:2 SAKSI:3 NGAYON:4 SEPTEMBER:19 NOON:2 POLICE:2 KONGRESO:2 BAKIT:2 WALA:2 NANG:8 MAKUHA:2 PROSEKUSYON:2 PATULOY:2 MINAHAN:2 MGA:3 GUWARDIYA:2 BUWANG:2 SAHOD:2 BALITA:2 METRO:1 PROBINSIYA:1 IBA:3 ISYU:1 NEW:9 YEAR:1 MANALO:1 MAY:9 SARA:1 OPINYON:1 KALUSUGAN:1 KAGANDAHAN:1 KULTURA:1 TEKNOLOHIYA:1 PAGKAIN:1 KAINAN:1 PASYALAN:1 BAHAY:1 ESTILO:1 GALAW:1 MERKADO:1 LAGAY:1 PANAHON:1 RED:1 SPECIAL:3 ANG:10 FIRST:1 LABAN:2 KAY:1 LINGGO:1 NAMAN:1 MESA:1 SECOND:1 ROUND:1 TALUNIN:2 BANDA:1 TOP:1 LISTAHAN:1 TITULO:1 TAON:1 KINAHAPUNAN:1 KUYA:1 NILA:1 TAMBALAN:1 NINA:1 PARA:3 BRASO:1 PUTOL:1 HANDA:1 KORONA:1 THE:33 HOME:1 FOR:8 RIGHT:1 SPEED:2 YOU:4 MUST:1 ADDRESS:1 DILIMAN:1 ILANG:1 KABATAAN:1 MAGING:1 RESPONSABLE:1 MAS:1 MATIBAY:1 PAARALAN:1 ALERT:1 DESISYON:1 KASO:1 DATING:1 BIKTIMA:1 ALL:3 YOUR:4 OUR:3 ARE:7 NAME:4 DAYS:5 TRAFFIC:2 LAST:5 THERE:1 NOT:2 WAS:1 END:2 TEST:1 PAGE:2 GAT:1 TAG:1 SHOW:1 VIDEO:1 VIEW:1 DAY:1 ALSO:1 SEARCH:1 CLOSE:2
https://saksingayon.com/miss-universe-handa-nang-ipasa-ang-korona/	HANDA:2 NANG:6 ANG:10 KORONA:3 SAKSI:3 NGAYON:4 SEPTEMBER:19 NOON:2 POLICE:2 KONGRESO:2 BAKIT:2 WALA:3 MAKUHA:2 PROSEKUSYON:2 PATULOY:2 MINAHAN:2 MGA:4 GUWARDIYA:2 BUWANG:2 SAHOD:2 BALITA:2 METRO:1 PROBINSIYA:1 IBA:2 ISYU:1 NEW:9 YEAR:3 MANALO:1 MAY:11 AND:20 SARA:1 OPINYON:1 KALUSUGAN:1 KAGANDAHAN:1 KULTURA:1 TEKNOLOHIYA:1 PAGKAIN:1 KAINAN:1 PASYALAN:1 BAHAY:1 ESTILO:1 GALAW:1 MERKADO:1 LAGAY:1 PANAHON:1 RED:1 SPECIAL:1 DARATING:1 MULA:1 SUSUNOD:3 SABI:3 SIYA:2 MALAPIT:1 PUSO:1 NIYA:6 HABANG:1 ARAW:1 IYON:1 BEEN:2 LOVE:3 INTERVIEW:1 PAGE:3 SIX:1 JUST:1 THE:31 MUCH:1 SUPPORT:1 CAN:1 DAGDAG:1 MAM:1 TAO:1 PERO:1 ALSO:3 FORWARD:1 ONE:1 PART:1 FOR:8 TAON:1 BASE:1 PASUKIN:1 FULL:1 IHO:1 NINA:1 OPEN:1 KAMPEON:1 ALL:4 DATING:2 DIREK:1 DUMALO:1 KAMI:1 BREAK:2 HINDI:1 RIN:1 INA:1 NAGING:1 MAILAP:1 SUMAGOT:1 LEON:1 BATANG:1 ITO:1 TUNGKOL:1 PAMBANSA:2 PROJECT:1 HANGGANG:1 YOU:4 MUST:1 ADDRESS:1 DILIMAN:1 ILANG:1 KABATAAN:1 MAGING:1 RESPONSABLE:1 PARA:1 MAS:1 MATIBAY:1 PAARALAN:1 ALERT:1 DESISYON:1 KASO:1 BIKTIMA:1 YOUR:4 OUR:3 ARE:7 NAME:4 DAYS:5 TRAFFIC:2 LAST:5 THERE:1 NOT:2 WAS:1 END:2 TEST:1 GAT:1 TAG:1 SHOW:1 VIDEO:1 VIEW:1 DAY:1 SEARCH:1 CLOSE:2
https://saksingayon.com/bohemian-rhapsody-shoots-to-no-2-on-all-time-music-biopic-chart/	ALL:5 SAKSI:3 NGAYON:6 SEPTEMBER:19 NOON:2 POLICE:2 KONGRESO:2 BAKIT:2 WALA:3 NANG:6 MAKUHA:2 PROSEKUSYON:2 PATULOY:2 MINAHAN:2 MGA:2 GUWARDIYA:2 BUWANG:2 SAHOD:2 BALITA:2 METRO:1 PROBINSIYA:1 IBA:2 ISYU:1 NEW:8 YEAR:1 MANALO:1 MAY:11 AND:16 SARA:1 OPINYON:1 KALUSUGAN:1 KAGANDAHAN:1 KULTURA:1 TEKNOLOHIYA:1 PAGKAIN:1 KAINAN:1 PASYALAN:1 BAHAY:1 ESTILO:1 GALAW:1 MERKADO:1 LAGAY:1 PANAHON:1 RED:1 SPECIAL:1 HINDI:2 NGA:1 ANG:20 HIT:1 TUNGKOL:2 DITO:2 SAAN:1 MANG:1 DAKO:1 MUNDO:2 PATOK:1 ITO:5 KAYA:1 NAMAN:2 AGAD:1 SIYA:1 BILANG:1 THIRD:1 USA:1 PALANG:1 MULA:1 MAG:1 DAHIL:2 TWO:1 ONE:1 RIN:3 LANG:1 THE:32 KUNG:1 NITO:4 MAS:2 BALE:2 KABUUAN:1 DIN:1 KASIKATAN:1 PELIKULA:1 BUMALIK:1 HOT:1 NOW:1 PATI:1 PARA:2 ALBUM:2 BANDA:1 HANDA:1 KORONA:1 PEPE:1 TAKOT:1 SINA:1 SHARON:1 GOMA:1 DATING:2 DIREK:1 DUMALO:1 KAMI:1 BREAK:2 INA:1 NAGING:1 MAILAP:1 SUMAGOT:1 LEON:1 BATANG:1 PAMBANSA:2 PROJECT:1 HANGGANG:1 YOU:4 MUST:1 ADDRESS:1 DILIMAN:1 ILANG:1 KABATAAN:1 MAGING:1 RESPONSABLE:1 MATIBAY:1 PAARALAN:1 ALERT:1 DESISYON:1 KASO:1 BIKTIMA:1 YOUR:4 OUR:3 ARE:7 FOR:7 NAME:4 DAYS:5 TRAFFIC:2 LAST:5 THERE:1 NOT:2 WAS:1 END:2 TEST:1 PAGE:2 GAT:1 TAG:1 SHOW:1 VIDEO:1 VIEW:1 DAY:1 ALSO:1 SEARCH:1 CLOSE:2
https://saksingayon.com/58-timbog-sa-oplan-rody/	TIMBOG:3 OPLAN:4 SAKSI:3 NGAYON:4 SEPTEMBER:19 NOON:2 POLICE:4 KONGRESO:2 BAKIT:2 WALA:2 NANG:2 MAKUHA:2 PROSEKUSYON:2 PATULOY:4 MINAHAN:3 MGA:7 GUWARDIYA:3 BUWANG:4 SAHOD:3 BALITA:5 METRO:1 PROBINSIYA:5 IBA:4 ISYU:1 NEW:8 YEAR:1 MANALO:1 MAY:9 AND:16 SARA:1 OPINYON:1 KALUSUGAN:1 KAGANDAHAN:1 KULTURA:1 TEKNOLOHIYA:1 PAGKAIN:1 KAINAN:1 PASYALAN:1 BAHAY:2 ESTILO:1 GALAW:1 MERKADO:1 LAGAY:1 PANAHON:1 RED:1 SPECIAL:1 ARESTADO:1 ANG:14 KATAO:1 MATAPOS:4 SERYE:1 OPERASYON:2 PULISYA:1 BILANG:2 BAHAGI:1 MULA:2 MAGDAMAG:1 LALAWIGAN:1 TANGGAPAN:1 DITO:3 PAWANG:1 MENOR:1 EDAD:1 LUMABAG:3 HABANG:2 NAMAN:2 INUMAN:2 BAWAL:1 LUGAR:1 KUNG:1 SAAN:1 SAPLOT:1 ITAAS:1 TATLO:1 BAN:1 APAT:1 ORDINANSA:1 SIYUDAD:1 BAYAN:1 BULAKAN:1 BALAGTAS:1 SAN:1 BALIWAG:1 AGAD:1 RIN:1 KUSTODIYA:1 BARANGAY:1 DALAWA:1 DAHIL:1 PUBLIKO:2 UKOL:1 GAWAIN:1 TULAD:1 ORAS:1 GABI:1 PAGLABAG:1 BATAS:1 PUWERSA:1 ILANG:3 KABATAAN:2 MAGING:3 RESPONSABLE:3 PAMUNUAN:1 PAGGAMIT:1 GRUPO:1 YOU:4 MUST:1 ADDRESS:2 DILIMAN:2 PARA:1 MAS:1 MATIBAY:1 PAARALAN:1 ALERT:1 DESISYON:1 KASO:1 DATING:1 BIKTIMA:1 ALL:3 YOUR:4 OUR:3 ARE:7 FOR:7 THE:29 NAME:4 DAYS:5 TRAFFIC:2 LAST:5 THERE:1 NOT:2 WAS:1 END:2 TEST:1 PAGE:2 GAT:1 TAG:1 SHOW:1 VIDEO:1 VIEW:1 DAY:1 ALSO:1 SEARCH:1 CLOSE:2
https://saksingayon.com/pinoy-cyclists-sasabak-sa-pruride-19/	SAKSI:3 NGAYON:4 SEPTEMBER:19 NOON:2 POLICE:2 KONGRESO:2 BAKIT:2 WALA:2 NANG:2 MAKUHA:2 PROSEKUSYON:2 PATULOY:2 MINAHAN:2 MGA:7 GUWARDIYA:2 BUWANG:2 SAHOD:2 BALITA:2 METRO:1 PROBINSIYA:1 IBA:2 ISYU:1 NEW:9 YEAR:1 MANALO:1 MAY:11 AND:16 SARA:1 OPINYON:1 KALUSUGAN:1 KAGANDAHAN:1 KULTURA:1 TEKNOLOHIYA:1 PAGKAIN:1 KAINAN:1 PASYALAN:1 BAHAY:1 ESTILO:1 GALAW:1 MERKADO:1 LAGAY:1 PANAHON:1 RED:1 SPECIAL:3 ANG:11 PILING:2 SIKLISTA:2 BANSA:2 PARA:4 KUNG:3 SAAN:3 TAMPOK:2 LALABAN:1 NITO:1 SECOND:1 HANGGANG:2 TOP:1 KARATIG:1 PAGKILALA:1 BUHAT:1 TAONG:1 KASALUKUYAN:1 TIMBOG:1 OPLAN:1 THE:33 HOME:1 FOR:8 RIGHT:1 SPEED:2 YOU:4 MUST:1 ADDRESS:1 DILIMAN:1 ILANG:1 KABATAAN:1 MAGING:1 RESPONSABLE:1 MAS:1 MATIBAY:1 PAARALAN:1 ALERT:1 DESISYON:1 KASO:1 DATING:1 BIKTIMA:1 ALL:3 YOUR:4 OUR:3 ARE:7 NAME:4 DAYS:5 TRAFFIC:2 LAST:5 THERE:1 NOT:2 WAS:1 END:2 TEST:1 PAGE:2 GAT:1 TAG:1 SHOW:1 VIDEO:1 VIEW:1 DAY:1 ALSO:1 SEARCH:1 CLOSE:2
https://saksingayon.com/uaap-mvp-titles-sa-foreign-players/	SAKSI:3 NGAYON:4 SEPTEMBER:19 NOON:2 POLICE:2 KONGRESO:2 BAKIT:2 WALA:2 NANG:3 MAKUHA:2 PROSEKUSYON:2 PATULOY:2 MINAHAN:2 MGA:3 GUWARDIYA:2 BUWANG:2 SAHOD:2 BALITA:2 METRO:1 PROBINSIYA:1 IBA:2 ISYU:1 NEW:9 YEAR:2 MANALO:1 MAY:9 AND:16 SARA:1 OPINYON:1 KALUSUGAN:1 KAGANDAHAN:1 KULTURA:1 TEKNOLOHIYA:1 PAGKAIN:1 KAINAN:1 PASYALAN:1 BAHAY:1 ESTILO:1 GALAW:1 MERKADO:1 LAGAY:1 PANAHON:1 RED:1 SPECIAL:3 DAYUHAN:1 ANG:10 SEASON:2 BRIGHT:1 NAGING:1 MULA:2 THE:35 SAPUL:1 AWARD:2 TAON:2 KUNG:1 SAAN:1 KAMPEONATO:1 HABANG:1 PARA:3 MAGING:2 NITO:1 LOOB:1 INAKAY:1 DATING:2 PAGKAKATAON:1 BILANG:1 TANGANG:1 TOTAL:1 MATAPOS:1 MAG:1 AVERAGE:1 NASA:1 POSISYON:1 ANGELO:1 ATENEO:1 BAGAMAT:1 HINDI:1 BUNGA:1 RULE:1 SIYA:1 NAMAN:1 KASAMA:1 SINA:1 BIG:1 MAN:1 UPANG:1 TULUNGAN:1 FOURTH:1 KONTRA:1 TULAK:1 HOME:1 FOR:8 RIGHT:1 SPEED:2 YOU:4 MUST:1 ADDRESS:1 DILIMAN:1 ILANG:1 KABATAAN:1 RESPONSABLE:1 MAS:1 MATIBAY:1 PAARALAN:1 ALERT:1 DESISYON:1 KASO:1 BIKTIMA:1 ALL:3 YOUR:4 OUR:3 ARE:7 NAME:4 DAYS:5 TRAFFIC:2 LAST:5 THERE:1 NOT:2 WAS:1 END:2 TEST:1 PAGE:2 GAT:1 TAG:1 SHOW:1 VIDEO:1 VIEW:1 DAY:1 ALSO:1 SEARCH:1 CLOSE:2
https://saksingayon.com/2-puganteng-koreano-timbog/	TIMBOG:3 SAKSI:3 NGAYON:4 SEPTEMBER:19 NOON:2 POLICE:2 KONGRESO:2 BAKIT:2 WALA:2 NANG:2 MAKUHA:2 PROSEKUSYON:2 PATULOY:2 MINAHAN:2 MGA:13 GUWARDIYA:2 BUWANG:2 SAHOD:2 BALITA:5 METRO:5 PROBINSIYA:1 IBA:2 ISYU:1 NEW:8 YEAR:1 MANALO:1 MAY:9 AND:16 SARA:1 OPINYON:1 KALUSUGAN:1 KAGANDAHAN:1 KULTURA:1 TEKNOLOHIYA:1 PAGKAIN:1 KAINAN:1 PASYALAN:1 BAHAY:1 ESTILO:1 GALAW:1 MERKADO:1 LAGAY:1 PANAHON:1 RED:1 SPECIAL:1 TAUHAN:1 ANG:13 LUGAR:2 DAHIL:1 SUSPEK:6 SINA:1 ANYOS:1 LOOB:1 OPERATIBA:1 AYON:1 IMPORMASYON:1 TUMAKAS:1 UPANG:1 MAGTAGO:1 PARA:2 MAKA:1 IWAS:1 KANILA:1 KOREA:1 DALAWA:1 DITO:1 MANILA:1 KAY:1 ITO:3 KUNG:1 SAAN:1 UMANO:1 MODUS:1 PAROKYANO:1 PERA:1 BAGO:1 TRANSAKSIYON:1 IPA:1 RIN:1 THE:30 BEST:1 VERSION:1 OPLAN:1 DATING:3 DESISYON:3 KASO:2 ONE:1 BALIGTARIN:1 BIKTIMA:3 ISANG:1 YOU:4 MUST:1 ADDRESS:2 DILIMAN:2 ILANG:1 KABATAAN:1 MAGING:1 RESPONSABLE:1 MAS:1 MATIBAY:1 PAARALAN:1 ALERT:1 ALL:3 YOUR:4 OUR:3 ARE:7 FOR:7 NAME:4 DAYS:5 TRAFFIC:2 LAST:5 THERE:1 NOT:2 WAS:1 END:2 TEST:1 PAGE:2 GAT:1 TAG:1 SHOW:1 VIDEO:1 VIEW:1 DAY:1 ALSO:1 SEARCH:1 CLOSE:2
https://saksingayon.com/kc-concepcions-bf-makes-her-want-to-be-the-best-version-of-herself/	THE:35 BEST:4 VERSION:3 SAKSI:3 NGAYON:4 SEPTEMBER:19 NOON:2 POLICE:2 KONGRESO:2 BAKIT:2 WALA:3 NANG:4 MAKUHA:2 PROSEKUSYON:2 PATULOY:2 MINAHAN:2 MGA:3 GUWARDIYA:2 BUWANG:2 SAHOD:2 BALITA:2 METRO:1 PROBINSIYA:1 IBA:2 ISYU:1 NEW:8 YEAR:1 MANALO:1 MAY:11 AND:18 SARA:1 OPINYON:1 KALUSUGAN:1 KAGANDAHAN:1 KULTURA:1 TEKNOLOHIYA:1 PAGKAIN:1 KAINAN:1 PASYALAN:1 BAHAY:1 ESTILO:1 GALAW:1 MERKADO:1 LAGAY:1 PANAHON:1 RED:1 SPECIAL:1 ANG:2 FOR:8 NIYA:2 RIN:2 ITO:2 PARA:2 LOVE:1 DIN:2 PICTURE:1 NILA:1 HABANG:1 NASA:1 DAGDAG:1 DALAGA:1 YOU:7 NOT:3 SHOW:3 GET:1 ALL:4 HANGA:1 KASINTAHAN:1 SIYA:1 ARE:8 MIND:1 OWN:1 KNOW:1 LIKE:1 INSIDE:1 YOUR:5 BILANG:1 TIMBOG:1 DATING:2 DIREK:1 DUMALO:1 KAMI:1 BREAK:2 HINDI:1 INA:1 NAGING:1 MAILAP:1 SUMAGOT:1 LEON:1 BATANG:1 TUNGKOL:1 PAMBANSA:2 PROJECT:1 HANGGANG:1 MUST:1 ADDRESS:1 DILIMAN:1 ILANG:1 KABATAAN:1 MAGING:1 RESPONSABLE:1 MAS:1 MATIBAY:1 PAARALAN:1 ALERT:1 DESISYON:1 KASO:1 BIKTIMA:1 OUR:3 NAME:4 DAYS:5 TRAFFIC:2 LAST:5 THERE:1 WAS:1 END:2 TEST:1 PAGE:2 GAT:1 TAG:1 VIDEO:1 VIEW:1 DAY:1 ALSO:1 SEARCH:1 CLOSE:2
https://saksingayon.com/historical-movie-ni-lovi-poe-bilang-ka-oryang-shelved-na/	BILANG:3 SAKSI:3 NGAYON:5 SEPTEMBER:20 NOON:3 POLICE:2 KONGRESO:2 BAKIT:2 WALA:4 NANG:10 MAKUHA:2 PROSEKUSYON:2 PATULOY:2 MINAHAN:2 MGA:4 GUWARDIYA:2 BUWANG:2 SAHOD:2 BALITA:2 METRO:1 PROBINSIYA:1 IBA:3 ISYU:1 NEW:8 YEAR:2 MANALO:1 MAY:12 AND:17 SARA:1 OPINYON:1 KALUSUGAN:1 KAGANDAHAN:1 KULTURA:1 TEKNOLOHIYA:1 PAGKAIN:1 KAINAN:1 PASYALAN:1 BAHAY:1 ESTILO:1 GALAW:1 MERKADO:1 LAGAY:1 PANAHON:2 RED:1 SPECIAL:1 TILA:1 ANG:17 LAKAMBINI:2 KUNG:1 SAAN:1 SIYA:2 ASAWA:1 GAT:2 BISE:1 PRESIDENTE:1 KATIPUNAN:2 RING:2 DOKUMENTO:1 TAONG:1 ANUNSIYO:1 PROYEKTO:1 ISANG:3 MANILA:1 MAG:1 PATI:1 SINA:1 TAON:1 DING:1 IYON:1 KAHIT:2 PUTOL:1 DAHIL:2 LEAD:1 HANGGANG:2 ITO:5 PERO:3 MULA:1 STOP:1 PRODUKSIYON:1 INDUSTRIYA:1 MAKA:2 TSIKA:2 NAMIN:3 MINSAN:1 DIREK:5 PONDO:1 RIN:5 SILA:1 MALIBAN:1 ILANG:2 HINDI:2 NGA:1 BIRO:1 GUMAWA:1 LAKI:1 GASTOS:1 ONE:1 NAMAN:1 LAST:6 HINAYANG:2 PROJECT:2 NIYA:1 ANIYA:1 MAGING:2 DRAMA:1 LAMANG:2 MAS:2 KUMPIRMASYON:1 DITO:1 MAGKAKAROON:1 LUNAS:1 NILA:2 MORE:1 FOR:8 THE:32 AYAW:1 PELIKULA:3 HANGAD:1 PUMASOK:1 MATAPOS:1 GOYO:1 BATANG:2 HENERAL:1 PUMANAW:1 ISA:1 CAST:1 GETS:1 PAKIALAM:1 AWARD:1 BEST:1 VERSION:1 DATING:2 DUMALO:1 KAMI:1 BREAK:2 INA:1 NAGING:1 MAILAP:1 SUMAGOT:1 LEON:1 TUNGKOL:1 PAMBANSA:2 YOU:4 MUST:1 ADDRESS:1 DILIMAN:1 KABATAAN:1 RESPONSABLE:1 PARA:1 MATIBAY:1 PAARALAN:1 ALERT:1 DESISYON:1 KASO:1 BIKTIMA:1 ALL:3 YOUR:4 OUR:3 ARE:7 NAME:4 DAYS:5 TRAFFIC:2 THERE:1 NOT:2 WAS:1 END:2 TEST:1 PAGE:2 TAG:1 SHOW:1 VIDEO:1 VIEW:1 DAY:1 ALSO:1 SEARCH:1 CLOSE:2
https://saksingayon.com/pepe-herrera-jerald-napoles-paolo-contis-walang-takot-na-tapatan-sina-sharon-goma-at-kathryn/	PEPE:5 TAKOT:3 SINA:6 SHARON:4 GOMA:3 SAKSI:3 NGAYON:4 SEPTEMBER:19 NOON:2 POLICE:2 KONGRESO:2 BAKIT:2 WALA:3 NANG:4 MAKUHA:2 PROSEKUSYON:2 PATULOY:2 MINAHAN:2 MGA:4 GUWARDIYA:2 BUWANG:2 SAHOD:2 BALITA:2 METRO:1 PROBINSIYA:1 IBA:3 ISYU:1 NEW:9 YEAR:1 MANALO:1 MAY:13 AND:19 SARA:1 OPINYON:1 KALUSUGAN:1 KAGANDAHAN:1 KULTURA:1 TEKNOLOHIYA:1 PAGKAIN:1 KAINAN:1 PASYALAN:1 BAHAY:1 ESTILO:1 GALAW:1 MERKADO:1 LAGAY:1 PANAHON:1 RED:1 SPECIAL:1 ANG:23 THE:31 MAGKATAPAT:1 NGA:3 PELIKULA:3 PANGARAP:3 HOLDAP:3 STAR:3 ISANG:2 DRAMA:1 ALAM:2 NAMAN:4 MASALIMUOT:1 ITO:4 MATAGAL:1 MAHABA:1 PROSESO:1 LALO:2 KUNG:3 LAMANG:1 SUWERTE:1 TULAD:1 SAAN:1 SIYA:2 RING:1 KAYA:3 KITA:4 DIREK:2 KUMITA:1 PLUS:1 TALAGA:1 LABAN:1 LANG:1 DAHIL:1 ANIYA:1 NILA:3 COURSE:1 LAHAT:3 MULI:1 BIG:1 SCREEN:1 RIN:4 MUNA:1 PERO:1 SABI:2 ESPASYO:1 INDUSTRIYA:1 PUTAHE:1 PUBLIKO:1 ILANG:2 TELEBISYON:1 PROBINSIYANO:1 REGULAR:1 SUNDAY:1 PAGSASAMA:1 TALAMPAS:1 ALL:4 HINDI:2 TAO:1 NIYA:1 DATING:2 DUMALO:1 KAMI:1 BREAK:2 INA:1 NAGING:1 MAILAP:1 SUMAGOT:1 LEON:1 BATANG:1 TUNGKOL:1 PAMBANSA:2 PROJECT:1 HANGGANG:1 YOU:4 MUST:1 ADDRESS:1 DILIMAN:1 KABATAAN:1 MAGING:1 RESPONSABLE:1 PARA:1 MAS:1 MATIBAY:1 PAARALAN:1 ALERT:1 DESISYON:1 KASO:1 BIKTIMA:1 YOUR:4 OUR:3 ARE:7 FOR:7 NAME:4 DAYS:5 TRAFFIC:2 LAST:5 THERE:1 NOT:2 WAS:1 END:2 TEST:1 PAGE:2 GAT:1 TAG:1 SHOW:1 VIDEO:1 VIEW:1 DAY:1 ALSO:1 SEARCH:1 CLOSE:2
https://saksingayon.com/tulak-nilikida-ng-riding-in-tandem/	TULAK:3 SAKSI:3 NGAYON:4 SEPTEMBER:19 NOON:2 POLICE:3 KONGRESO:2 BAKIT:2 WALA:2 NANG:4 MAKUHA:2 PROSEKUSYON:2 PATULOY:2 MINAHAN:2 MGA:6 GUWARDIYA:2 BUWANG:2 SAHOD:2 BALITA:5 METRO:5 PROBINSIYA:1 IBA:2 ISYU:1 NEW:9 YEAR:1 MANALO:1 MAY:10 AND:16 SARA:1 OPINYON:1 KALUSUGAN:1 KAGANDAHAN:1 KULTURA:1 TEKNOLOHIYA:1 PAGKAIN:1 KAINAN:1 PASYALAN:1 BAHAY:1 ESTILO:1 GALAW:1 MERKADO:1 LAGAY:1 PANAHON:1 RED:1 SPECIAL:1 ISANG:4 GAMOT:1 ANG:16 PATAY:1 TAMBANGAN:1 SAKAY:1 MOTORSIKLO:1 LUNGSOD:3 MALABON:2 KAMAKALAWA:1 GABI:2 ULAT:1 SENIOR:1 ANYOS:1 BARANGAY:2 TAMA:2 BALA:2 ULO:1 BAHAGI:1 KATAWAN:1 HABANG:3 SUSPEK:2 NAMAN:2 MABILIS:2 DING:1 MATAPOS:3 PAMAMARIL:1 GANAP:1 NAGLALAKAD:1 BIKTIMA:7 KAHABAAN:1 SITIO:1 ITO:1 DAMI:1 AGAD:1 SALARIN:1 PATUNGO:1 HINDI:1 DIREKSIYON:1 INSIDENTE:1 THE:30 KAHA:1 KAHON:1 SIGARILYO:1 APAT:2 SHABU:1 NASA:1 MULA:1 KRIMEN:1 PULISYA:1 TAON:1 RIN:1 NGUNIT:1 KINALAMAN:1 TRANSAKSIYON:1 ILEGAL:1 DROGA:1 MOTIBO:1 PAGPATAY:1 MUNA:1 DATING:3 DESISYON:3 KASO:2 ONE:1 BALIGTARIN:1 YOU:4 MUST:1 ADDRESS:2 DILIMAN:2 ILANG:1 KABATAAN:1 MAGING:1 RESPONSABLE:1 PARA:1 MAS:1 MATIBAY:1 PAARALAN:1 ALERT:1 ALL:3 YOUR:4 OUR:3 ARE:7 FOR:7 NAME:4 DAYS:5 TRAFFIC:2 LAST:5 THERE:1 NOT:2 WAS:1 END:2 TEST:1 PAGE:2 GAT:1 TAG:1 SHOW:1 VIDEO:1 VIEW:1 DAY:1 ALSO:1 SEARCH:1 CLOSE:2
https://saksingayon.com/pacquiao-chillax-muna-sa-new-york/	MUNA:3 NEW:12 SAKSI:3 NGAYON:4 SEPTEMBER:19 NOON:2 POLICE:2 KONGRESO:2 BAKIT:2 WALA:2 NANG:2 MAKUHA:2 PROSEKUSYON:2 PATULOY:2 MINAHAN:2 MGA:3 GUWARDIYA:2 BUWANG:2 SAHOD:2 BALITA:2 METRO:1 PROBINSIYA:1 IBA:2 ISYU:1 YEAR:1 MANALO:1 MAY:9 AND:16 SARA:1 OPINYON:1 KALUSUGAN:1 KAGANDAHAN:1 KULTURA:1 TEKNOLOHIYA:1 PAGKAIN:1 KAINAN:1 PASYALAN:1 BAHAY:1 ESTILO:1 GALAW:1 MERKADO:1 LAGAY:1 PANAHON:1 RED:1 SPECIAL:3 ANG:4 MAG:1 HABANG:1 NASA:2 ILANG:2 MIYEMBRO:1 PARA:4 TWO:1 LABAN:1 NIYA:1 KAY:1 DALAWA:1 BIG:1 APPLE:1 LAS:1 LARAWAN:1 TULAK:1 BALA:1 KAAWAY:1 TUMAMA:1 BATA:1 THE:33 HOME:1 FOR:8 RIGHT:1 SPEED:2 YOU:4 MUST:1 ADDRESS:1 DILIMAN:1 KABATAAN:1 MAGING:1 RESPONSABLE:1 MAS:1 MATIBAY:1 PAARALAN:1 ALERT:1 DESISYON:1 KASO:1 DATING:1 BIKTIMA:1 ALL:3 YOUR:4 OUR:3 ARE:7 NAME:4 DAYS:5 TRAFFIC:2 LAST:5 THERE:1 NOT:2 WAS:1 END:2 TEST:1 PAGE:2 GAT:1 TAG:1 SHOW:1 VIDEO:1 VIEW:1 DAY:1 ALSO:1 SEARCH:1 CLOSE:2
https://saksingayon.com/bala-na-para-sa-kaaway-tumama-sa-bata/	BALA:7 PARA:3 KAAWAY:4 TUMAMA:2 BATA:2 SAKSI:3 NGAYON:5 SEPTEMBER:19 NOON:2 POLICE:3 KONGRESO:2 BAKIT:2 WALA:2 NANG:6 MAKUHA:2 PROSEKUSYON:2 PATULOY:2 MINAHAN:2 MGA:5 GUWARDIYA:2 BUWANG:2 SAHOD:2 BALITA:5 METRO:5 PROBINSIYA:1 IBA:2 ISYU:1 NEW:9 YEAR:1 MANALO:1 MAY:10 AND:16 SARA:1 OPINYON:1 KALUSUGAN:1 KAGANDAHAN:1 KULTURA:1 TEKNOLOHIYA:1 PAGKAIN:1 KAINAN:1 PASYALAN:1 BAHAY:2 ESTILO:1 GALAW:1 MERKADO:1 LAGAY:1 PANAHON:1 RED:1 SPECIAL:1 OSPITAL:1 ANG:15 ISANG:2 BATANG:1 BABAE:1 TINAMAAN:2 LIGAW:2 MULA:2 MATAGAL:1 LUNGSOD:3 KAMAKALAWA:1 GABI:2 ULAT:1 FOR:8 ROSARIO:1 GANAP:1 ALAS:1 MAGANAP:1 INSIDENTE:2 KAHABAAN:1 BARANGAY:1 SILANG:2 PAUWI:1 UMANO:1 LUGAR:2 BIGLA:1 MAKARAMDAM:1 BINTI:2 TINGNAN:1 DAHIL:2 TAMA:1 SUSPEK:3 ANYOS:3 BAGO:1 ALAMANG:1 NAGLALAKAD:1 DIN:1 KASAMA:1 NILA:1 DATING:4 SINA:1 ASAWA:1 PAWANG:1 TAGA:1 DATI:1 ALITAN:1 AGAD:1 GALIT:1 ITO:1 DITO:1 BARIL:1 HINDI:1 NGUNIT:1 PALAD:1 ALAM:1 MABILIS:2 HOSPITAL:1 BIKTIMA:4 PULISYA:1 MUNA:1 SADSAD:1 DESISYON:3 KASO:2 ONE:1 BALIGTARIN:1 YOU:4 MUST:1 ADDRESS:2 DILIMAN:2 ILANG:1 KABATAAN:1 MAGING:1 RESPONSABLE:1 MAS:1 MATIBAY:1 PAARALAN:1 ALERT:1 ALL:3 YOUR:4 OUR:3 ARE:7 THE:29 NAME:4 DAYS:5 TRAFFIC:2 LAST:5 THERE:1 NOT:2 WAS:1 END:2 TEST:1 PAGE:2 GAT:1 TAG:1 SHOW:1 VIDEO:1 VIEW:1 DAY:1 ALSO:1 SEARCH:1 CLOSE:2
https://saksingayon.com/warriors-sadsad-sa-spurs/	SADSAD:2 SAKSI:3 NGAYON:4 SEPTEMBER:19 NOON:2 POLICE:2 KONGRESO:2 BAKIT:2 WALA:3 NANG:5 MAKUHA:2 PROSEKUSYON:2 PATULOY:2 MINAHAN:2 MGA:3 GUWARDIYA:2 BUWANG:2 SAHOD:2 BALITA:2 METRO:1 PROBINSIYA:1 IBA:2 ISYU:1 NEW:9 YEAR:1 MANALO:1 MAY:10 AND:16 SARA:1 OPINYON:1 KALUSUGAN:1 KAGANDAHAN:1 KULTURA:1 TEKNOLOHIYA:1 PAGKAIN:1 KAINAN:1 PASYALAN:1 BAHAY:1 ESTILO:1 GALAW:1 MERKADO:1 LAGAY:1 PANAHON:1 RED:1 SPECIAL:3 SAN:3 ANG:7 SHORT:1 STATE:2 PAHABAIN:1 TATLO:1 NAMAN:2 MULA:1 KAY:1 PARA:5 SAPUL:1 ITALA:1 EIGHT:1 RUN:1 AMBAG:1 SINA:1 GAY:1 TAPUSIN:1 SILA:1 BALA:1 KAAWAY:1 TUMAMA:1 BATA:1 PINALAMIG:1 THE:33 HOME:1 FOR:8 RIGHT:1 SPEED:2 YOU:4 MUST:1 ADDRESS:1 DILIMAN:1 ILANG:1 KABATAAN:1 MAGING:1 RESPONSABLE:1 MAS:1 MATIBAY:1 PAARALAN:1 ALERT:1 DESISYON:1 KASO:1 DATING:1 BIKTIMA:1 ALL:3 YOUR:4 OUR:3 ARE:7 NAME:4 DAYS:5 TRAFFIC:2 LAST:5 THERE:1 NOT:2 WAS:1 END:2 TEST:1 PAGE:2 GAT:1 TAG:1 SHOW:1 VIDEO:1 VIEW:1 DAY:1 ALSO:1 SEARCH:1 CLOSE:2
https://saksingayon.com/lebron-pinalamig-ang-heat/	PINALAMIG:2 ANG:17 SAKSI:3 NGAYON:4 SEPTEMBER:19 NOON:3 POLICE:2 KONGRESO:2 BAKIT:2 WALA:2 NANG:5 MAKUHA:2 PROSEKUSYON:2 PATULOY:2 MINAHAN:2 MGA:3 GUWARDIYA:2 BUWANG:2 SAHOD:2 BALITA:2 METRO:1 PROBINSIYA:1 IBA:2 ISYU:1 NEW:9 YEAR:1 MANALO:1 MAY:10 AND:16 SARA:1 OPINYON:1 KALUSUGAN:1 KAGANDAHAN:1 KULTURA:1 TEKNOLOHIYA:1 PAGKAIN:1 KAINAN:1 PASYALAN:1 BAHAY:1 ESTILO:1 GALAW:1 MERKADO:1 LAGAY:1 PANAHON:1 RED:1 SPECIAL:3 LABAN:4 DATING:2 KOPONAN:1 TALUNIN:1 LUNES:1 MANILA:1 FIRST:1 LANG:2 UMISKOR:3 KUNG:1 SAAN:1 HANGGANG:1 PUNTOS:1 SEASON:1 BESES:1 HULI:1 BASKET:1 MULA:2 SEGUNDO:1 PARA:5 KASAMA:2 ITO:1 SAPUL:1 IWANAN:1 SIYA:2 TUWING:1 NIYA:1 DAHILAN:1 IKAAPAT:1 SUNOD:2 HOME:2 NASA:1 SECOND:1 TAON:1 BAGO:1 FOURTH:1 IHAGIS:1 SAPATOS:1 HABANG:1 KANYA:1 HINDI:1 RIN:1 IKA:1 LARO:1 DAHIL:1 PERO:1 AKSIYON:1 LINGO:1 SADSAD:1 THE:33 FOR:8 RIGHT:1 SPEED:2 YOU:4 MUST:1 ADDRESS:1 DILIMAN:1 ILANG:1 KABATAAN:1 MAGING:1 RESPONSABLE:1 MAS:1 MATIBAY:1 PAARALAN:1 ALERT:1 DESISYON:1 KASO:1 BIKTIMA:1 ALL:3 YOUR:4 OUR:3 ARE:7 NAME:4 DAYS:5 TRAFFIC:2 LAST:5 THERE:1 NOT:2 WAS:1 END:2 TEST:1 PAGE:2 GAT:1 TAG:1 SHOW:1 VIDEO:1 VIEW:1 DAY:1 ALSO:1 SEARCH:1 CLOSE:2
https://saksingayon.com/oversight-function-sa-marawi-rehab-pinakikilos/	SAKSI:3 NGAYON:5 SEPTEMBER:19 NOON:2 POLICE:2 KONGRESO:2 BAKIT:2 WALA:3 NANG:3 MAKUHA:2 PROSEKUSYON:2 PATULOY:2 MINAHAN:2 MGA:11 GUWARDIYA:2 BUWANG:2 SAHOD:2 BALITA:5 METRO:1 PROBINSIYA:1 IBA:2 ISYU:2 NEW:8 YEAR:1 MANALO:1 MAY:12 AND:16 SARA:1 OPINYON:1 KALUSUGAN:1 KAGANDAHAN:1 KULTURA:1 TEKNOLOHIYA:1 PAGKAIN:1 KAINAN:1 PASYALAN:1 BAHAY:1 ESTILO:1 GALAW:1 MERKADO:1 LAGAY:1 PANAHON:2 RED:1 SPECIAL:1 GAWIN:2 AGAD:3 KAMARA:1 ANG:11 PARA:4 AYON:1 KAY:1 PATAPOS:1 RIN:2 NAMAN:1 PANGULO:1 KAYA:1 KAPULUNGAN:1 REHABILITASYON:1 UMANO:1 REKLAMO:1 MULA:1 HANGGANG:1 MABAGAL:2 KUNG:1 SAAN:1 MARAMI:1 RING:1 KABABAYAN:1 HINDI:1 TAHANAN:1 DAHIL:1 PROGRAMA:1 EXERCISE:1 KOMITE:1 UPANG:1 PROYEKTO:1 PINALAMIG:1 DAGDAG:1 GIIT:1 SENADOR:1 KAGAMITAN:1 NGUNIT:1 MAPAYAPA:1 MAAYOS:2 NAGING:1 PAYAPA:1 KABUUAN:1 AKTIBIDAD:1 GRUPO:1 OPOSISYON:1 DAPAT:1 SAGUTIN:1 PLEBISITO:1 HUWAG:1 MADALIIN:1 MAS:2 MALINAW:1 PROSESO:1 YOU:4 MUST:1 ADDRESS:2 DILIMAN:2 ILANG:1 KABATAAN:1 MAGING:1 RESPONSABLE:1 MATIBAY:1 PAARALAN:1 ALERT:1 DESISYON:1 KASO:1 DATING:1 BIKTIMA:1 ALL:3 YOUR:4 OUR:3 ARE:7 FOR:7 THE:29 NAME:4 DAYS:5 TRAFFIC:2 LAST:5 THERE:1 NOT:2 WAS:1 END:2 TEST:1 PAGE:2 GAT:1 TAG:1 SHOW:1 VIDEO:1 VIEW:1 DAY:1 ALSO:1 SEARCH:1 CLOSE:2
https://saksingayon.com/dagdag-pang-telco-players-giit-ng-senador/	DAGDAG:3 GIIT:2 SENADOR:5 SAKSI:3 NGAYON:4 SEPTEMBER:19 NOON:2 POLICE:2 KONGRESO:2 BAKIT:3 WALA:2 NANG:3 MAKUHA:2 PROSEKUSYON:2 PATULOY:2 MINAHAN:2 MGA:10 GUWARDIYA:2 BUWANG:2 SAHOD:2 BALITA:5 METRO:1 PROBINSIYA:1 IBA:3 ISYU:4 NEW:8 YEAR:1 MANALO:1 MAY:11 AND:18 SARA:1 OPINYON:1 KALUSUGAN:1 KAGANDAHAN:1 KULTURA:1 TEKNOLOHIYA:1 PAGKAIN:1 KAINAN:1 PASYALAN:1 BAHAY:1 ESTILO:1 GALAW:1 MERKADO:2 LAGAY:1 PANAHON:3 RED:1 SPECIAL:1 DAPAT:3 BUKSAN:1 PAMAHALAAN:1 ANG:20 MAS:8 UPANG:4 PUBLIKO:1 PARA:6 KALIDAD:1 ABOT:1 AYON:3 KAY:4 MAGKAROON:1 KUMPETISYON:1 HINDI:1 LAMANG:2 WHY:1 LIMIT:1 THE:33 MORE:1 BATAS:2 LUGAR:1 ISANG:2 MALIIT:1 BANSA:4 NGUNIT:2 TATLO:1 HANGGANG:1 APAT:1 HABANG:2 DALAWA:1 MARAMI:1 OPEN:1 SERBISYO:1 PRESYO:1 ATING:1 KABABAYAN:1 NATIN:1 ITO:2 BILANG:2 DAHIL:2 DITO:1 PAGDINIG:4 ARAW:1 TINGNAN:1 POSIBILIDAD:1 RIN:2 UKOL:2 AKUSASYON:1 PAG:1 LABAN:1 NITO:1 MATAGAL:1 MAHAL:1 MABAGAL:1 MULA:1 NIYA:1 MALIBAN:1 MAGLABAS:1 PANUNTUNAN:1 MAGSAGAWA:1 SPEED:1 TESTING:1 BAHAGI:1 MALAMAN:1 KUNG:2 DIN:1 NAKAW:1 SAAN:1 PAGBABAGO:1 POLISIYA:1 BUNSOD:1 KAHILINGAN:1 GALIT:1 PASOK:1 SUSPENDIDO:1 KAGAMITAN:1 MAPAYAPA:1 MAAYOS:2 NAGING:1 PAYAPA:1 KABUUAN:1 AKTIBIDAD:1 GRUPO:1 OPOSISYON:1 SAGUTIN:1 PLEBISITO:1 HUWAG:1 MADALIIN:1 MALINAW:1 PROSESO:1 YOU:4 MUST:1 ADDRESS:2 DILIMAN:2 ILANG:1 KABATAAN:1 MAGING:1 RESPONSABLE:1 MATIBAY:1 PAARALAN:1 ALERT:1 DESISYON:1 KASO:1 DATING:1 BIKTIMA:1 ALL:3 YOUR:4 OUR:3 ARE:7 FOR:7 NAME:4 DAYS:5 TRAFFIC:2 LAST:5 THERE:1 NOT:2 WAS:1 END:2 TEST:1 PAGE:2 GAT:1 TAG:1 SHOW:1 VIDEO:1 VIEW:1 DAY:1 ALSO:1 SEARCH:1 CLOSE:2
https://saksingayon.com/p30b-bayad-sa-marawi-siege-victims-tinatrabaho-na/	BAYAD:3 SAKSI:3 NGAYON:4 SEPTEMBER:19 NOON:2 POLICE:2 KONGRESO:3 BAKIT:2 WALA:2 NANG:2 MAKUHA:2 PROSEKUSYON:2 PATULOY:2 MINAHAN:2 MGA:13 GUWARDIYA:2 BUWANG:2 SAHOD:2 BALITA:5 METRO:1 PROBINSIYA:1 IBA:2 ISYU:2 NEW:8 YEAR:1 MANALO:1 MAY:10 AND:23 SARA:1 OPINYON:1 KALUSUGAN:1 KAGANDAHAN:1 KULTURA:1 TEKNOLOHIYA:1 PAGKAIN:1 KAINAN:1 PASYALAN:1 BAHAY:2 ESTILO:1 GALAW:1 MERKADO:1 LAGAY:1 PANAHON:1 RED:1 SPECIAL:1 KAPULUNGAN:1 ANG:8 KOMPENSASYON:1 BIKTIMA:4 PAGDINIG:3 TATAG:1 BATAAN:1 KOMITE:1 PAG:1 PANUKALA:1 HINGGIL:1 GIYERA:3 ITO:1 LIST:1 KUNG:1 SAAN:1 NITO:1 GOBYERNO:3 PARA:4 TULONG:1 PINANSYAL:1 THE:47 NOT:3 JUST:1 BUT:1 ANI:3 NAMAN:1 SUR:2 OBLIGASYON:1 TULUNGAN:1 LONG:1 FOR:8 THERE:2 ADDRESS:3 DUE:1 DING:1 PABAHAY:1 KABUHAYAN:1 OUT:1 LUMALABAS:1 HINDI:1 PROJECT:1 BUWAN:1 BALIK:1 PASAHE:1 AYAW:1 TRANSPORT:1 KAGAMITAN:1 NGUNIT:1 MAPAYAPA:1 MAAYOS:2 NAGING:1 PAYAPA:1 KABUUAN:1 AKTIBIDAD:1 GRUPO:1 OPOSISYON:1 DAPAT:1 SAGUTIN:1 PLEBISITO:1 HUWAG:1 MADALIIN:1 MAS:2 MALINAW:1 PROSESO:1 YOU:4 MUST:1 DILIMAN:2 ILANG:1 KABATAAN:1 MAGING:1 RESPONSABLE:1 MATIBAY:1 PAARALAN:1 ALERT:1 DESISYON:1 KASO:1 DATING:1 ALL:3 YOUR:4 OUR:3 ARE:7 NAME:4 DAYS:5 TRAFFIC:2 LAST:5 WAS:1 END:2 TEST:1 PAGE:2 GAT:1 TAG:1 SHOW:1 VIDEO:1 VIEW:1 DAY:1 ALSO:1 SEARCH:1 CLOSE:2
https://saksingayon.com/eddie-garcia-walang-pakialam-sa-national-artist-award/	PAKIALAM:4 AWARD:3 SAKSI:3 NGAYON:5 SEPTEMBER:19 NOON:3 POLICE:2 KONGRESO:2 BAKIT:2 WALA:4 NANG:5 MAKUHA:2 PROSEKUSYON:2 PATULOY:2 MINAHAN:2 MGA:3 GUWARDIYA:2 BUWANG:2 SAHOD:2 BALITA:2 METRO:1 PROBINSIYA:1 IBA:2 ISYU:2 NEW:8 YEAR:3 MANALO:1 MAY:15 AND:20 SARA:1 OPINYON:1 KALUSUGAN:1 KAGANDAHAN:1 KULTURA:1 TEKNOLOHIYA:1 PAGKAIN:1 KAINAN:1 PASYALAN:1 BAHAY:1 ESTILO:1 GALAW:1 MERKADO:1 LAGAY:1 PANAHON:1 RED:1 SPECIAL:1 TOTOO:1 NGA:3 BANG:1 ANG:11 AKTOR:1 DIREKTOR:1 KASI:1 PELIKULA:2 NILA:1 LANGIT:4 TIYO:1 TITO:3 WAS:3 TANONG:1 ISANG:3 LAGI:1 LANG:4 PONG:1 PAMAHALAAN:1 BILANG:3 FOR:11 ANO:1 NINYO:1 DITO:2 YUN:1 TUGON:1 PERO:2 SIYEMPRE:2 NIYA:2 ITO:3 MALUTONG:1 HALAKHAK:1 SAID:1 LAMANG:1 NAMAN:1 SIYA:4 REAKSIYON:2 ILANG:2 NAIS:1 MAGING:2 BALANG:1 ARAW:1 HINDI:4 DAHIL:3 EDAD:1 KUNDI:1 NOW:1 AKO:1 WIKA:1 MATINIK:1 RIN:3 JUST:1 TWO:1 BEST:1 PARA:2 COMMERCIAL:1 INTERVIEW:1 MULI:1 NORA:1 ANIYA:1 DIYAN:1 PALAGAY:1 DAPAT:1 NATIN:1 DRAMA:1 KUNG:1 DATI:1 MAG:3 AMA:1 SILA:2 TUNGKOL:2 NAMATAY:1 PURGATORYO:1 HANGO:1 MULA:1 KAYA:1 TAO:1 SABI:1 DATING:2 DIREK:1 DUMALO:1 KAMI:1 BREAK:2 INA:1 NAGING:1 MAILAP:1 SUMAGOT:1 LEON:1 BATANG:1 PAMBANSA:2 PROJECT:1 HANGGANG:1 YOU:4 MUST:1 ADDRESS:1 DILIMAN:1 KABATAAN:1 RESPONSABLE:1 MAS:1 MATIBAY:1 PAARALAN:1 ALERT:1 DESISYON:1 KASO:1 BIKTIMA:1 ALL:3 YOUR:4 OUR:3 ARE:7 THE:29 NAME:4 DAYS:5 TRAFFIC:2 LAST:5 THERE:1 NOT:2 END:2 TEST:1 PAGE:2 GAT:1 TAG:1 SHOW:1 VIDEO:1 VIEW:1 DAY:1 ALSO:1 SEARCH:1 CLOSE:2
https://saksingayon.com/china-pres-xi-nasa-bansa-na/	NASA:2 BANSA:5 SAKSI:3 NGAYON:5 SEPTEMBER:19 NOON:2 POLICE:2 KONGRESO:2 BAKIT:2 WALA:2 NANG:3 MAKUHA:2 PROSEKUSYON:2 PATULOY:2 MINAHAN:2 MGA:9 GUWARDIYA:2 BUWANG:2 SAHOD:2 BALITA:5 METRO:1 PROBINSIYA:1 IBA:3 ISYU:2 NEW:8 YEAR:1 MANALO:1 MAY:10 AND:16 SARA:1 OPINYON:1 KALUSUGAN:1 KAGANDAHAN:1 KULTURA:1 TEKNOLOHIYA:1 PAGKAIN:1 KAINAN:1 PASYALAN:1 BAHAY:1 ESTILO:1 GALAW:1 MERKADO:1 LAGAY:1 PANAHON:1 RED:1 SPECIAL:1 MAINIT:1 OPISYALES:1 PAMAHALAAN:1 EROPLANO:2 NITO:1 ALAS:2 TANGHALI:1 TERMINAL:1 ANG:8 AIR:1 SINAKYAN:1 KASAMA:1 MIYEMBRO:1 DELEGASYON:1 MULA:2 NINA:1 MANILA:1 MAYOR:1 KAY:2 ARAW:2 PARA:4 STATE:1 ISANG:3 TAON:1 SUMAKAY:1 ITIM:1 PARK:1 KUNG:1 SAAN:1 ALAY:1 ITO:3 BULAKLAK:1 BANTAYOG:1 GAT:2 HABANG:2 MAHIGPIT:1 SEGURIDAD:1 TAUHAN:1 BALITANG:1 PALASYO:1 GANAP:1 HAPON:2 MAGKAKAROON:1 DIN:2 SILA:1 BAGO:2 ILANG:2 KASUNDUAN:1 KINA:2 TITO:1 HOTEL:1 PINUNO:1 BUMALIK:1 ESTUDYANTE:1 SILYA:1 KAGAMITAN:1 NGUNIT:1 MAPAYAPA:1 MAAYOS:2 NAGING:1 PAYAPA:1 KABUUAN:1 AKTIBIDAD:1 GRUPO:1 OPOSISYON:1 DAPAT:1 SAGUTIN:1 PLEBISITO:1 HUWAG:1 MADALIIN:1 MAS:2 MALINAW:1 PROSESO:1 YOU:4 MUST:1 ADDRESS:2 DILIMAN:2 KABATAAN:1 MAGING:1 RESPONSABLE:1 MATIBAY:1 PAARALAN:1 ALERT:1 DESISYON:1 KASO:1 DATING:1 BIKTIMA:1 ALL:3 YOUR:4 OUR:3 ARE:7 FOR:7 THE:29 NAME:4 DAYS:5 TRAFFIC:2 LAST:5 THERE:1 NOT:2 WAS:1 END:2 TEST:1 PAGE:2 TAG:1 SHOW:1 VIDEO:1 VIEW:1 DAY:1 ALSO:1 SEARCH:1 CLOSE:2
https://saksingayon.com/balik-p8-na-pasahe-ayaw-ng-transport-group/	BALIK:2 PASAHE:7 AYAW:2 TRANSPORT:5 SAKSI:3 NGAYON:5 SEPTEMBER:19 NOON:2 POLICE:2 KONGRESO:2 BAKIT:2 WALA:2 NANG:2 MAKUHA:2 PROSEKUSYON:2 PATULOY:4 MINAHAN:2 MGA:10 GUWARDIYA:2 BUWANG:2 SAHOD:2 BALITA:5 METRO:2 PROBINSIYA:1 IBA:3 ISYU:2 NEW:8 YEAR:1 MANALO:1 MAY:10 AND:17 SARA:1 OPINYON:1 KALUSUGAN:1 KAGANDAHAN:1 KULTURA:1 TEKNOLOHIYA:1 PAGKAIN:1 KAINAN:1 PASYALAN:1 BAHAY:1 ESTILO:1 GALAW:1 MERKADO:1 LAGAY:1 PANAHON:1 RED:1 SPECIAL:1 TUTOL:2 ANG:15 ISANG:2 IBALIK:3 PISO:1 PAMASAHE:1 KAHIT:1 PRESYO:6 PETROLYO:3 AYON:1 KAY:1 PASANG:1 RIN:2 SILANG:1 HINDI:1 ILANG:3 KUMPANYA:1 LANGIS:2 TAPYAS:1 MULA:1 HANGGANG:3 ITO:2 IKAANIM:1 SUNOD:1 NAGKAROON:1 BAWAS:4 MANILA:1 NASA:2 KADA:3 LITRO:3 PERO:1 LUGAR:1 LANG:1 BOARD:1 PARA:3 DAHIL:1 BUWAN:1 HILING:1 TAAS:1 AKYAT:1 NAGING:2 EPEKTIBO:1 SAMANTALA:1 LUNES:1 ANUNSIYO:1 KOMPANYA:1 PRODUKTO:1 TOTAL:1 GASOLINA:1 SIMULA:1 UMAGA:1 BAYAD:1 ESTUDYANTE:1 SILYA:1 KAGAMITAN:1 NGUNIT:1 MAPAYAPA:1 MAAYOS:2 PAYAPA:1 KABUUAN:1 AKTIBIDAD:1 GRUPO:1 OPOSISYON:1 DAPAT:1 SAGUTIN:1 PLEBISITO:1 HUWAG:1 MADALIIN:1 MAS:2 MALINAW:1 PROSESO:1 YOU:4 MUST:1 ADDRESS:2 DILIMAN:2 KABATAAN:1 MAGING:1 RESPONSABLE:1 MATIBAY:1 PAARALAN:1 ALERT:1 DESISYON:1 KASO:1 DATING:1 BIKTIMA:1 ALL:3 YOUR:4 OUR:3 ARE:7 FOR:7 THE:29 NAME:4 DAYS:5 TRAFFIC:2 LAST:5 THERE:1 NOT:2 WAS:1 END:2 TEST:1 PAGE:2 GAT:1 TAG:1 SHOW:1 VIDEO:1 VIEW:1 DAY:1 ALSO:1 SEARCH:1 CLOSE:2
https://saksingayon.com/pasok-suspendido-dahil-kay-samuel/	PASOK:2 SUSPENDIDO:3 DAHIL:3 KAY:2 SAKSI:3 NGAYON:4 SEPTEMBER:19 NOON:2 POLICE:4 KONGRESO:2 BAKIT:2 WALA:2 NANG:2 MAKUHA:2 PROSEKUSYON:2 PATULOY:4 MINAHAN:3 MGA:5 GUWARDIYA:3 BUWANG:4 SAHOD:3 BALITA:5 METRO:1 PROBINSIYA:5 IBA:2 ISYU:1 NEW:8 YEAR:1 MANALO:1 MAY:9 AND:16 SARA:1 OPINYON:1 KALUSUGAN:1 KAGANDAHAN:1 KULTURA:1 TEKNOLOHIYA:1 PAGKAIN:1 KAINAN:1 PASYALAN:1 BAHAY:1 ESTILO:1 GALAW:1 MERKADO:1 LAGAY:1 PANAHON:1 RED:1 SPECIAL:1 ANG:4 KLASE:1 LUGAR:1 LAHAT:1 ANTAS:1 SUR:3 HANGGANG:4 NORTE:2 SENIOR:1 SCHOOL:1 LALAWIGAN:2 SAGAY:1 SAN:2 TALISAY:1 ELEMENTARYA:1 BAGO:1 BAYABAS:1 BISLIG:1 SILAY:1 DAGDAG:1 GIIT:1 SENADOR:1 BUWAN:1 PUWERSA:1 ILANG:3 KABATAAN:2 MAGING:3 RESPONSABLE:3 PAMUNUAN:1 PUBLIKO:1 PAGGAMIT:1 GRUPO:1 YOU:4 MUST:1 ADDRESS:2 DILIMAN:2 PARA:1 MAS:1 MATIBAY:1 PAARALAN:1 ALERT:1 DESISYON:1 KASO:1 DATING:1 BIKTIMA:1 ALL:3 YOUR:4 OUR:3 ARE:7 FOR:7 THE:29 NAME:4 DAYS:5 TRAFFIC:2 LAST:5 THERE:1 NOT:2 WAS:1 END:2 TEST:1 PAGE:2 GAT:1 TAG:1 SHOW:1 VIDEO:1 VIEW:1 DAY:1 ALSO:1 SEARCH:1 CLOSE:2
https://saksingayon.com/6-buwan-pang-martial-law-hinirit/	BUWAN:3 SAKSI:3 NGAYON:4 SEPTEMBER:19 NOON:2 POLICE:2 KONGRESO:3 BAKIT:2 WALA:2 NANG:2 MAKUHA:2 PROSEKUSYON:2 PATULOY:2 MINAHAN:2 MGA:8 GUWARDIYA:2 BUWANG:2 SAHOD:2 BALITA:5 METRO:1 PROBINSIYA:1 IBA:2 ISYU:2 NEW:8 YEAR:1 MANALO:1 MAY:10 AND:18 SARA:1 OPINYON:1 KALUSUGAN:1 KAGANDAHAN:1 KULTURA:1 TEKNOLOHIYA:1 PAGKAIN:1 KAINAN:1 PASYALAN:1 BAHAY:1 ESTILO:1 GALAW:1 MERKADO:1 LAGAY:1 PANAHON:2 RED:1 SPECIAL:1 SUPORTA:1 KAPULUNGAN:1 ANG:14 PLANO:1 REHIYON:3 KAY:3 BUHAY:2 BATAS:1 MILITAR:1 THE:31 AMONG:1 ANI:1 ITO:3 DAHILAN:2 KAYA:2 NITO:2 PARA:5 DIN:1 ORDER:1 HALALAN:1 HANGGANG:2 LAMANG:1 NAIS:1 DAHIL:2 UMANO:1 BOTO:1 MAMAMAYAN:1 MAGING:2 DARATING:1 MATAPOS:1 UMATAKE:1 PUWERSA:1 NAGING:2 MAWASAK:1 SIYUDAD:1 PASOK:1 SUSPENDIDO:1 BAYAD:1 KAGAMITAN:1 NGUNIT:1 MAPAYAPA:1 MAAYOS:2 PAYAPA:1 KABUUAN:1 AKTIBIDAD:1 GRUPO:1 OPOSISYON:1 DAPAT:1 SAGUTIN:1 PLEBISITO:1 HUWAG:1 MADALIIN:1 MAS:2 MALINAW:1 PROSESO:1 YOU:4 MUST:1 ADDRESS:2 DILIMAN:2 ILANG:1 KABATAAN:1 RESPONSABLE:1 MATIBAY:1 PAARALAN:1 ALERT:1 DESISYON:1 KASO:1 DATING:1 BIKTIMA:1 ALL:3 YOUR:4 OUR:3 ARE:7 FOR:7 NAME:4 DAYS:5 TRAFFIC:2 LAST:5 THERE:1 NOT:2 WAS:1 END:2 TEST:1 PAGE:2 GAT:1 TAG:1 SHOW:1 VIDEO:1 VIEW:1 DAY:1 ALSO:1 SEARCH:1 CLOSE:2
https://saksingayon.com/kaliweteng-estudyante-bibigyan-ng-sariling-silya/	ESTUDYANTE:4 SILYA:7 SAKSI:3 NGAYON:6 SEPTEMBER:19 NOON:2 POLICE:2 KONGRESO:2 BAKIT:2 WALA:3 NANG:3 MAKUHA:2 PROSEKUSYON:2 PATULOY:2 MINAHAN:2 MGA:23 GUWARDIYA:2 BUWANG:2 SAHOD:2 BALITA:5 METRO:1 PROBINSIYA:1 IBA:2 ISYU:2 NEW:8 YEAR:1 MANALO:1 MAY:10 AND:18 SARA:1 OPINYON:1 KALUSUGAN:1 KAGANDAHAN:1 KULTURA:1 TEKNOLOHIYA:1 PAGKAIN:1 KAINAN:1 PASYALAN:1 BAHAY:1 ESTILO:1 GALAW:1 MERKADO:1 LAGAY:1 PANAHON:1 RED:1 SPECIAL:1 MAGKAKAROON:1 ANG:11 HINDI:1 LAMANG:2 PAMPUBLIKO:1 KUNDI:2 MAGING:2 PAARALAN:4 BANSA:4 ITO:3 MATAPOS:1 EDUCATION:2 THE:30 ANTIPOLO:1 PUNO:2 LAHAT:2 MAGKAROON:3 PAWANG:2 RIGHT:4 KAYA:2 KALIWETE:1 NAIS:1 SARILI:1 LAYON:1 UMANO:3 PANUKALA:2 DAHIL:3 PORSYENTO:1 SILANG:1 MAGAWA:1 PARA:3 GAYUNPAMAN:1 LUMABAS:1 PAG:1 MATINDI:1 EPEKTO:1 PAGGAMIT:1 NAGDUDULOT:1 KANILA:1 PAIN:1 BALIK:1 PASAHE:1 AYAW:1 TRANSPORT:1 NASA:1 KAGAMITAN:1 NGUNIT:1 MAPAYAPA:1 MAAYOS:2 NAGING:1 PAYAPA:1 KABUUAN:1 AKTIBIDAD:1 GRUPO:1 OPOSISYON:1 DAPAT:1 SAGUTIN:1 PLEBISITO:1 HUWAG:1 MADALIIN:1 MAS:2 MALINAW:1 PROSESO:1 YOU:4 MUST:1 ADDRESS:2 DILIMAN:2 ILANG:1 KABATAAN:1 RESPONSABLE:1 MATIBAY:1 ALERT:1 DESISYON:1 KASO:1 DATING:1 BIKTIMA:1 ALL:3 YOUR:4 OUR:3 ARE:7 FOR:7 NAME:4 DAYS:5 TRAFFIC:2 LAST:5 THERE:1 NOT:2 WAS:1 END:2 TEST:1 PAGE:2 GAT:1 TAG:1 SHOW:1 VIDEO:1 VIEW:1 DAY:1 ALSO:1 SEARCH:1 CLOSE:2
https://saksingayon.com/pres-xi-nagpasalamat-kay-pdigong/	KAY:3 SAKSI:3 NGAYON:4 SEPTEMBER:19 NOON:2 POLICE:2 KONGRESO:2 BAKIT:2 WALA:2 NANG:4 MAKUHA:2 PROSEKUSYON:2 PATULOY:2 MINAHAN:2 MGA:8 GUWARDIYA:2 BUWANG:2 SAHOD:2 BALITA:5 METRO:1 PROBINSIYA:1 IBA:2 ISYU:2 NEW:8 YEAR:1 MANALO:1 MAY:10 AND:16 SARA:1 OPINYON:1 KALUSUGAN:1 KAGANDAHAN:1 KULTURA:1 TEKNOLOHIYA:1 PAGKAIN:1 KAINAN:1 PASYALAN:1 BAHAY:1 ESTILO:1 GALAW:1 MERKADO:1 LAGAY:1 PANAHON:1 RED:1 SPECIAL:1 TAOS:1 PUSONG:1 MAGING:2 ANG:9 MAMAMAHAYAG:1 MAINIT:1 KANYA:1 PARA:4 ARAW:1 STATE:1 BANSA:3 NITO:2 HARAP:1 MAMAHAYAG:1 COVER:1 PAGDATING:1 ALAS:1 UMAGA:1 TERMINAL:1 LUBOS:1 PASASALAMAT:1 DAHIL:1 SIMULA:2 NAGING:3 PANGULO:1 ITO:1 MAGANDA:1 DIIN:2 MANUNGKULAN:1 PINTUAN:1 PAGKAKAIBIGAN:1 MAMAMAYAN:1 HANDA:1 MAS:3 MAAYOS:3 RELASYON:1 PAGITAN:1 KAGAMITAN:1 NGUNIT:1 MAPAYAPA:1 PAYAPA:1 KABUUAN:1 AKTIBIDAD:1 GRUPO:1 OPOSISYON:1 DAPAT:1 SAGUTIN:1 PLEBISITO:1 HUWAG:1 MADALIIN:1 MALINAW:1 PROSESO:1 YOU:4 MUST:1 ADDRESS:2 DILIMAN:2 ILANG:1 KABATAAN:1 RESPONSABLE:1 MATIBAY:1 PAARALAN:1 ALERT:1 DESISYON:1 KASO:1 DATING:1 BIKTIMA:1 ALL:3 YOUR:4 OUR:3 ARE:7 FOR:7 THE:29 NAME:4 DAYS:5 TRAFFIC:2 LAST:5 THERE:1 NOT:2 WAS:1 END:2 TEST:1 PAGE:2 GAT:1 TAG:1 SHOW:1 VIDEO:1 VIEW:1 DAY:1 ALSO:1 SEARCH:1 CLOSE:2
https://saksingayon.com/team-pilipinas-reresbak-sa-jordan/	SAKSI:3 NGAYON:4 SEPTEMBER:19 NOON:2 POLICE:2 KONGRESO:2 BAKIT:2 WALA:2 NANG:2 MAKUHA:3 PROSEKUSYON:2 PATULOY:2 MINAHAN:2 MGA:5 GUWARDIYA:2 BUWANG:2 SAHOD:2 BALITA:2 METRO:1 PROBINSIYA:1 IBA:2 ISYU:1 NEW:9 YEAR:1 MANALO:2 MAY:11 AND:20 SARA:1 OPINYON:1 KALUSUGAN:1 KAGANDAHAN:1 KULTURA:1 TEKNOLOHIYA:1 PAGKAIN:1 KAINAN:1 PASYALAN:1 BAHAY:1 ESTILO:1 GALAW:1 MERKADO:1 LAGAY:1 PANAHON:1 RED:1 SPECIAL:3 LEON:1 ASAHAN:1 ANG:9 RESBAK:1 KONTRA:2 GABI:2 PARTE:1 DARATING:1 WORLD:1 NITO:2 TALO:1 KUNG:2 SAAN:1 ANIM:1 UMISKOR:1 DOUBLE:1 PANGUNGUNA:1 LARO:1 LUNES:1 HINDI:1 KAHIT:1 SUPORTA:1 ITO:1 BUHAT:1 KAY:1 ASAM:1 PANALO:1 KABILA:1 TIWALA:1 COACH:1 MAS:2 MAMAYA:1 SIGURO:1 SUSUNOD:1 DAPAT:1 TAYO:2 PERO:2 MATALO:1 MAN:1 LANG:1 ANI:2 THINK:1 NOT:3 BUT:1 THE:35 MEDYO:1 TINGIN:2 MAGANDA:1 NILA:1 DAGDAG:1 GOOD:1 OUR:5 DIN:1 NAGKAROON:1 ILANG:2 IRINGAN:1 KOPONAN:1 NAMAN:1 NATIN:1 HALOS:1 CLOSE:3 EVEN:1 YOU:6 ARE:8 ABLE:2 EXERCISE:1 YOUR:6 MIND:1 TAKING:1 GILAS:1 FOR:9 HOME:1 RIGHT:1 SPEED:2 PARA:2 MUST:1 ADDRESS:1 DILIMAN:1 KABATAAN:1 MAGING:1 RESPONSABLE:1 MATIBAY:1 PAARALAN:1 ALERT:1 DESISYON:1 KASO:1 DATING:1 BIKTIMA:1 ALL:3 NAME:4 DAYS:5 TRAFFIC:2 LAST:5 THERE:1 WAS:1 END:2 TEST:1 PAGE:2 GAT:1 TAG:1 SHOW:1 VIDEO:1 VIEW:1 DAY:1 ALSO:1 SEARCH:1
https://saksingayon.com/pacquiao-broner-fight-on-sale-na/	SAKSI:3 NGAYON:4 SEPTEMBER:19 NOON:2 POLICE:2 KONGRESO:2 BAKIT:2 WALA:2 NANG:5 MAKUHA:2 PROSEKUSYON:2 PATULOY:2 MINAHAN:2 MGA:6 GUWARDIYA:2 BUWANG:2 SAHOD:2 BALITA:2 METRO:1 PROBINSIYA:1 IBA:2 ISYU:1 NEW:10 YEAR:1 MANALO:1 MAY:9 AND:29 SARA:1 OPINYON:1 KALUSUGAN:1 KAGANDAHAN:1 KULTURA:1 TEKNOLOHIYA:1 PAGKAIN:1 KAINAN:1 PASYALAN:1 BAHAY:1 ESTILO:1 GALAW:1 MERKADO:1 LAGAY:1 PANAHON:1 RED:1 SPECIAL:3 NINA:1 ANG:8 ROUND:1 KAPWA:2 DUMALO:1 DAPAT:2 ASAHAN:1 BAKBAKAN:1 KATUNAYAN:1 MAANGAS:1 DAHIL:2 KAYA:1 UMANO:1 NIYA:4 PATULUGIN:1 COURSE:1 ONE:1 THE:42 ARE:8 BUT:4 KNOW:5 TOP:2 BREAK:1 OUT:6 LOOK:1 KNOCK:2 LIKE:1 FOR:12 PAHAYAG:1 NOT:3 EIGHT:1 BEEN:1 CAN:1 SLEEP:1 DAGDAG:1 NAMAN:2 ANYOS:1 TAGLAY:1 RIN:2 HUSAY:1 KANYA:1 JUST:1 GIVE:2 GOOD:3 SHOW:2 YOU:5 SEE:2 GREAT:1 RING:2 TRAIN:1 LAHAD:1 SINA:1 ISA:1 MANILA:1 PAGKATAPOS:1 BABALIK:1 AYON:2 KAY:4 MAGING:2 MAGANDA:1 LABAN:1 SAID:1 COME:2 ALL:4 ANANG:1 SIMULA:1 DARATING:1 MAAARI:1 BUMILI:1 TIKET:2 PARA:3 PER:1 VIEW:2 MULA:1 HANGGANG:1 NASA:1 BANSA:1 HOME:1 RIGHT:1 SPEED:2 MUST:1 ADDRESS:1 DILIMAN:1 ILANG:1 KABATAAN:1 RESPONSABLE:1 MAS:1 MATIBAY:1 PAARALAN:1 ALERT:1 DESISYON:1 KASO:1 DATING:1 BIKTIMA:1 YOUR:4 OUR:3 NAME:4 DAYS:5 TRAFFIC:2 LAST:5 THERE:1 WAS:1 END:2 TEST:1 PAGE:2 GAT:1 TAG:1 VIDEO:1 DAY:1 ALSO:1 SEARCH:1 CLOSE:2
https://saksingayon.com/ginebra-core-isasalang-ni-guiao/	SAKSI:3 NGAYON:4 SEPTEMBER:19 NOON:2 POLICE:2 KONGRESO:2 BAKIT:2 WALA:2 NANG:4 MAKUHA:2 PROSEKUSYON:2 PATULOY:2 MINAHAN:2 MGA:4 GUWARDIYA:2 BUWANG:2 SAHOD:2 BALITA:2 METRO:1 PROBINSIYA:1 IBA:3 ISYU:1 NEW:9 YEAR:1 MANALO:1 MAY:10 AND:18 SARA:1 OPINYON:1 KALUSUGAN:1 KAGANDAHAN:1 KULTURA:1 TEKNOLOHIYA:1 PAGKAIN:1 KAINAN:1 PASYALAN:1 BAHAY:1 ESTILO:1 GALAW:1 MERKADO:1 LAGAY:1 PANAHON:1 RED:1 SPECIAL:3 ANG:9 NAMAN:3 COACH:1 SAN:3 BEER:1 LAMANG:1 FIRST:1 SINA:2 KASAMA:1 RUN:1 UPANG:1 HINDI:3 NITO:2 KUNG:2 BAWAT:1 LARO:1 WAS:4 NOT:5 EVEN:1 RAIN:1 JUST:3 APAT:1 NASA:1 LOOB:1 GIIT:1 SUSUNOD:1 POSIBLE:1 ALSO:2 LATE:1 BEEN:1 THE:34 FOR:9 ONE:1 THINK:1 PARA:4 SILA:3 ANI:1 ENSAYO:1 DALAWA:1 BESES:1 BAKA:1 PWEDE:1 HOME:2 WORLD:1 SAAN:1 LEON:1 KAY:1 RIGHT:1 SPEED:2 YOU:4 MUST:1 ADDRESS:1 DILIMAN:1 ILANG:1 KABATAAN:1 MAGING:1 RESPONSABLE:1 MAS:1 MATIBAY:1 PAARALAN:1 ALERT:1 DESISYON:1 KASO:1 DATING:1 BIKTIMA:1 ALL:3 YOUR:4 OUR:3 ARE:7 NAME:4 DAYS:5 TRAFFIC:2 LAST:5 THERE:1 END:2 TEST:1 PAGE:2 GAT:1 TAG:1 SHOW:1 VIDEO:1 VIEW:1 DAY:1 SEARCH:1 CLOSE:2
https://saksingayon.com/boc-afp-pcg-ink-moa-for-strengthened-joint-anti-smuggling-operations/	FOR:14 SAKSI:3 NGAYON:4 SEPTEMBER:19 NOON:2 POLICE:3 KONGRESO:2 BAKIT:2 WALA:2 NANG:2 MAKUHA:2 PROSEKUSYON:2 PATULOY:2 MINAHAN:2 MGA:3 GUWARDIYA:2 BUWANG:2 SAHOD:2 BALITA:5 METRO:1 PROBINSIYA:4 IBA:2 ISYU:1 NEW:9 YEAR:1 MANALO:1 MAY:10 AND:61 SARA:1 OPINYON:1 KALUSUGAN:1 KAGANDAHAN:1 KULTURA:1 TEKNOLOHIYA:1 PAGKAIN:1 KAINAN:1 PASYALAN:1 BAHAY:1 ESTILO:1 GALAW:1 MERKADO:1 LAGAY:1 PANAHON:1 RED:1 SPECIAL:1 THE:89 WAS:2 OUT:1 ARE:8 AMONG:4 ADDRESS:4 ALL:4 EFFECT:1 SEARCH:2 ALSO:5 ORDER:1 SUPPORT:1 TAKE:1 LEAD:1 LEGAL:2 PART:1 MILITARY:1 MAG:2 NOT:4 SIX:1 OVER:1 TARA:1 MAYOR:3 LABAN:1 KAY:1 ALI:1 PARK:1 SAN:3 SINA:1 PANDAY:2 BAYANIHAN:2 BUO:1 SUPORTA:2 KANAN:1 TODO:1 ANG:1 YOU:4 MUST:1 DILIMAN:2 ILANG:1 KABATAAN:1 MAGING:1 RESPONSABLE:1 PARA:1 MAS:1 MATIBAY:1 PAARALAN:1 ALERT:1 DESISYON:1 KASO:1 DATING:1 BIKTIMA:1 YOUR:4 OUR:3 NAME:4 DAYS:5 TRAFFIC:2 LAST:5 THERE:1 END:2 TEST:1 PAGE:2 GAT:1 TAG:1 SHOW:1 VIDEO:1 VIEW:1 DAY:1 CLOSE:2
https://saksingayon.com/tara-system-sa-boc-muling-nagpasabog/	TARA:6 SAKSI:3 NGAYON:4 SEPTEMBER:19 NOON:4 POLICE:2 KONGRESO:2 BAKIT:2 WALA:2 NANG:2 MAKUHA:2 PROSEKUSYON:2 PATULOY:2 MINAHAN:2 MGA:15 GUWARDIYA:2 BUWANG:2 SAHOD:2 BALITA:5 METRO:1 PROBINSIYA:4 IBA:2 ISYU:1 NEW:8 YEAR:1 MANALO:1 MAY:10 AND:16 SARA:1 OPINYON:1 KALUSUGAN:1 KAGANDAHAN:1 KULTURA:1 TEKNOLOHIYA:1 PAGKAIN:1 KAINAN:1 PASYALAN:1 BAHAY:1 ESTILO:1 GALAW:1 MERKADO:1 LAGAY:1 PANAHON:2 RED:1 SPECIAL:1 LUMA:1 ANG:12 NAMAN:2 PARA:4 MONEY:3 PAMUNUAN:1 BANSA:2 SUMBONG:1 DALAWA:1 SINA:4 ALYAS:2 KATIWALA:1 UPONG:2 PANAKOT:1 NINA:3 AMIN:3 PAG:1 ALERT:2 KARGAMENTO:1 KUNG:2 HINDI:2 RAW:1 KAMI:1 MAGBIGAY:1 DATI:1 RIN:2 NILA:1 GINAGAWA:1 PAHAYAG:3 ISANG:1 PUMUTOK:2 PANGALAN:3 BILANG:1 OPISINA:2 KAY:2 MANGANGALAKAL:1 UTUSAN:1 UPANG:1 MAGING:2 MAKATOTOHANAN:1 KALAWANG:2 KORAP:1 SAYSAY:1 KAYA:1 GRUPO:1 HENERAL:1 ARESTO:1 KINA:1 KAGAWARAN:1 UMANO:2 SIKRETO:2 IMPORMASYON:2 LOOB:1 TULAD:1 OPISYALES:1 MATATAAS:1 PWESTO:1 INTENSIYON:1 IPABATID:1 SILA:1 BASBAS:1 PAGTATAPOS:1 FOR:8 BANTA:1 MAYOR:3 LABAN:1 ALI:1 PARK:1 SAN:3 PANDAY:2 BAYANIHAN:2 BUO:1 SUPORTA:2 KANAN:1 TODO:1 YOU:4 MUST:1 ADDRESS:2 DILIMAN:2 ILANG:1 KABATAAN:1 RESPONSABLE:1 MAS:1 MATIBAY:1 PAARALAN:1 DESISYON:1 KASO:1 DATING:1 BIKTIMA:1 ALL:3 YOUR:4 OUR:3 ARE:7 THE:29 NAME:4 DAYS:5 TRAFFIC:2 LAST:5 THERE:1 NOT:2 WAS:1 END:2 TEST:1 PAGE:2 GAT:1 TAG:1 SHOW:1 VIDEO:1 VIEW:1 DAY:1 ALSO:1 SEARCH:1 CLOSE:2
https://saksingayon.com/hindi-kaya-ni-kris-na-magpapatay-ng-tao-sabi-ng-lawyers-niya/	HINDI:5 KAYA:3 TAO:2 SABI:3 NIYA:5 SAKSI:3 NGAYON:4 SEPTEMBER:19 NOON:2 POLICE:2 KONGRESO:2 BAKIT:2 WALA:3 NANG:4 MAKUHA:2 PROSEKUSYON:2 PATULOY:2 MINAHAN:2 MGA:8 GUWARDIYA:2 BUWANG:2 SAHOD:2 BALITA:2 METRO:1 PROBINSIYA:1 IBA:2 ISYU:1 NEW:8 YEAR:1 MANALO:1 MAY:12 AND:25 SARA:1 OPINYON:1 KALUSUGAN:1 KAGANDAHAN:1 KULTURA:1 TEKNOLOHIYA:1 PAGKAIN:1 KAINAN:1 PASYALAN:1 BAHAY:1 ESTILO:1 GALAW:1 MERKADO:1 LAGAY:1 PANAHON:1 RED:1 SPECIAL:1 ITO:5 ANG:12 ABOGADO:4 MATAPOS:1 SABIHIN:1 KAPATID:4 ISANG:1 VIDEO:2 KNOW:1 FOR:10 SAID:1 YOU:8 WAG:1 KANG:1 DITO:1 THE:37 NILA:1 DAHIL:2 ANAK:2 DATING:3 PANGULO:1 BANSA:1 JUST:1 DAGDAG:2 SHOW:2 WHY:2 NOT:7 SUNDAY:1 PINABULAANAN:1 DIN:1 NITO:3 NAGNAKAW:1 BINTANG:1 LIKE:1 TAKE:1 KAILANGAN:1 TAKING:1 PARA:4 NAKAW:1 CAN:1 ALL:4 TANONG:1 LEGAL:1 MULA:1 NGA:1 PAGE:3 NAGSASALITA:1 NOW:1 THERE:2 PERO:2 SILA:1 DETALYE:1 AYON:1 KANILA:1 USAPIN:1 BEST:1 LUNES:1 SETTLE:1 KASO:2 PEPE:1 TAKOT:1 SINA:1 SHARON:1 GOMA:1 PAKIALAM:1 AWARD:1 DIREK:1 DUMALO:1 KAMI:1 BREAK:2 RIN:1 INA:1 NAGING:1 MAILAP:1 SUMAGOT:1 LEON:1 BATANG:1 TUNGKOL:1 PAMBANSA:2 PROJECT:1 HANGGANG:1 MUST:1 ADDRESS:1 DILIMAN:1 ILANG:1 KABATAAN:1 MAGING:1 RESPONSABLE:1 MAS:1 MATIBAY:1 PAARALAN:1 ALERT:1 DESISYON:1 BIKTIMA:1 YOUR:4 OUR:3 ARE:7 NAME:4 DAYS:5 TRAFFIC:2 LAST:5 WAS:1 END:2 TEST:1 GAT:1 TAG:1 VIEW:1 DAY:1 ALSO:1 SEARCH:1 CLOSE:2
https://saksingayon.com/pagbuhay-ng-vigilante-group-itinanggi-ng-pnp/	VIGILANTE:4 SAKSI:3 NGAYON:4 SEPTEMBER:19 NOON:2 POLICE:7 KONGRESO:2 BAKIT:2 WALA:2 NANG:2 MAKUHA:2 PROSEKUSYON:2 PATULOY:4 MINAHAN:3 MGA:7 GUWARDIYA:3 BUWANG:4 SAHOD:3 BALITA:5 METRO:1 PROBINSIYA:5 IBA:3 ISYU:1 NEW:8 YEAR:1 MANALO:1 MAY:9 AND:19 SARA:1 OPINYON:1 KALUSUGAN:1 KAGANDAHAN:1 KULTURA:1 TEKNOLOHIYA:1 PAGKAIN:1 KAINAN:1 PASYALAN:1 BAHAY:1 ESTILO:1 GALAW:1 MERKADO:1 LAGAY:1 PANAHON:1 RED:1 SPECIAL:1 KAHAPON:1 ANG:14 ALSA:4 MASA:4 UPANG:1 SUPORTA:1 KOMUNIDAD:1 KAMPANYA:1 KONTRA:1 KRIMEN:1 HALIP:1 PAGLILINAW:1 NILA:2 PROJECT:2 REHIYON:1 NAMAN:3 BILANG:1 LAMANG:2 PUBLIKO:2 PAMAMAGITAN:1 KANILA:1 WAG:1 SILANG:1 MAG:1 DAHIL:1 ITO:1 DINADALA:1 ONE:4 PLAN:1 ARE:8 ORDER:1 AYON:2 KAY:3 ILALIM:1 DIKTADOR:1 LUMABAG:1 PANTAO:1 NGUNIT:1 DIN:1 SIGURO:1 LANG:1 MALI:1 THE:30 MEDYO:1 KALABAN:1 SILA:1 TAO:1 HINDI:1 NAIS:1 MOTIBO:1 DAGDAG:1 BANTA:1 BUS:1 PUWERSA:1 ILANG:3 KABATAAN:2 MAGING:3 RESPONSABLE:3 PAMUNUAN:1 PAGGAMIT:1 GRUPO:1 YOU:4 MUST:1 ADDRESS:2 DILIMAN:2 PARA:1 MAS:1 MATIBAY:1 PAARALAN:1 ALERT:1 DESISYON:1 KASO:1 DATING:1 BIKTIMA:1 ALL:3 YOUR:4 OUR:3 FOR:7 NAME:4 DAYS:5 TRAFFIC:2 LAST:5 THERE:1 NOT:2 WAS:1 END:2 TEST:1 PAGE:2 GAT:1 TAG:1 SHOW:1 VIDEO:1 VIEW:1 DAY:1 ALSO:1 SEARCH:1 CLOSE:2
https://saksingayon.com/84-truck-bus-stranded-kay-samuel/	BUS:4 KAY:2 SAKSI:3 NGAYON:4 SEPTEMBER:19 NOON:2 POLICE:4 KONGRESO:2 BAKIT:2 WALA:2 NANG:3 MAKUHA:2 PROSEKUSYON:2 PATULOY:4 MINAHAN:3 MGA:9 GUWARDIYA:3 BUWANG:4 SAHOD:3 BALITA:5 METRO:1 PROBINSIYA:5 IBA:2 ISYU:1 NEW:8 YEAR:1 MANALO:1 MAY:10 AND:16 SARA:1 OPINYON:1 KALUSUGAN:1 KAGANDAHAN:1 KULTURA:1 TEKNOLOHIYA:1 PAGKAIN:1 KAINAN:1 PASYALAN:1 BAHAY:1 ESTILO:1 GALAW:1 MERKADO:1 LAGAY:1 PANAHON:1 RED:1 SPECIAL:1 ANG:13 LABAS:1 BIYAHE:1 RORO:1 LUNES:1 DAHIL:3 EPEKTO:1 MAHABA:1 PILA:1 PAGDATING:1 ILAN:1 MULA:1 LUGAR:1 ILANG:5 GULAY:2 KUNG:1 HINDI:2 UMANO:2 RIN:1 SILA:1 BARKO:2 TERMINAL:3 NILA:1 LAHAT:2 PARA:2 BUKOD:1 DELIKADO:1 KAPAG:2 BAGYO:2 DIN:1 PASAHERO:2 VIGILANTE:1 NASA:1 LIST:1 TIMBOG:1 PUWERSA:1 KABATAAN:2 MAGING:3 RESPONSABLE:3 PAMUNUAN:1 PUBLIKO:1 PAGGAMIT:1 GRUPO:1 YOU:4 MUST:1 ADDRESS:2 DILIMAN:2 MAS:1 MATIBAY:1 PAARALAN:1 ALERT:1 DESISYON:1 KASO:1 DATING:1 BIKTIMA:1 ALL:3 YOUR:4 OUR:3 ARE:7 FOR:7 THE:29 NAME:4 DAYS:5 TRAFFIC:2 LAST:5 THERE:1 NOT:2 WAS:1 END:2 TEST:1 PAGE:2 GAT:1 TAG:1 SHOW:1 VIDEO:1 VIEW:1 DAY:1 ALSO:1 SEARCH:1 CLOSE:2
https://saksingayon.com/nasa-drug-list-timbog/	NASA:3 LIST:4 TIMBOG:2 SAKSI:3 NGAYON:4 SEPTEMBER:19 NOON:2 POLICE:4 KONGRESO:2 BAKIT:2 WALA:2 NANG:2 MAKUHA:2 PROSEKUSYON:2 PATULOY:2 MINAHAN:2 MGA:8 GUWARDIYA:2 BUWANG:2 SAHOD:2 BALITA:5 METRO:5 PROBINSIYA:1 IBA:2 ISYU:1 NEW:8 YEAR:1 MANALO:1 MAY:10 AND:17 SARA:1 OPINYON:1 KALUSUGAN:1 KAGANDAHAN:1 KULTURA:1 TEKNOLOHIYA:1 PAGKAIN:1 KAINAN:1 PASYALAN:1 BAHAY:2 ESTILO:1 GALAW:1 MERKADO:1 LAGAY:1 PANAHON:1 RED:1 SPECIAL:1 ARESTADO:1 ANG:11 ISANG:3 SALAKAYIN:1 OPERATIBA:1 AYON:1 ULAT:1 AWTORIDAD:1 ARI:1 ALYAS:1 PULISYA:1 KILALA:1 RIN:1 ARMAS:1 DROGA:2 BARANGAY:1 SUSPEK:5 SHABU:2 BARIL:2 NAMAN:1 HEPE:1 KAPALIT:1 ILEGAL:1 AMINADO:1 GUMAGAMIT:1 SIYA:2 NGUNIT:1 HINDI:1 UMANO:1 ITINANIM:1 LAMANG:1 EBIDENSIYA:1 LABAN:2 KANYA:1 BUS:1 KAY:1 PATAY:1 KARIBAL:1 DATING:3 DESISYON:3 KASO:2 ONE:1 BALIGTARIN:1 BIKTIMA:3 YOU:4 MUST:1 ADDRESS:2 DILIMAN:2 ILANG:1 KABATAAN:1 MAGING:1 RESPONSABLE:1 PARA:1 MAS:1 MATIBAY:1 PAARALAN:1 ALERT:1 ALL:3 YOUR:4 OUR:3 ARE:7 FOR:7 THE:29 NAME:4 DAYS:5 TRAFFIC:2 LAST:5 THERE:1 NOT:2 WAS:1 END:2 TEST:1 PAGE:2 GAT:1 TAG:1 SHOW:1 VIDEO:1 VIEW:1 DAY:1 ALSO:1 SEARCH:1 CLOSE:2
https://saksingayon.com/driver-patay-sa-karibal/	PATAY:3 KARIBAL:3 SAKSI:3 NGAYON:4 SEPTEMBER:19 NOON:2 POLICE:4 KONGRESO:2 BAKIT:2 WALA:2 NANG:3 MAKUHA:2 PROSEKUSYON:2 PATULOY:4 MINAHAN:3 MGA:5 GUWARDIYA:3 BUWANG:4 SAHOD:3 BALITA:5 METRO:1 PROBINSIYA:5 IBA:2 ISYU:1 NEW:8 YEAR:1 MANALO:1 MAY:9 AND:16 SARA:1 OPINYON:1 KALUSUGAN:1 KAGANDAHAN:1 KULTURA:1 TEKNOLOHIYA:1 PAGKAIN:1 KAINAN:1 PASYALAN:1 BAHAY:1 ESTILO:1 GALAW:1 MERKADO:1 LAGAY:1 PANAHON:1 RED:1 SPECIAL:1 ANG:17 ISANG:1 KAMAKALAWA:1 HAPON:1 ANYOS:2 BAGO:3 NAMAN:4 SUSPEK:4 LUGAR:1 AYON:1 PULISYA:1 INSIDENTE:1 UMANO:2 BIKTIMA:4 NITO:2 KANYA:1 SAKTO:1 DATING:2 GINAWA:1 DAHILAN:2 UPANG:2 MAGALIT:1 ITO:1 BARIL:1 APAT:2 TAMA:1 BALA:1 ULO:1 MABILIS:1 TUMAKAS:1 ANGKAS:2 BABAE:3 DATI:1 PALA:1 RELASYON:1 ORAS:1 PULIS:1 LINISIN:1 PAN:1 SIYA:2 NANGYARI:1 KAYA:1 SUMAMA:1 RIN:2 TULONG:1 PAGPATAY:1 NASA:1 LIST:1 TIMBOG:1 PUWERSA:1 ILANG:3 KABATAAN:2 MAGING:3 RESPONSABLE:3 PAMUNUAN:1 PUBLIKO:1 PAGGAMIT:1 GRUPO:1 YOU:4 MUST:1 ADDRESS:2 DILIMAN:2 PARA:1 MAS:1 MATIBAY:1 PAARALAN:1 ALERT:1 DESISYON:1 KASO:1 ALL:3 YOUR:4 OUR:3 ARE:7 FOR:7 THE:29 NAME:4 DAYS:5 TRAFFIC:2 LAST:5 THERE:1 NOT:2 WAS:1 END:2 TEST:1 PAGE:2 GAT:1 TAG:1 SHOW:1 VIDEO:1 VIEW:1 DAY:1 ALSO:1 SEARCH:1 CLOSE:2
https://saksingayon.com/hinalay-bago-pinatay/	BAGO:3 SAKSI:3 NGAYON:4 SEPTEMBER:19 NOON:2 POLICE:4 KONGRESO:2 BAKIT:2 WALA:2 NANG:4 MAKUHA:2 PROSEKUSYON:2 PATULOY:5 MINAHAN:3 MGA:5 GUWARDIYA:3 BUWANG:4 SAHOD:3 BALITA:5 METRO:1 PROBINSIYA:5 IBA:2 ISYU:1 NEW:8 YEAR:1 MANALO:1 MAY:10 AND:16 SARA:1 OPINYON:1 KALUSUGAN:1 KAGANDAHAN:1 KULTURA:1 TEKNOLOHIYA:1 PAGKAIN:1 KAINAN:1 PASYALAN:1 BAHAY:2 ESTILO:1 GALAW:1 MERKADO:1 LAGAY:1 PANAHON:1 RED:1 SPECIAL:1 BASAG:1 ANG:9 BUNGO:1 SAPLOT:1 IBABA:1 ISANG:1 HINDI:2 SUSPEK:1 KAMAKALAWA:1 HAPON:1 NASA:1 GULANG:1 IKAKASAL:1 SANA:1 KASINTAHAN:1 SUSUNOD:1 BUWAN:1 RIN:1 LUGAR:1 KRIMEN:1 BATO:1 DUGO:1 BIKTIMA:3 NAGING:1 DAHILAN:1 KAMATAYAN:1 LUMALABAS:1 GABI:1 MATAPOS:1 INUMAN:1 KAIBIGAN:1 KAPATID:1 UMANO:1 ITO:2 UMUWI:1 NGUNIT:1 PULISYA:2 POSIBLE:1 DIN:1 DAHIL:1 MOTORSIKLO:1 IMBESTIGASYON:1 HINGGIL:1 INSIDENTE:1 PATAY:2 KARIBAL:1 ANAK:1 AMA:1 PUWERSA:1 ILANG:3 KABATAAN:2 MAGING:3 RESPONSABLE:3 PAMUNUAN:1 PUBLIKO:1 PAGGAMIT:1 GRUPO:1 YOU:4 MUST:1 ADDRESS:2 DILIMAN:2 PARA:1 MAS:1 MATIBAY:1 PAARALAN:1 ALERT:1 DESISYON:1 KASO:1 DATING:1 ALL:3 YOUR:4 OUR:3 ARE:7 FOR:7 THE:29 NAME:4 DAYS:5 TRAFFIC:2 LAST:5 THERE:1 NOT:2 WAS:1 END:2 TEST:1 PAGE:2 GAT:1 TAG:1 SHOW:1 VIDEO:1 VIEW:1 DAY:1 ALSO:1 SEARCH:1 CLOSE:2
https://saksingayon.com/anak-patay-ama-sugatan-sa-banggaan/	ANAK:3 PATAY:3 AMA:5 SAKSI:3 NGAYON:4 SEPTEMBER:19 NOON:2 POLICE:4 KONGRESO:2 BAKIT:2 WALA:2 NANG:4 MAKUHA:2 PROSEKUSYON:2 PATULOY:4 MINAHAN:3 MGA:5 GUWARDIYA:3 BUWANG:4 SAHOD:3 BALITA:5 METRO:1 PROBINSIYA:5 IBA:2 ISYU:1 NEW:9 YEAR:1 MANALO:1 MAY:9 AND:16 SARA:1 OPINYON:1 KALUSUGAN:1 KAGANDAHAN:1 KULTURA:1 TEKNOLOHIYA:1 PAGKAIN:1 KAINAN:1 PASYALAN:1 BAHAY:1 ESTILO:1 GALAW:1 MERKADO:1 LAGAY:1 PANAHON:1 RED:1 SPECIAL:1 ANG:13 APAT:1 TAON:1 GULANG:1 BATANG:1 LALAKI:1 HABANG:4 MOTORSIKLO:3 KAMAKALAWA:1 HAPON:2 TALINO:2 ANYOS:2 NAMAN:1 NITO:2 BOY:4 RESIDENTE:1 BARANGAY:2 BATAY:1 PULISYA:1 ALAS:1 MAGANAP:1 INSIDENTE:1 PUROK:1 SAMPAGUITA:1 BAYAN:1 LUMALABAS:1 IMBESTIGASYON:1 NAKAINOM:1 UMANO:1 ANGKAS:1 DUMATING:1 SILA:1 DAAN:1 DITO:1 DAHILAN:1 UPANG:1 BUNGGO:1 ITO:1 AGAD:1 DINALA:1 OSPITAL:1 MAG:1 SUBALIT:1 BAGO:1 ALBUM:1 WORLD:1 PUWERSA:1 ILANG:3 KABATAAN:2 MAGING:3 RESPONSABLE:3 PAMUNUAN:1 PUBLIKO:1 PAGGAMIT:1 GRUPO:1 YOU:4 MUST:1 ADDRESS:2 DILIMAN:2 PARA:1 MAS:1 MATIBAY:1 PAARALAN:1 ALERT:1 DESISYON:1 KASO:1 DATING:1 BIKTIMA:1 ALL:3 YOUR:4 OUR:3 ARE:7 FOR:7 THE:29 NAME:4 DAYS:5 TRAFFIC:2 LAST:5 THERE:1 NOT:2 WAS:1 END:2 TEST:1 PAGE:2 GAT:1 TAG:1 SHOW:1 VIDEO:1 VIEW:1 DAY:1 ALSO:1 SEARCH:1 CLOSE:2
https://saksingayon.com/nagkasagian-nauwi-sa-patayan/	PATAYAN:3 SAKSI:3 NGAYON:5 SEPTEMBER:19 NOON:2 POLICE:4 KONGRESO:2 BAKIT:3 WALA:2 NANG:7 MAKUHA:2 PROSEKUSYON:2 PATULOY:4 MINAHAN:3 MGA:6 GUWARDIYA:3 BUWANG:4 SAHOD:3 BALITA:5 METRO:1 PROBINSIYA:5 IBA:3 ISYU:1 NEW:9 YEAR:1 MANALO:1 MAY:9 AND:16 SARA:1 OPINYON:1 KALUSUGAN:1 KAGANDAHAN:1 KULTURA:1 TEKNOLOHIYA:1 PAGKAIN:1 KAINAN:1 PASYALAN:1 BAHAY:1 ESTILO:1 GALAW:1 MERKADO:1 LAGAY:1 PANAHON:1 RED:1 SPECIAL:1 SABOG:1 ANG:20 BUNGO:1 BARILIN:1 ITO:3 SENTIDO:2 HINDI:1 SUSPEK:9 SAKAY:1 KOTSE:1 MATAPOS:2 KAHAPON:1 ANYOS:1 HABANG:2 NAMAN:1 KAPATID:1 PULISYA:2 NAGANAP:1 INSIDENTE:1 BARANGAY:1 ABANGAN:1 BATAY:1 KUWENTO:1 ANGKAS:1 SIYA:2 SALPUKIN:1 SILA:2 LIKURAN:1 UMANO:4 HALIP:1 TINGNAN:1 KUNG:3 ANO:1 AGAD:1 SILANG:1 KASALANAN:1 NAGKAROON:1 ARGUMENTO:1 DALAWA:1 DAPAT:1 MUNA:1 BAGO:1 DAGDAG:1 TANUNGIN:1 DAW:1 KUYA:2 SINO:1 BIGLA:1 BARIL:1 MAGING:5 DIN:1 NGUNIT:2 MABILIS:1 KUHA:1 LUGAR:1 SASAKYAN:2 BERIPIKAHIN:1 ARI:1 SASA:1 ISANG:1 UPANG:1 ALAMIN:1 PARA:2 RIN:1 NITO:2 KASAMA:1 ALBUM:1 WORLD:1 SUNDALO:1 TODAS:1 PUWERSA:1 ILANG:3 KABATAAN:2 RESPONSABLE:3 PAMUNUAN:1 PUBLIKO:1 PAGGAMIT:1 GRUPO:1 YOU:4 MUST:1 ADDRESS:2 DILIMAN:2 MAS:1 MATIBAY:1 PAARALAN:1 ALERT:1 DESISYON:1 KASO:1 DATING:1 BIKTIMA:1 ALL:3 YOUR:4 OUR:3 ARE:7 FOR:7 THE:29 NAME:4 DAYS:5 TRAFFIC:2 LAST:5 THERE:1 NOT:2 WAS:1 END:2 TEST:1 PAGE:2 GAT:1 TAG:1 SHOW:1 VIDEO:1 VIEW:1 DAY:1 ALSO:1 SEARCH:1 CLOSE:2
https://saksingayon.com/retiradong-sundalo-todas-sa-riding-in-tandem/	SUNDALO:2 TODAS:2 SAKSI:3 NGAYON:4 SEPTEMBER:19 NOON:2 POLICE:5 KONGRESO:2 BAKIT:2 WALA:2 NANG:3 MAKUHA:2 PROSEKUSYON:2 PATULOY:5 MINAHAN:3 MGA:8 GUWARDIYA:3 BUWANG:4 SAHOD:3 BALITA:5 METRO:1 PROBINSIYA:5 IBA:2 ISYU:1 NEW:8 YEAR:1 MANALO:1 MAY:9 AND:16 SARA:1 OPINYON:1 KALUSUGAN:1 KAGANDAHAN:1 KULTURA:1 TEKNOLOHIYA:1 PAGKAIN:1 KAINAN:1 PASYALAN:1 BAHAY:3 ESTILO:1 GALAW:1 MERKADO:1 LAGAY:1 PANAHON:1 RED:1 SPECIAL:1 PATAY:1 ANG:13 HINDI:2 LABAS:2 KAHAPON:1 UMAGA:1 PIGA:1 TAONG:1 GULANG:1 RESIDENTE:1 BARANGAY:1 BUHAY:1 PAGAMUTAN:1 DULOT:1 SUGAT:1 PARTE:1 KATAWAN:1 AYON:1 KAY:1 NAGHUHUGAS:1 LAMANG:2 UMANO:1 PLATO:1 BIKTIMA:3 DUMATING:1 SAKAY:1 MOTORSIKLO:1 MULA:1 LIKURAN:1 BIGLA:1 BALA:1 GAMIT:1 KALIBRE:1 BARIL:1 SAKA:1 AGAD:1 TUMAKAS:1 SUSPEK:2 IMBESTIGASYON:1 AWTORIDAD:1 TUNGKOL:1 INSIDENTE:1 PARA:2 ALAMIN:1 TUNAY:1 MOTIBO:1 KRIMEN:1 GAYUNDIN:1 PAGKAKAKILANLAN:1 PATAYAN:1 BANGKAY:1 GINANG:1 PALUTANG:1 LUTANG:1 PUWERSA:1 ILANG:3 KABATAAN:2 MAGING:3 RESPONSABLE:3 PAMUNUAN:1 PUBLIKO:1 PAGGAMIT:1 GRUPO:1 YOU:4 MUST:1 ADDRESS:2 DILIMAN:2 MAS:1 MATIBAY:1 PAARALAN:1 ALERT:1 DESISYON:1 KASO:1 DATING:1 ALL:3 YOUR:4 OUR:3 ARE:7 FOR:7 THE:29 NAME:4 DAYS:5 TRAFFIC:2 LAST:5 THERE:1 NOT:2 WAS:1 END:2 TEST:1 PAGE:2 GAT:1 TAG:1 SHOW:1 VIDEO:1 VIEW:1 DAY:1 ALSO:1 SEARCH:1 CLOSE:2
https://saksingayon.com/bangkay-ng-ginang-natagpuang-palutang-lutang/	BANGKAY:4 GINANG:4 PALUTANG:3 LUTANG:3 SAKSI:3 NGAYON:4 SEPTEMBER:19 NOON:3 POLICE:4 KONGRESO:2 BAKIT:2 WALA:2 NANG:2 MAKUHA:2 PROSEKUSYON:2 PATULOY:4 MINAHAN:3 MGA:6 GUWARDIYA:3 BUWANG:4 SAHOD:3 BALITA:5 METRO:1 PROBINSIYA:5 IBA:2 ISYU:1 NEW:8 YEAR:1 MANALO:1 MAY:9 AND:16 SARA:1 OPINYON:1 KALUSUGAN:1 KAGANDAHAN:1 KULTURA:1 TEKNOLOHIYA:1 PAGKAIN:1 KAINAN:1 PASYALAN:1 BAHAY:1 ESTILO:1 GALAW:1 MERKADO:1 LAGAY:1 PANAHON:1 RED:1 SPECIAL:1 ALBAY:1 ANG:12 ISANG:1 MATAPOS:2 MAHULOG:1 ITO:1 BANGKA:2 KAHAPON:1 UMAGA:1 AYON:1 LINGGO:1 KASAMA:1 ASAWA:1 TATLO:1 ANAK:1 SAKOP:1 PALAD:1 MANGINGISDA:1 LUGAR:1 MISTER:1 BATA:1 HABANG:1 BIKTIMA:2 HANGGANG:1 NAKARAAN:1 ARAW:1 LAMANG:1 PULISYA:1 INSIDENTE:1 WATER:1 SUNDALO:1 TODAS:1 KALABOSO:1 PUWERSA:1 ILANG:3 KABATAAN:2 MAGING:3 RESPONSABLE:3 PAMUNUAN:1 PUBLIKO:1 PAGGAMIT:1 GRUPO:1 YOU:4 MUST:1 ADDRESS:2 DILIMAN:2 PARA:1 MAS:1 MATIBAY:1 PAARALAN:1 ALERT:1 DESISYON:1 KASO:1 DATING:1 ALL:3 YOUR:4 OUR:3 ARE:7 FOR:7 THE:29 NAME:4 DAYS:5 TRAFFIC:2 LAST:5 THERE:1 NOT:2 WAS:1 END:2 TEST:1 PAGE:2 GAT:1 TAG:1 SHOW:1 VIDEO:1 VIEW:1 DAY:1 ALSO:1 SEARCH:1 CLOSE:2
https://saksingayon.com/rapist-kalaboso/	KALABOSO:3 SAKSI:3 NGAYON:5 SEPTEMBER:19 NOON:2 POLICE:4 KONGRESO:2 BAKIT:2 WALA:2 NANG:2 MAKUHA:2 PROSEKUSYON:2 PATULOY:4 MINAHAN:3 MGA:5 GUWARDIYA:3 BUWANG:4 SAHOD:3 BALITA:5 METRO:1 PROBINSIYA:5 IBA:2 ISYU:1 NEW:8 YEAR:1 MANALO:1 MAY:9 AND:16 SARA:1 OPINYON:1 KALUSUGAN:1 KAGANDAHAN:1 KULTURA:1 TEKNOLOHIYA:1 PAGKAIN:1 KAINAN:1 PASYALAN:1 BAHAY:1 ESTILO:1 GALAW:1 MERKADO:1 LAGAY:1 PANAHON:1 RED:1 SPECIAL:1 NORTE:1 ANG:9 ISANG:2 LALAKI:1 PANGGAGAHASA:2 ILEGAL:1 DROGA:1 KAHAPON:1 UMAGA:1 RESIDENTE:1 LALAWIGAN:1 HEPE:1 SILA:1 REKLAMO:1 HINGGIL:1 UMANO:1 SUSPEK:3 ANAK:1 DAHILAN:1 UPANG:1 MAGSAGAWA:1 OPERASYON:1 AWTORIDAD:1 NITO:1 MULA:1 PAG:1 GRANADA:1 SHABU:1 PATONG:2 KASO:2 BANGKAY:1 GINANG:1 PALUTANG:1 LUTANG:1 ARAW:1 PIRMA:1 LANG:1 KULANG:1 PUWERSA:1 ILANG:3 KABATAAN:2 MAGING:3 RESPONSABLE:3 PAMUNUAN:1 PUBLIKO:1 PAGGAMIT:1 GRUPO:1 YOU:4 MUST:1 ADDRESS:2 DILIMAN:2 PARA:1 MAS:1 MATIBAY:1 PAARALAN:1 ALERT:1 DESISYON:1 DATING:1 BIKTIMA:1 ALL:3 YOUR:4 OUR:3 ARE:7 FOR:7 THE:29 NAME:4 DAYS:5 TRAFFIC:2 LAST:5 THERE:1 NOT:2 WAS:1 END:2 TEST:1 PAGE:2 GAT:1 TAG:1 SHOW:1 VIDEO:1 VIEW:1 DAY:1 ALSO:1 SEARCH:1 CLOSE:2
https://saksingayon.com/105-araw-na-maternity-leave-pirma-na-lang-ni-du30-ang-kulang/	ARAW:3 PIRMA:3 LANG:3 ANG:16 KULANG:3 SAKSI:3 NGAYON:4 SEPTEMBER:19 NOON:2 POLICE:2 KONGRESO:3 BAKIT:2 WALA:2 NANG:2 MAKUHA:2 PROSEKUSYON:2 PATULOY:2 MINAHAN:2 MGA:11 GUWARDIYA:2 BUWANG:2 SAHOD:2 BALITA:5 METRO:1 PROBINSIYA:1 IBA:2 ISYU:2 NEW:8 YEAR:1 MANALO:1 MAY:12 AND:17 SARA:1 OPINYON:1 KALUSUGAN:1 KAGANDAHAN:1 KULTURA:1 TEKNOLOHIYA:1 PAGKAIN:1 KAINAN:1 PASYALAN:1 BAHAY:1 ESTILO:1 GALAW:1 MERKADO:1 LAGAY:1 PANAHON:2 RED:1 SPECIAL:1 PARA:3 MAGING:3 BATAS:1 DAYS:8 MATAPOS:2 RATIPIKAHAN:1 ITO:3 KAMARA:1 PAGKAKATAON:1 PANUKALA:5 SUBALIT:2 ARALAN:1 KAPULUNGAN:1 ALISIN:1 PROBISYON:1 GAYUNPAMAN:1 EMPLEYADO:1 HINDI:2 LAMANG:1 GOBYERNO:1 KUNDI:1 BAYAD:1 LAYON:1 INA:1 SAPAT:1 ATENSYON:1 MAS:3 SILANG:1 ANAK:1 DIN:2 KASAMA:1 BABAYARAN:2 AHENSYA:1 MAGKAKAROON:1 DAGDAG:1 SOLO:1 SILA:1 BUO:1 KALABOSO:1 KAGAMITAN:1 NGUNIT:1 MAPAYAPA:1 MAAYOS:2 NAGING:1 PAYAPA:1 KABUUAN:1 AKTIBIDAD:1 GRUPO:1 OPOSISYON:1 DAPAT:1 SAGUTIN:1 PLEBISITO:1 HUWAG:1 MADALIIN:1 MALINAW:1 PROSESO:1 YOU:4 MUST:1 ADDRESS:2 DILIMAN:2 ILANG:1 KABATAAN:1 RESPONSABLE:1 MATIBAY:1 PAARALAN:1 ALERT:1 DESISYON:1 KASO:1 DATING:1 BIKTIMA:1 ALL:3 YOUR:4 OUR:3 ARE:7 FOR:7 THE:29 NAME:4 TRAFFIC:2 LAST:5 THERE:1 NOT:2 WAS:1 END:2 TEST:1 PAGE:2 GAT:1 TAG:1 SHOW:1 VIDEO:1 VIEW:1 DAY:1 ALSO:1 SEARCH:1 CLOSE:2
https://saksingayon.com/pacquiao-roach-may-reunion/	MAY:11 SAKSI:3 NGAYON:4 SEPTEMBER:19 NOON:2 POLICE:2 KONGRESO:2 BAKIT:2 WALA:2 NANG:3 MAKUHA:2 PROSEKUSYON:2 PATULOY:2 MINAHAN:2 MGA:6 GUWARDIYA:2 BUWANG:2 SAHOD:2 BALITA:2 METRO:1 PROBINSIYA:1 IBA:2 ISYU:1 NEW:10 YEAR:1 MANALO:1 AND:19 SARA:1 OPINYON:1 KALUSUGAN:1 KAGANDAHAN:1 KULTURA:1 TEKNOLOHIYA:1 PAGKAIN:1 KAINAN:1 PASYALAN:1 BAHAY:1 ESTILO:1 GALAW:1 MERKADO:1 LAGAY:1 PANAHON:1 RED:1 SPECIAL:3 ANG:12 SERBISYO:1 PARA:7 LABAN:4 KAY:3 BAGO:3 LUNES:1 SINA:1 BUBOY:2 MAGING:2 GABI:1 LAS:1 HINDI:5 NAGING:1 LABANAN:1 TALUNIN:1 ROUND:1 DIN:1 NIYA:1 BILANG:1 BAGAMAT:1 DAHIL:1 SIYA:1 PERSONAL:1 PERO:2 DIIN:1 INTERVIEW:1 HANDA:1 ANYOS:1 BOKSINGERO:1 NITO:1 TULONG:1 MULI:1 NGANG:1 GOOD:1 LAHAD:1 OUR:4 GAYA:2 NAIS:1 LAMANG:1 GURO:1 HAYAAN:1 TULAD:1 KUMPIYANSA:1 MAGIGING:1 MAAYOS:1 NINA:1 PAGHAHANDA:1 IPO:1 PER:1 VIEW:2 CAN:1 JUST:1 THE:35 LIKE:1 PALIWANAG:1 NASA:1 TWO:1 ISA:1 NILA:1 AGAD:1 ENSAYO:1 LILIPAD:1 CAR:1 MAG:1 PASKO:1 TIKET:2 MULA:1 HANGGANG:1 ARAW:1 PIRMA:1 LANG:1 KULANG:1 HOME:1 FOR:8 RIGHT:1 SPEED:2 YOU:4 MUST:1 ADDRESS:1 DILIMAN:1 ILANG:1 KABATAAN:1 RESPONSABLE:1 MAS:1 MATIBAY:1 PAARALAN:1 ALERT:1 DESISYON:1 KASO:1 DATING:1 BIKTIMA:1 ALL:3 YOUR:4 ARE:7 NAME:4 DAYS:5 TRAFFIC:2 LAST:5 THERE:1 NOT:2 WAS:1 END:2 TEST:1 PAGE:2 GAT:1 TAG:1 SHOW:1 VIDEO:1 DAY:1 ALSO:1 SEARCH:1 CLOSE:2
https://saksingayon.com/national-budget-lumusot-na/	SAKSI:3 NGAYON:6 SEPTEMBER:19 NOON:2 POLICE:2 KONGRESO:3 BAKIT:3 WALA:2 NANG:3 MAKUHA:2 PROSEKUSYON:2 PATULOY:2 MINAHAN:2 MGA:14 GUWARDIYA:2 BUWANG:2 SAHOD:2 BALITA:5 METRO:1 PROBINSIYA:1 IBA:2 ISYU:2 NEW:9 YEAR:1 MANALO:1 MAY:11 AND:16 SARA:1 OPINYON:1 KALUSUGAN:1 KAGANDAHAN:1 KULTURA:1 TEKNOLOHIYA:1 PAGKAIN:1 KAINAN:1 PASYALAN:1 BAHAY:1 ESTILO:1 GALAW:1 MERKADO:1 LAGAY:1 PANAHON:1 RED:1 SPECIAL:1 IKATLO:1 ANG:13 KAPULUNGAN:1 ISANG:1 ARAW:1 MATAPOS:1 PAGDUDAHAN:1 SENADO:1 MABAGAL:1 PAG:2 PONDO:4 BOTONG:1 PABOR:1 TUTOL:1 PINAGHIHINALAAN:1 KAYA:3 DITO:2 KAMARA:1 ANDAYA:3 BAGO:1 NITO:1 ISA:1 DAHILAN:1 KUNG:2 HINDI:3 AGAD:2 DAHIL:1 MULA:1 LALO:1 PONDOHAN:3 PROYEKTO:2 ARE:9 HANGGANG:1 NGA:1 THE:33 EVEN:1 ANI:1 MAMBABATAS:1 GUSTO:1 TULAD:1 KALSADA:1 BANSA:1 MALIBAN:1 HUMINGI:1 DIN:2 UMANO:4 PARA:5 MIYEMBRO:1 ITO:2 PLENARYO:1 KONGRESISTA:1 PET:1 NOW:1 IYONG:2 BOLA:1 NASA:1 ANO:1 MAGIGING:1 BUT:1 RIGHT:1 WIKA:1 PANGAKO:1 KAGAMITAN:1 NGUNIT:1 MAPAYAPA:1 MAAYOS:2 NAGING:1 PAYAPA:1 KABUUAN:1 AKTIBIDAD:1 GRUPO:1 OPOSISYON:1 DAPAT:1 SAGUTIN:1 PLEBISITO:1 HUWAG:1 MADALIIN:1 MAS:2 MALINAW:1 PROSESO:1 YOU:4 MUST:1 ADDRESS:2 DILIMAN:2 ILANG:1 KABATAAN:1 MAGING:1 RESPONSABLE:1 MATIBAY:1 PAARALAN:1 ALERT:1 DESISYON:1 KASO:1 DATING:1 BIKTIMA:1 ALL:3 YOUR:4 OUR:3 FOR:7 NAME:4 DAYS:5 TRAFFIC:2 LAST:5 THERE:1 NOT:2 WAS:1 END:2 TEST:1 PAGE:2 GAT:1 TAG:1 SHOW:1 VIDEO:1 VIEW:1 DAY:1 ALSO:1 SEARCH:1 CLOSE:2
https://saksingayon.com/pangako-ng-china-sa-pinas-kinuwestyon/	PANGAKO:3 SAKSI:3 NGAYON:6 SEPTEMBER:19 NOON:2 POLICE:2 KONGRESO:2 BAKIT:4 WALA:3 NANG:2 MAKUHA:2 PROSEKUSYON:2 PATULOY:2 MINAHAN:2 MGA:8 GUWARDIYA:2 BUWANG:2 SAHOD:2 BALITA:5 METRO:1 PROBINSIYA:1 IBA:2 ISYU:2 NEW:8 YEAR:1 MANALO:1 MAY:10 AND:16 SARA:1 OPINYON:1 KALUSUGAN:1 KAGANDAHAN:1 KULTURA:1 TEKNOLOHIYA:1 PAGKAIN:1 KAINAN:1 PASYALAN:1 BAHAY:1 ESTILO:1 GALAW:1 MERKADO:1 LAGAY:1 PANAHON:1 RED:1 SPECIAL:1 ANG:12 PARA:3 ITO:4 TERMINO:1 KAY:2 LIST:1 KAHAPON:1 BANSA:1 KULANG:1 HANGGANG:2 HINDI:2 NAKO:1 IBIGAY:1 ATIN:1 ANI:2 MAMBABATAS:1 PROYEKTO:3 UMANO:3 SUBALIT:2 ISA:1 LAMANG:1 DITO:1 PROJECT:1 CHICO:1 KUNG:1 SAAN:1 GINAGAWA:1 GOBYERNO:1 ALL:4 PAGDATING:1 ANO:1 KASUNDUAN:1 PIPIRMAHAN:1 BUT:1 NOT:3 MUCH:1 BEEN:1 THE:30 MONEY:1 POSIBLE:1 KAGAMITAN:1 NGUNIT:1 MAPAYAPA:1 MAAYOS:2 NAGING:1 PAYAPA:1 KABUUAN:1 AKTIBIDAD:1 GRUPO:1 OPOSISYON:1 DAPAT:1 SAGUTIN:1 PLEBISITO:1 HUWAG:1 MADALIIN:1 MAS:2 MALINAW:1 PROSESO:1 YOU:4 MUST:1 ADDRESS:2 DILIMAN:2 ILANG:1 KABATAAN:1 MAGING:1 RESPONSABLE:1 MATIBAY:1 PAARALAN:1 ALERT:1 DESISYON:1 KASO:1 DATING:1 BIKTIMA:1 YOUR:4 OUR:3 ARE:7 FOR:7 NAME:4 DAYS:5 TRAFFIC:2 LAST:5 THERE:1 WAS:1 END:2 TEST:1 PAGE:2 GAT:1 TAG:1 SHOW:1 VIDEO:1 VIEW:1 DAY:1 ALSO:1 SEARCH:1 CLOSE:2
https://saksingayon.com/chinese-money-sa-2019-election-posible-solon/	MONEY:4 POSIBLE:2 SAKSI:3 NGAYON:4 SEPTEMBER:19 NOON:2 POLICE:2 KONGRESO:2 BAKIT:2 WALA:2 NANG:3 MAKUHA:2 PROSEKUSYON:2 PATULOY:2 MINAHAN:2 MGA:13 GUWARDIYA:2 BUWANG:2 SAHOD:2 BALITA:5 METRO:1 PROBINSIYA:1 IBA:2 ISYU:2 NEW:8 YEAR:1 MANALO:2 MAY:12 AND:16 SARA:1 OPINYON:1 KALUSUGAN:1 KAGANDAHAN:1 KULTURA:1 TEKNOLOHIYA:1 PAGKAIN:1 KAINAN:1 PASYALAN:1 BAHAY:1 ESTILO:1 GALAW:1 MERKADO:1 LAGAY:1 PANAHON:1 RED:1 SPECIAL:1 HINDI:2 ISINASANTABI:1 ISANG:1 ANG:11 MAGKAROON:1 PARA:3 KANDIDATO:3 ANI:2 LIST:1 KUNG:2 POSIBILIDAD:2 LABAN:1 LALO:2 ALYANSA:1 DALAWA:1 FOR:8 THE:31 WHY:1 AYON:1 KAY:1 NANGYARI:1 UMANO:3 ITO:3 SAAN:1 PAMAMAGITAN:1 PUMASOK:1 BANSA:4 NILA:1 MALAKI:1 DIN:1 KASI:1 MUCH:1 MORE:1 GAYUNPAMAN:1 MAMBABATAS:1 MAHIRAP:1 BANTAYAN:1 PERA:1 ADMINISTRASYON:1 DAHIL:2 MAHINA:1 USAPIN:2 SUBALIT:1 KAILANGAN:1 MAKIALAM:1 PAGDATING:1 LIDER:1 PANGAKO:1 KAGAMITAN:1 NGUNIT:1 MAPAYAPA:1 MAAYOS:2 NAGING:1 PAYAPA:1 KABUUAN:1 AKTIBIDAD:1 GRUPO:1 OPOSISYON:1 DAPAT:1 SAGUTIN:1 PLEBISITO:1 HUWAG:1 MADALIIN:1 MAS:2 MALINAW:1 PROSESO:1 YOU:4 MUST:1 ADDRESS:2 DILIMAN:2 ILANG:1 KABATAAN:1 MAGING:1 RESPONSABLE:1 MATIBAY:1 PAARALAN:1 ALERT:1 DESISYON:1 KASO:1 DATING:1 BIKTIMA:1 ALL:3 YOUR:4 OUR:3 ARE:7 NAME:4 DAYS:5 TRAFFIC:2 LAST:5 THERE:1 NOT:2 WAS:1 END:2 TEST:1 PAGE:2 GAT:1 TAG:1 SHOW:1 VIDEO:1 VIEW:1 DAY:1 ALSO:1 SEARCH:1 CLOSE:2
https://saksingayon.com/baklasan-sa-bakclash/	SAKSI:3 NGAYON:4 SEPTEMBER:19 NOON:3 POLICE:2 KONGRESO:2 BAKIT:2 WALA:3 NANG:4 MAKUHA:2 PROSEKUSYON:2 PATULOY:2 MINAHAN:2 MGA:4 GUWARDIYA:2 BUWANG:2 SAHOD:2 BALITA:2 METRO:1 PROBINSIYA:1 IBA:2 ISYU:1 NEW:8 YEAR:1 MANALO:1 MAY:11 AND:17 SARA:1 OPINYON:1 KALUSUGAN:1 KAGANDAHAN:1 KULTURA:1 TEKNOLOHIYA:1 PAGKAIN:1 KAINAN:1 PASYALAN:1 BAHAY:1 ESTILO:1 GALAW:1 MERKADO:1 LAGAY:1 PANAHON:1 RED:1 SPECIAL:1 ANG:11 TUNAY:1 MADLA:1 PANANGHALIAN:1 BULAGA:1 SHOW:3 ITO:3 BILANG:4 ATE:2 SIYA:2 TIKTILAOK:1 PAGKATAPOS:1 ISA:3 LABAN:2 YON:1 KUNG:1 THE:30 LAHAT:1 DIN:1 NAMAN:1 DAHIL:1 NGA:2 KAPUSO:1 BAGO:1 LUMIPAD:1 BAKOD:1 KAPAMILYA:1 BUWAN:1 IYON:1 TAGISAN:1 ROUND:1 BUKOD:1 MATIRA:1 MAG:1 IPIT:1 BOSES:1 MONEY:1 POSIBLE:1 PURGATORYO:1 LANGIT:1 DATING:2 DIREK:1 DUMALO:1 KAMI:1 BREAK:2 HINDI:1 RIN:1 INA:1 NAGING:1 MAILAP:1 SUMAGOT:1 LEON:1 BATANG:1 TUNGKOL:1 PAMBANSA:2 PROJECT:1 HANGGANG:1 YOU:4 MUST:1 ADDRESS:1 DILIMAN:1 ILANG:1 KABATAAN:1 MAGING:1 RESPONSABLE:1 PARA:1 MAS:1 MATIBAY:1 PAARALAN:1 ALERT:1 DESISYON:1 KASO:1 BIKTIMA:1 ALL:3 YOUR:4 OUR:3 ARE:7 FOR:7 NAME:4 DAYS:5 TRAFFIC:2 LAST:5 THERE:1 NOT:2 WAS:1 END:2 TEST:1 PAGE:2 GAT:1 TAG:1 VIDEO:1 VIEW:1 DAY:1 ALSO:1 SEARCH:1 CLOSE:2
https://saksingayon.com/hintayan-sa-purgatoryo-patungong-langit/	PURGATORYO:4 LANGIT:5 SAKSI:3 NGAYON:4 SEPTEMBER:19 NOON:2 POLICE:2 KONGRESO:2 BAKIT:2 WALA:3 NANG:6 MAKUHA:2 PROSEKUSYON:2 PATULOY:2 MINAHAN:2 MGA:3 GUWARDIYA:2 BUWANG:2 SAHOD:2 BALITA:2 METRO:1 PROBINSIYA:1 IBA:2 ISYU:1 NEW:8 YEAR:1 MANALO:1 MAY:11 AND:18 SARA:1 OPINYON:1 KALUSUGAN:1 KAGANDAHAN:1 KULTURA:1 TEKNOLOHIYA:1 PAGKAIN:1 KAINAN:1 PASYALAN:1 BAHAY:1 ESTILO:1 GALAW:1 MERKADO:1 LAGAY:1 PANAHON:1 RED:1 SPECIAL:1 ANG:13 PARA:3 BEST:1 MAGKAKAROON:1 COMMERCIAL:1 SIMULA:1 PROJECT:2 ARI:1 SINA:1 KINA:1 ITO:3 BILANG:1 NAMATAY:1 SIYA:2 KOMPLIKASYON:1 MATAGAL:1 BAGA:1 MAKULIT:1 MADALAS:1 NIYA:2 KALULUWA:2 DUMATING:1 TAKDANG:1 ARAW:1 DATING:4 DOON:1 LANG:1 KANYA:1 IYON:1 ANO:1 PAKIRAMDAM:1 SALOOBIN:1 ISANG:1 NALILIGAW:1 PROBINSYANO:1 DIREK:1 DUMALO:1 KAMI:1 BREAK:2 HINDI:1 RIN:1 INA:1 NAGING:1 MAILAP:1 SUMAGOT:1 LEON:1 BATANG:1 TUNGKOL:1 PAMBANSA:2 HANGGANG:1 YOU:4 MUST:1 ADDRESS:1 DILIMAN:1 ILANG:1 KABATAAN:1 MAGING:1 RESPONSABLE:1 MAS:1 MATIBAY:1 PAARALAN:1 ALERT:1 DESISYON:1 KASO:1 BIKTIMA:1 ALL:3 YOUR:4 OUR:3 ARE:7 FOR:7 THE:29 NAME:4 DAYS:5 TRAFFIC:2 LAST:5 THERE:1 NOT:2 WAS:1 END:2 TEST:1 PAGE:2 GAT:1 TAG:1 SHOW:1 VIDEO:1 VIEW:1 DAY:1 ALSO:1 SEARCH:1 CLOSE:2
https://saksingayon.com/ang-probinsyano-controversy-coco-martin-at-pnp-chief-nag-set-ng-meeting/	ANG:20 PROBINSYANO:5 SAKSI:3 NGAYON:5 SEPTEMBER:19 NOON:2 POLICE:5 KONGRESO:2 BAKIT:2 WALA:3 NANG:4 MAKUHA:2 PROSEKUSYON:2 PATULOY:2 MINAHAN:2 MGA:8 GUWARDIYA:2 BUWANG:2 SAHOD:2 BALITA:2 METRO:1 PROBINSIYA:1 IBA:2 ISYU:2 NEW:8 YEAR:1 MANALO:1 MAY:13 AND:18 SARA:1 OPINYON:1 KALUSUGAN:1 KAGANDAHAN:1 KULTURA:1 TEKNOLOHIYA:1 PAGKAIN:1 KAINAN:1 PASYALAN:1 BAHAY:1 ESTILO:1 GALAW:1 MERKADO:1 LAGAY:1 PANAHON:1 RED:1 SPECIAL:1 DAHIL:2 ALBAYALDE:3 ANO:3 MARAMI:1 KANILA:1 KASAMA:1 DITO:1 GANDA:2 GRUPO:1 KAMAKAILAN:2 RIN:3 SUPORTA:1 KANYA:1 TELESERYE:4 NIYA:1 IWANAN:1 SABI:2 HINDI:3 DAW:4 DAPAT:2 KAPULISAN:1 GOBYERNO:2 PALABAS:3 ITO:7 ISIP:2 LAMANG:3 ORDER:1 PAGHAHANDA:1 NAMAN:3 LAGI:1 KUNG:2 MANG:1 AHENSYA:1 ISTORYA:1 PALAGAY:1 KAY:1 KASI:1 ILANG:2 PULIS:1 MASYADO:1 RAW:1 SILANG:1 LIGHT:1 EFFECT:1 DUMATING:1 SUPPORT:1 NITO:2 IBIG:1 SABIHIN:1 NILA:2 IBINIBIGAY:1 LANG:1 NGA:1 SILA:1 KASO:2 LABAN:1 SHOW:2 OUR:4 GITNA:1 ALINGASNGAS:1 RING:1 MAG:1 USAP:1 SINA:1 PARA:3 PAG:2 USAPAN:2 PANIG:1 KAHAPON:1 ISANG:2 ALAM:1 IYON:1 DETALYE:1 CAN:2 WHERE:1 PURGATORYO:1 LANGIT:1 MAYOR:1 DATING:2 DIREK:1 DUMALO:1 KAMI:1 BREAK:2 INA:1 NAGING:1 MAILAP:1 SUMAGOT:1 LEON:1 BATANG:1 TUNGKOL:1 PAMBANSA:2 PROJECT:1 HANGGANG:1 YOU:4 MUST:1 ADDRESS:1 DILIMAN:1 KABATAAN:1 MAGING:1 RESPONSABLE:1 MAS:1 MATIBAY:1 PAARALAN:1 ALERT:1 DESISYON:1 BIKTIMA:1 ALL:3 YOUR:4 ARE:7 FOR:7 THE:29 NAME:4 DAYS:5 TRAFFIC:2 LAST:5 THERE:1 NOT:2 WAS:1 END:2 TEST:1 PAGE:2 GAT:1 TAG:1 VIDEO:1 VIEW:1 DAY:1 ALSO:1 SEARCH:1 CLOSE:2
https://saksingayon.com/pop-diva-mariah-carey-releases-new-album-sets-2019-world-tour/	NEW:12 ALBUM:11 WORLD:3 SAKSI:3 NGAYON:4 SEPTEMBER:20 NOON:2 POLICE:2 KONGRESO:2 BAKIT:2 WALA:3 NANG:7 MAKUHA:2 PROSEKUSYON:2 PATULOY:2 MINAHAN:2 MGA:4 GUWARDIYA:2 BUWANG:2 SAHOD:2 BALITA:2 METRO:1 PROBINSIYA:1 IBA:2 ISYU:1 YEAR:1 MANALO:1 MAY:11 AND:18 SARA:1 OPINYON:1 KALUSUGAN:1 KAGANDAHAN:1 KULTURA:1 TEKNOLOHIYA:1 PAGKAIN:1 KAINAN:1 PASYALAN:1 BAHAY:1 ESTILO:1 GALAW:1 MERKADO:1 LAGAY:1 PANAHON:1 RED:1 SPECIAL:1 AWARD:1 JUST:1 IKA:1 NIYA:2 ITO:5 PURO:1 ANG:11 DAHIL:1 DITO:1 HINDI:2 LANG:2 KUNDI:1 PATI:1 LEAD:1 YOU:6 LAST:6 BAGO:1 NITO:1 NAMAN:1 MAG:1 THE:32 BUKOD:1 GRADE:1 LONG:1 LOVE:1 DIN:1 SIMULA:1 TEXAS:1 ANAK:1 PATAY:1 AMA:1 PATAYAN:1 DATING:2 DIREK:1 DUMALO:1 KAMI:1 BREAK:2 RIN:1 INA:1 NAGING:1 MAILAP:1 SUMAGOT:1 LEON:1 BATANG:1 TUNGKOL:1 PAMBANSA:2 PROJECT:1 HANGGANG:1 MUST:1 ADDRESS:1 DILIMAN:1 ILANG:1 KABATAAN:1 MAGING:1 RESPONSABLE:1 PARA:1 MAS:1 MATIBAY:1 PAARALAN:1 ALERT:1 DESISYON:1 KASO:1 BIKTIMA:1 ALL:3 YOUR:4 OUR:3 ARE:7 FOR:7 NAME:4 DAYS:5 TRAFFIC:2 THERE:1 NOT:2 WAS:1 END:2 TEST:1 PAGE:2 GAT:1 TAG:1 SHOW:1 VIDEO:1 VIEW:1 DAY:1 ALSO:1 SEARCH:1 CLOSE:2
https://saksingayon.com/political-leader-ni-mayor-oreta-inambus/	MAYOR:4 SAKSI:3 NGAYON:4 SEPTEMBER:19 NOON:2 POLICE:3 KONGRESO:2 BAKIT:2 WALA:3 NANG:3 MAKUHA:2 PROSEKUSYON:2 PATULOY:2 MINAHAN:2 MGA:6 GUWARDIYA:2 BUWANG:2 SAHOD:2 BALITA:5 METRO:5 PROBINSIYA:1 IBA:2 ISYU:1 NEW:8 YEAR:1 MANALO:1 MAY:10 AND:16 SARA:1 OPINYON:1 KALUSUGAN:1 KAGANDAHAN:1 KULTURA:1 TEKNOLOHIYA:1 PAGKAIN:1 KAINAN:1 PASYALAN:1 BAHAY:1 ESTILO:1 GALAW:1 MERKADO:1 LAGAY:1 PANAHON:1 RED:1 SPECIAL:1 ISANG:4 KAGAWAD:3 BARANGAY:4 KILALA:1 RING:1 MALABON:4 ANG:19 PATAY:1 MATAPOS:2 BALA:1 ARMADO:1 BARIL:2 LUNGSOD:2 KAHAPON:1 UMAGA:2 ULAT:1 SENIOR:1 TAMBO:1 ALYAS:1 ANYOS:2 RESIDENTE:1 DAMDAMIN:1 LUGAR:1 KASALUKUYAN:1 KAUSAP:1 BIKTIMA:8 TANOD:2 BALSA:1 GANAP:1 ALAS:1 DUMATING:1 HINDI:5 SUSPEK:2 NASA:2 EDAD:1 HANGGANG:2 TSINELAS:1 SHORT:1 BIGLA:1 LAMANG:1 ITO:1 HUMANDUSAY:1 MAMATAY:1 AGAD:2 MABILIS:2 TUMAKAS:1 PATUNGO:1 DIREKSIYON:1 PAMAMARIL:1 DINALA:1 PAGAMUTAN:1 DAHIL:1 RIN:2 BUHAY:1 AYON:1 NAMAN:2 KAY:2 TAON:1 LIDER:1 ARYA:1 PAMAMAHALA:1 UMANO:1 ELEKSIYON:1 SAMANTALA:1 MULA:1 KALIBRE:1 KRIMEN:1 DING:1 PARA:2 PAGPATAY:1 LOKAL:1 PULISYA:1 MAGSAGAWA:1 IMBESTIGASYON:1 UPANG:1 MAHULI:1 KAGAGAWAN:1 MANAGOT:1 BATAS:1 PROBINSYANO:1 TUNAY:1 RELASYON:1 MAINE:1 DATING:3 DESISYON:3 KASO:2 ONE:1 BALIGTARIN:1 YOU:4 MUST:1 ADDRESS:2 DILIMAN:2 ILANG:1 KABATAAN:1 MAGING:1 RESPONSABLE:1 MAS:1 MATIBAY:1 PAARALAN:1 ALERT:1 ALL:3 YOUR:4 OUR:3 ARE:7 FOR:7 THE:29 NAME:4 DAYS:5 TRAFFIC:2 LAST:5 THERE:1 NOT:2 WAS:1 END:2 TEST:1 PAGE:2 GAT:1 TAG:1 SHOW:1 VIDEO:1 VIEW:1 DAY:1 ALSO:1 SEARCH:1 CLOSE:2
https://saksingayon.com/walang-banta-vs-xi-jinping-visit/	BANTA:2 SAKSI:3 NGAYON:4 SEPTEMBER:19 NOON:2 POLICE:6 KONGRESO:2 BAKIT:2 WALA:2 NANG:2 MAKUHA:2 PROSEKUSYON:2 PATULOY:2 MINAHAN:2 MGA:14 GUWARDIYA:2 BUWANG:2 SAHOD:2 BALITA:5 METRO:2 PROBINSIYA:1 IBA:2 ISYU:2 NEW:8 YEAR:1 MANALO:1 MAY:11 AND:16 SARA:1 OPINYON:1 KALUSUGAN:1 KAGANDAHAN:1 KULTURA:1 TEKNOLOHIYA:1 PAGKAIN:1 KAINAN:1 PASYALAN:1 BAHAY:1 ESTILO:1 GALAW:1 MERKADO:1 LAGAY:1 PANAHON:1 RED:1 SPECIAL:1 MANILA:1 PANGANIB:1 STATE:3 NASA:2 BANSA:1 PARA:4 ILALIM:1 ADMINISTRASYON:1 AYON:1 KAY:1 ANG:8 AWTORIDAD:1 LIDER:1 HABANG:2 FULL:1 ALERT:2 HANGGANG:1 ALAMAN:1 RIOT:1 UPANG:2 SEGURIDAD:1 KONSULADO:2 MAKATI:2 PULIS:1 LUBID:1 HARAPAN:2 TANGGAPAN:1 SAMANTALA:1 HINDI:2 RITO:1 USAP:1 SINA:1 BAYAN:1 DAPAT:3 GAWIN:1 TARA:1 VIGILANTE:1 KAGAMITAN:1 NGUNIT:1 MAPAYAPA:1 MAAYOS:2 NAGING:1 PAYAPA:1 KABUUAN:1 AKTIBIDAD:1 GRUPO:1 OPOSISYON:1 SAGUTIN:1 PLEBISITO:1 HUWAG:1 MADALIIN:1 MAS:2 MALINAW:1 PROSESO:1 YOU:4 MUST:1 ADDRESS:2 DILIMAN:2 ILANG:1 KABATAAN:1 MAGING:1 RESPONSABLE:1 MATIBAY:1 PAARALAN:1 DESISYON:1 KASO:1 DATING:1 BIKTIMA:1 ALL:3 YOUR:4 OUR:3 ARE:7 FOR:7 THE:29 NAME:4 DAYS:5 TRAFFIC:2 LAST:5 THERE:1 NOT:2 WAS:1 END:2 TEST:1 PAGE:2 GAT:1 TAG:1 SHOW:1 VIDEO:1 VIEW:1 DAY:1 ALSO:1 SEARCH:1 CLOSE:2
https://saksingayon.com/sylvia-sanchez-hindi-napaamin-si-arjo-sa-tunay-na-relasyon-kay-maine/	HINDI:5 TUNAY:3 RELASYON:3 KAY:4 MAINE:5 SAKSI:3 NGAYON:7 SEPTEMBER:19 NOON:2 POLICE:2 KONGRESO:2 BAKIT:2 WALA:4 NANG:5 MAKUHA:2 PROSEKUSYON:2 PATULOY:2 MINAHAN:2 MGA:2 GUWARDIYA:2 BUWANG:2 SAHOD:2 BALITA:2 METRO:1 PROBINSIYA:1 IBA:2 ISYU:1 NEW:8 YEAR:1 MANALO:1 MAY:11 AND:16 SARA:1 OPINYON:1 KALUSUGAN:1 KAGANDAHAN:1 KULTURA:1 TEKNOLOHIYA:1 PAGKAIN:1 KAINAN:1 PASYALAN:1 BAHAY:1 ESTILO:1 GALAW:1 MERKADO:1 LAGAY:1 PANAHON:1 RED:1 SPECIAL:1 MANG:1 PAHAYAG:1 TUNGKOL:2 ESTADO:2 LOVE:1 AMINADO:1 NAMAN:3 ANG:10 KAPAMILYA:1 MASAYA:3 SIYA:3 MAN:1 KUNG:1 SINO:1 INSPIRASYON:1 KANYA:1 NIYA:4 BULAGA:1 KASAMA:1 NINA:2 RIN:3 ANAK:3 BILANG:1 INA:2 ALAM:2 LAHAT:1 DALAWA:1 SIMULA:1 LUMABAS:1 PICTURE:1 NILA:1 KUMAKAIN:1 ISANG:1 PERO:1 KAHIT:1 DAW:3 MISMO:1 PAG:1 AMIN:1 LANG:1 NGITI:1 TUWING:1 REAL:1 KANILA:1 KAYA:2 LAMANG:1 DESISYON:2 IMPORTANTE:1 PARA:2 MAYOR:1 APEKTADO:1 DATING:2 DIREK:1 DUMALO:1 KAMI:1 BREAK:2 NAGING:1 MAILAP:1 SUMAGOT:1 LEON:1 BATANG:1 ITO:1 PAMBANSA:2 PROJECT:1 HANGGANG:1 YOU:4 MUST:1 ADDRESS:1 DILIMAN:1 ILANG:1 KABATAAN:1 MAGING:1 RESPONSABLE:1 MAS:1 MATIBAY:1 PAARALAN:1 ALERT:1 KASO:1 BIKTIMA:1 ALL:3 YOUR:4 OUR:3 ARE:7 FOR:7 THE:29 NAME:4 DAYS:5 TRAFFIC:2 LAST:5 THERE:1 NOT:2 WAS:1 END:2 TEST:1 PAGE:2 GAT:1 TAG:1 SHOW:1 VIDEO:1 VIEW:1 DAY:1 ALSO:1 SEARCH:1 CLOSE:2
https://saksingayon.com/coco-martin-hindi-apektado-sa-pagtapat-nina-dingdong-at-dennis/	HINDI:6 APEKTADO:2 NINA:4 SAKSI:3 NGAYON:4 SEPTEMBER:19 NOON:2 POLICE:2 KONGRESO:2 BAKIT:2 WALA:3 NANG:4 MAKUHA:2 PROSEKUSYON:2 PATULOY:2 MINAHAN:2 MGA:5 GUWARDIYA:2 BUWANG:2 SAHOD:2 BALITA:2 METRO:1 PROBINSIYA:1 IBA:2 ISYU:1 NEW:8 YEAR:1 MANALO:1 MAY:11 AND:16 SARA:1 OPINYON:1 KALUSUGAN:1 KAGANDAHAN:1 KULTURA:1 TEKNOLOHIYA:1 PAGKAIN:1 KAINAN:1 PASYALAN:1 BAHAY:1 ESTILO:1 GALAW:1 MERKADO:1 LAGAY:1 PANAHON:1 RED:1 SPECIAL:1 KAY:2 PAG:2 LIKE:2 TUNGKOL:2 SHOW:3 ANG:10 KATAPAT:1 TOP:1 RATING:1 PROBINSYANO:1 GINAWA:2 ULTIMO:1 KAPWA:1 NIYA:2 ARTISTA:3 SIYA:1 DAHIL:1 IYON:1 PROGRAMA:1 SALAMAT:1 REAKSYON:1 NAMAN:1 AGAD:1 BRO:1 SANA:3 TAYO:1 SOON:1 SIYEMPRE:1 DIN:1 MAGANDA:1 KAPAMILYA:2 NGA:1 MABUHAY:1 LALO:1 KUNG:1 LAHAT:2 NATIN:1 TULAD:1 FOR:8 THE:30 BEST:1 MAGIGING:1 MAGAGANAP:1 KAPUSO:1 STAR:1 MAN:1 SALUDO:1 AKO:1 SUMISIKAT:1 TULARAN:1 IYONG:1 TUNAY:1 RELASYON:1 MAINE:1 TATLO:2 PARA:2 DATING:2 DIREK:1 DUMALO:1 KAMI:1 BREAK:2 RIN:1 INA:1 NAGING:1 MAILAP:1 SUMAGOT:1 LEON:1 BATANG:1 ITO:1 PAMBANSA:2 PROJECT:1 HANGGANG:1 YOU:4 MUST:1 ADDRESS:1 DILIMAN:1 ILANG:1 KABATAAN:1 MAGING:1 RESPONSABLE:1 MAS:1 MATIBAY:1 PAARALAN:1 ALERT:1 DESISYON:1 KASO:1 BIKTIMA:1 ALL:3 YOUR:4 OUR:3 ARE:7 NAME:4 DAYS:5 TRAFFIC:2 LAST:5 THERE:1 NOT:2 WAS:1 END:2 TEST:1 PAGE:2 GAT:1 TAG:1 VIDEO:1 VIEW:1 DAY:1 ALSO:1 SEARCH:1 CLOSE:2
https://saksingayon.com/tatlo-para-sa-tatlo/	TATLO:4 PARA:3 SAKSI:3 NGAYON:4 SEPTEMBER:19 NOON:2 POLICE:2 KONGRESO:2 BAKIT:2 WALA:4 NANG:5 MAKUHA:2 PROSEKUSYON:2 PATULOY:2 MINAHAN:2 MGA:5 GUWARDIYA:2 BUWANG:2 SAHOD:2 BALITA:2 METRO:1 PROBINSIYA:1 IBA:2 ISYU:1 NEW:8 YEAR:3 MANALO:1 MAY:12 AND:18 SARA:1 OPINYON:1 KALUSUGAN:1 KAGANDAHAN:1 KULTURA:1 TEKNOLOHIYA:1 PAGKAIN:1 KAINAN:1 PASYALAN:1 BAHAY:1 ESTILO:1 GALAW:1 MERKADO:1 LAGAY:1 PANAHON:2 RED:1 SPECIAL:1 ANG:13 YOUNG:2 COMMON:1 KUNG:2 DIN:2 LANG:1 PAG:1 LOOB:1 BAWAT:1 ISA:1 KANILA:1 NAKAGAWA:2 PELIKULA:3 GUMANAP:1 PAPEL:1 MINE:1 PAUL:1 ODA:1 MARAMI:1 MARAPAT:1 FOR:9 BEST:1 IYON:1 TUNAY:1 SEASON:1 NAGING:2 RIN:2 TWO:1 NATIN:1 MANOY:1 AKTOR:1 LANGIT:1 COMMERCIAL:1 PILING:1 SINEHAN:1 SIMULA:1 DARATING:1 ITO:2 DAHIL:1 SIYA:1 PAANO:1 DAPITHAPON:1 ANAK:1 KAMOTE:1 PRODUKSIYON:1 ANGEL:1 HINDI:3 NAMAN:1 SILA:1 APEKTADO:1 NINA:1 TAKOT:1 BATIKOS:1 DATING:2 DIREK:1 DUMALO:1 KAMI:1 BREAK:2 INA:1 MAILAP:1 SUMAGOT:1 LEON:1 BATANG:1 TUNGKOL:1 PAMBANSA:2 PROJECT:1 HANGGANG:1 YOU:4 MUST:1 ADDRESS:1 DILIMAN:1 ILANG:1 KABATAAN:1 MAGING:1 RESPONSABLE:1 MAS:1 MATIBAY:1 PAARALAN:1 ALERT:1 DESISYON:1 KASO:1 BIKTIMA:1 ALL:3 YOUR:4 OUR:3 ARE:7 THE:29 NAME:4 DAYS:5 TRAFFIC:2 LAST:5 THERE:1 NOT:2 WAS:1 END:2 TEST:1 PAGE:2 GAT:1 TAG:1 SHOW:1 VIDEO:1 VIEW:1 DAY:1 ALSO:1 SEARCH:1 CLOSE:2
https://saksingayon.com/sharon-juday-luis-at-jessy-wala-sa-station-id-ng-dos/	SHARON:3 LUIS:3 WALA:7 DOS:2 SAKSI:3 NGAYON:5 SEPTEMBER:19 NOON:2 POLICE:2 KONGRESO:2 BAKIT:2 NANG:5 MAKUHA:2 PROSEKUSYON:2 PATULOY:2 MINAHAN:2 MGA:2 GUWARDIYA:2 BUWANG:2 SAHOD:2 BALITA:2 METRO:1 PROBINSIYA:1 IBA:2 ISYU:1 NEW:8 YEAR:2 MANALO:1 MAY:11 AND:17 SARA:1 OPINYON:1 KALUSUGAN:1 KAGANDAHAN:1 KULTURA:1 TEKNOLOHIYA:1 PAGKAIN:1 KAINAN:1 PASYALAN:1 BAHAY:1 ESTILO:1 GALAW:1 MERKADO:1 LAGAY:1 PANAHON:1 RED:1 SPECIAL:2 HUMPAY:1 ANG:10 LOVE:1 MULA:2 IPADAMA:1 PASKO:1 SIYA:3 HANDOG:1 ALL:4 MAGANDA:1 HANGA:1 MAKABULUHAN:1 IYON:1 NGA:1 LANG:2 MAS:2 MARAMI:1 KANG:1 POPULAR:1 OVER:1 KAPAMILYA:1 PERO:1 LAST:6 KUNG:2 SAAN:1 PANSIN:1 ANGAT:2 HINDI:4 DOON:2 MAGING:3 MAN:1 NILA:1 RIN:5 KAILAN:1 PELIKULA:1 BUHAY:1 DIN:1 NAMIN:1 MAGALING:1 SHOW:2 CAN:1 SEE:1 YOUR:5 VOICE:1 GIRLFRIEND:1 DRAMA:2 BIDA:2 ASINTADO:1 SINA:1 ARAW:1 GABI:1 TAKOT:1 BATIKOS:1 SINO:1 DATING:2 DIREK:1 DUMALO:1 KAMI:1 BREAK:2 INA:1 NAGING:1 MAILAP:1 SUMAGOT:1 LEON:1 BATANG:1 ITO:1 TUNGKOL:1 PAMBANSA:2 PROJECT:1 HANGGANG:1 YOU:4 MUST:1 ADDRESS:1 DILIMAN:1 ILANG:1 KABATAAN:1 RESPONSABLE:1 PARA:1 MATIBAY:1 PAARALAN:1 ALERT:1 DESISYON:1 KASO:1 BIKTIMA:1 OUR:3 ARE:7 FOR:7 THE:29 NAME:4 DAYS:5 TRAFFIC:2 THERE:1 NOT:2 WAS:1 END:2 TEST:1 PAGE:2 GAT:1 TAG:1 VIDEO:1 VIEW:1 DAY:1 ALSO:1 SEARCH:1 CLOSE:2
https://saksingayon.com/maymay-entrata-sino-ba-siya/	SINO:2 SIYA:10 SAKSI:3 NGAYON:4 SEPTEMBER:19 NOON:2 POLICE:2 KONGRESO:2 BAKIT:2 WALA:4 NANG:5 MAKUHA:2 PROSEKUSYON:2 PATULOY:2 MINAHAN:2 MGA:5 GUWARDIYA:2 BUWANG:2 SAHOD:2 BALITA:2 METRO:1 PROBINSIYA:1 IBA:2 ISYU:1 NEW:8 YEAR:1 MANALO:1 MAY:11 AND:16 SARA:1 OPINYON:1 KALUSUGAN:1 KAGANDAHAN:1 KULTURA:1 TEKNOLOHIYA:1 PAGKAIN:1 KAINAN:1 PASYALAN:1 BAHAY:2 ESTILO:1 GALAW:1 MERKADO:1 LAGAY:1 PANAHON:1 RED:1 SPECIAL:1 HINDI:3 MAHILIG:1 MANOOD:1 MAG:4 COURSE:1 TAYO:1 KAPAMILYA:1 NASA:1 BAKURAN:1 THE:32 BIG:3 ALSO:2 TOP:1 SAAN:1 ORO:1 LANG:3 NAMAN:2 ANG:7 SHOW:3 BALE:1 TWO:1 NIYA:2 KUYA:1 LARANGAN:1 LAST:6 PINTO:1 PARA:5 SIKAT:1 GALA:1 FOR:8 BAGAY:1 PERO:1 BAGO:1 MAN:1 ITO:3 DIN:1 KAHAPON:2 FIRST:1 EVEN:1 NYA:1 ARTISTA:1 DUMATING:1 DITO:1 KILALA:1 SHARON:1 LUIS:1 DOS:1 GOBYERNO:1 DATING:2 DIREK:1 DUMALO:1 KAMI:1 BREAK:2 RIN:1 INA:1 NAGING:1 MAILAP:1 SUMAGOT:1 LEON:1 BATANG:1 TUNGKOL:1 PAMBANSA:2 PROJECT:1 HANGGANG:1 YOU:4 MUST:1 ADDRESS:1 DILIMAN:1 ILANG:1 KABATAAN:1 MAGING:1 RESPONSABLE:1 MAS:1 MATIBAY:1 PAARALAN:1 ALERT:1 DESISYON:1 KASO:1 BIKTIMA:1 ALL:3 YOUR:4 OUR:3 ARE:7 NAME:4 DAYS:5 TRAFFIC:2 THERE:1 NOT:2 WAS:1 END:2 TEST:1 PAGE:2 GAT:1 TAG:1 VIDEO:1 VIEW:1 DAY:1 SEARCH:1 CLOSE:2
https://saksingayon.com/p2t-di-ginagastos-ng-gobyerno-dbm-sec-diokno-ipapatawag-sa-question-hour/	GOBYERNO:9 SAKSI:3 NGAYON:4 SEPTEMBER:19 NOON:2 POLICE:2 KONGRESO:3 BAKIT:2 WALA:2 NANG:2 MAKUHA:2 PROSEKUSYON:2 PATULOY:3 MINAHAN:2 MGA:9 GUWARDIYA:2 BUWANG:2 SAHOD:2 BALITA:5 METRO:1 PROBINSIYA:1 IBA:2 ISYU:2 NEW:8 YEAR:1 MANALO:1 MAY:10 AND:19 SARA:1 OPINYON:1 KALUSUGAN:1 KAGANDAHAN:1 KULTURA:1 TEKNOLOHIYA:1 PAGKAIN:1 KAINAN:1 PASYALAN:1 BAHAY:1 ESTILO:1 GALAW:1 MERKADO:1 LAGAY:1 PANAHON:1 RED:1 SPECIAL:1 MAHIGIT:1 TRILYON:1 ANG:17 PERA:3 TAUMBAYAN:2 AYAW:3 GASTUSIN:3 KAYA:1 KAPULUNGAN:2 PARA:5 PERSONAL:1 MAGPALIWANAG:1 KAHAPON:1 SANDAMAKMAK:1 SUBALIT:2 PAMAHALAAN:1 HALAGA:1 BILYON:1 HINDI:7 ADMINISTRASYON:2 DATING:2 MULA:2 HANGGANG:2 GAYUNPAMAN:1 ITO:3 HALIP:1 NAGKAROON:1 DIN:1 HALOS:1 TAON:3 NITO:1 LALAKI:1 UMANO:3 DAHIL:3 KASAMA:1 RITO:1 TAONG:1 ITAGO:1 PAGDATING:1 ANI:1 EKONOMIYA:1 MAGKAROON:1 TRABAHO:1 MAMAMAYAN:1 TOP:1 LAHAT:1 IBINIGAY:1 PONDO:2 KANILA:2 AGRICULTURE:1 EDUCATION:1 NAMAN:1 BUHAY:1 LIST:1 LITO:1 BUWIS:1 IBALIK:1 PAMAMAGITAN:1 PROYEKTO:1 GRUPO:2 KAHIT:1 KULANG:2 SERBISYO:1 PUBLIKO:1 SIYA:2 AHENSYA:1 SINO:1 SAGOT:1 PROBLEMA:1 TRAPIK:1 KAGAMITAN:1 NGUNIT:1 MAPAYAPA:1 MAAYOS:2 NAGING:1 PAYAPA:1 KABUUAN:1 AKTIBIDAD:1 OPOSISYON:1 DAPAT:1 SAGUTIN:1 PLEBISITO:1 HUWAG:1 MADALIIN:1 MAS:2 MALINAW:1 PROSESO:1 YOU:4 MUST:1 ADDRESS:2 DILIMAN:2 ILANG:1 KABATAAN:1 MAGING:1 RESPONSABLE:1 MATIBAY:1 PAARALAN:1 ALERT:1 DESISYON:1 KASO:1 BIKTIMA:1 ALL:3 YOUR:4 OUR:3 ARE:7 FOR:7 THE:29 NAME:4 DAYS:5 TRAFFIC:2 LAST:5 THERE:1 NOT:2 WAS:1 END:2 TEST:1 PAGE:2 GAT:1 TAG:1 SHOW:1 VIDEO:1 VIEW:1 DAY:1 ALSO:1 SEARCH:1 CLOSE:2
https://saksingayon.com/super-power-di-sagot-sa-problema-sa-trapik/	SAGOT:2 PROBLEMA:3 TRAPIK:2 SAKSI:3 NGAYON:4 SEPTEMBER:19 NOON:2 POLICE:2 KONGRESO:2 BAKIT:3 WALA:2 NANG:2 MAKUHA:2 PROSEKUSYON:2 PATULOY:2 MINAHAN:2 MGA:24 GUWARDIYA:2 BUWANG:2 SAHOD:2 BALITA:5 METRO:7 PROBINSIYA:1 IBA:3 ISYU:2 NEW:8 YEAR:1 MANALO:1 MAY:11 AND:21 SARA:1 OPINYON:1 KALUSUGAN:1 KAGANDAHAN:1 KULTURA:1 TEKNOLOHIYA:1 PAGKAIN:1 KAINAN:1 PASYALAN:1 BAHAY:1 ESTILO:1 GALAW:1 MERKADO:1 LAGAY:2 PANAHON:1 RED:1 SPECIAL:1 KAHIT:1 BIGYAN:1 ANG:22 AHENSYA:2 GOBYERNO:4 BATAS:4 TRAPIKO:5 MANILA:3 HINDI:5 ITO:2 LANSANGAN:2 KATIWALIAN:1 HANAY:1 GINAWA:1 BUHAY:1 LIST:1 LITO:1 PAHAYAG:1 MATAPOS:1 DELIBERASYON:1 TRAFFIC:9 PANGUNGUNA:1 CESAR:1 IBIBIGAY:1 TULAD:1 BOARD:1 BUKSAN:1 PARA:3 LUMUWAG:1 MORE:2 THE:35 OUR:4 ARE:9 NOT:5 NOW:1 ANI:1 PANUKALA:2 ISANG:1 LANG:1 SINTOMAS:1 SAKIT:2 SUBALIT:3 KAYA:2 TUTOL:1 UMANO:1 ALL:4 BUT:1 AYON:2 MAMBABATAS:1 DEBATE:1 ISA:2 DAHILAN:1 KUNG:2 BANSA:1 DAHIL:2 MAKAPANGYARIHAN:1 KAY:1 DAGDAG:1 NGIPIN:1 DITO:1 ATIN:1 MARAMI:1 TAYONG:1 ORDINANSA:1 DAPAT:2 NITO:1 LUMABAG:1 KAGAYA:1 KANTO:1 LUGAR:1 SAAN:1 NILA:1 BUS:1 NANDIYAN:1 RIN:1 SILA:1 PAG:1 HIGIT:1 KAPANGYARIHAN:1 YAN:1 LALAKI:1 SITWASYON:1 PALIWANAG:1 RESCUE:1 KAGAMITAN:1 NGUNIT:1 MAPAYAPA:1 MAAYOS:2 NAGING:1 PAYAPA:1 KABUUAN:1 AKTIBIDAD:1 GRUPO:1 OPOSISYON:1 SAGUTIN:1 PLEBISITO:1 HUWAG:1 MADALIIN:1 MAS:2 MALINAW:1 PROSESO:1 YOU:4 MUST:1 ADDRESS:2 DILIMAN:2 ILANG:1 KABATAAN:1 MAGING:1 RESPONSABLE:1 MATIBAY:1 PAARALAN:1 ALERT:1 DESISYON:1 KASO:1 DATING:1 BIKTIMA:1 YOUR:4 FOR:7 NAME:4 DAYS:5 LAST:5 THERE:1 WAS:1 END:2 TEST:1 PAGE:2 GAT:1 TAG:1 SHOW:1 VIDEO:1 VIEW:1 DAY:1 ALSO:1 SEARCH:1 CLOSE:2
https://saksingayon.com/gabriela-to-the-rescue-sa-ang-probinsyano/	THE:39 RESCUE:2 ANG:20 SAKSI:3 NGAYON:4 SEPTEMBER:19 NOON:2 POLICE:3 KONGRESO:2 BAKIT:2 WALA:3 NANG:2 MAKUHA:2 PROSEKUSYON:2 PATULOY:2 MINAHAN:2 MGA:15 GUWARDIYA:2 BUWANG:2 SAHOD:2 BALITA:5 METRO:1 PROBINSIYA:1 IBA:3 ISYU:2 NEW:8 YEAR:1 MANALO:1 MAY:10 AND:21 SARA:1 OPINYON:1 KALUSUGAN:1 KAGANDAHAN:1 KULTURA:1 TEKNOLOHIYA:1 PAGKAIN:1 KAINAN:1 PASYALAN:1 BAHAY:1 ESTILO:1 GALAW:1 MERKADO:1 LAGAY:1 PANAHON:1 RED:1 SPECIAL:1 SUPORTA:1 HANAY:1 KABABAIHAN:2 KAMARA:1 PROBINSYANO:2 MATAPOS:1 KASTIGUHIN:1 UMANO:3 PROGRAMA:4 AYON:3 LIST:1 NINA:2 LUGAR:1 PARA:3 PAGANDAHIN:1 IMAHE:2 KAPULISAN:2 GRUPO:4 HINDI:2 AKTOR:1 KUNDI:1 MIYEMBRO:1 ITO:5 DAHIL:1 SEXUAL:2 BATA:1 KRIMEN:1 TULAD:1 ANO:2 EVEN:1 LEGAL:1 SHOW:2 MAMBABATAS:1 ISANG:1 URI:1 GAWIN:1 DIN:1 NILA:2 KAPAG:1 MAGUSTUHAN:1 PALABAS:1 KASAMAAN:1 ILANG:2 HALIP:1 PAG:1 INITAN:1 LAMANG:1 ATENSYON:1 PULIS:1 SANGKOT:1 FOR:8 RAPE:1 CAST:1 STAND:1 VIEW:2 RULE:1 SAGOT:1 PROBLEMA:1 TRAPIK:1 KRISIS:1 BIGAS:1 TAPOS:1 KAGAMITAN:1 NGUNIT:1 MAPAYAPA:1 MAAYOS:2 NAGING:1 PAYAPA:1 KABUUAN:1 AKTIBIDAD:1 OPOSISYON:1 DAPAT:1 SAGUTIN:1 PLEBISITO:1 HUWAG:1 MADALIIN:1 MAS:2 MALINAW:1 PROSESO:1 YOU:4 MUST:1 ADDRESS:2 DILIMAN:2 KABATAAN:1 MAGING:1 RESPONSABLE:1 MATIBAY:1 PAARALAN:1 ALERT:1 DESISYON:1 KASO:1 DATING:1 BIKTIMA:1 ALL:3 YOUR:4 OUR:3 ARE:7 NAME:4 DAYS:5 TRAFFIC:2 LAST:5 THERE:1 NOT:2 WAS:1 END:2 TEST:1 PAGE:2 GAT:1 TAG:1 VIDEO:1 DAY:1 ALSO:1 SEARCH:1 CLOSE:2
https://saksingayon.com/krisis-sa-bigas-tapos-na-sec-pinol/	KRISIS:3 BIGAS:8 TAPOS:2 SAKSI:3 NGAYON:4 SEPTEMBER:19 NOON:2 POLICE:2 KONGRESO:2 BAKIT:2 WALA:3 NANG:4 MAKUHA:2 PROSEKUSYON:2 PATULOY:2 MINAHAN:2 MGA:8 GUWARDIYA:2 BUWANG:2 SAHOD:2 BALITA:5 METRO:1 PROBINSIYA:1 IBA:2 ISYU:2 NEW:8 YEAR:1 MANALO:1 MAY:10 AND:16 SARA:1 OPINYON:1 KALUSUGAN:1 KAGANDAHAN:1 KULTURA:1 TEKNOLOHIYA:1 PAGKAIN:1 KAINAN:1 PASYALAN:1 BAHAY:1 ESTILO:1 GALAW:1 MERKADO:2 LAGAY:1 PANAHON:1 RED:1 SPECIAL:1 DAHIL:1 MAYROON:1 SAPAT:2 SUPPLY:2 ITO:2 ANG:11 AGRICULTURE:2 MATAPOS:1 MATAGUMPAY:1 AYON:1 KAY:1 PAMAMAGITAN:2 LONG:1 PER:1 ANI:1 LINGGO:1 DUMATING:1 BANSA:1 HANGGANG:1 RIN:1 KADA:1 KILO:1 KALIHIM:1 PAGDATING:1 GAYUNDIN:1 THE:30 RESCUE:1 KAGAMITAN:1 NGUNIT:1 MAPAYAPA:1 MAAYOS:2 NAGING:1 PAYAPA:1 KABUUAN:1 AKTIBIDAD:1 GRUPO:1 OPOSISYON:1 DAPAT:1 SAGUTIN:1 PLEBISITO:1 HUWAG:1 MADALIIN:1 PARA:2 MAS:2 MALINAW:1 PROSESO:1 YOU:4 MUST:1 ADDRESS:2 DILIMAN:2 ILANG:1 KABATAAN:1 MAGING:1 RESPONSABLE:1 MATIBAY:1 PAARALAN:1 ALERT:1 DESISYON:1 KASO:1 DATING:1 BIKTIMA:1 ALL:3 YOUR:4 OUR:3 ARE:7 FOR:7 NAME:4 DAYS:5 TRAFFIC:2 LAST:5 THERE:1 NOT:2 WAS:1 END:2 TEST:1 PAGE:2 GAT:1 TAG:1 SHOW:1 VIDEO:1 VIEW:1 DAY:1 ALSO:1 SEARCH:1 CLOSE:2
https://saksingayon.com/mobile-number-forever-na/	SAKSI:3 NGAYON:4 SEPTEMBER:19 NOON:2 POLICE:2 KONGRESO:4 BAKIT:3 WALA:2 NANG:2 MAKUHA:2 PROSEKUSYON:2 PATULOY:2 MINAHAN:2 MGA:15 GUWARDIYA:2 BUWANG:2 SAHOD:2 BALITA:5 METRO:1 PROBINSIYA:1 IBA:3 ISYU:2 NEW:8 YEAR:1 MANALO:1 MAY:10 AND:17 SARA:1 OPINYON:1 KALUSUGAN:1 KAGANDAHAN:1 KULTURA:1 TEKNOLOHIYA:1 PAGKAIN:1 KAINAN:1 PASYALAN:1 BAHAY:1 ESTILO:1 GALAW:1 MERKADO:1 LAGAY:1 PANAHON:1 RED:1 SPECIAL:1 ANG:22 KAHIT:1 ITO:9 MATAPOS:1 RATIPIKAHAN:1 KAPULUNGAN:1 PALASYO:1 PARA:3 BAGO:1 MAGING:2 GANAP:1 BATAS:1 ILALIM:1 PANUKALA:1 HAWAK:1 KAPAG:2 MULA:1 TULONG:1 UMANO:6 UPANG:1 HINDI:2 MAWALA:1 KONTAK:1 BUKOD:1 RIN:3 LALO:1 MAGKAKAROON:1 KATAUHAN:1 NITO:2 NAMAN:1 KORTE:1 SUPREMA:1 BILANG:1 THIRD:1 STAND:1 WHY:1 REMEMBER:1 KANILA:2 KURYENTE:1 PATI:1 BILHIN:1 NATIN:1 TUBIG:1 ANI:1 THE:30 PAG:1 KUMPANYA:1 KAYA:1 BANSA:2 DAHIL:1 KOMUNIKASYON:1 MAGPALIWANAG:1 KUNG:2 KONTENTO:1 PALIWANAG:1 KRISIS:1 BIGAS:1 TAPOS:1 DAPAT:2 KAGAMITAN:1 NGUNIT:1 MAPAYAPA:1 MAAYOS:2 NAGING:1 PAYAPA:1 KABUUAN:1 AKTIBIDAD:1 GRUPO:1 OPOSISYON:1 SAGUTIN:1 PLEBISITO:1 HUWAG:1 MADALIIN:1 MAS:2 MALINAW:1 PROSESO:1 YOU:4 MUST:1 ADDRESS:2 DILIMAN:2 ILANG:1 KABATAAN:1 RESPONSABLE:1 MATIBAY:1 PAARALAN:1 ALERT:1 DESISYON:1 KASO:1 DATING:1 BIKTIMA:1 ALL:3 YOUR:4 OUR:3 ARE:7 FOR:7 NAME:4 DAYS:5 TRAFFIC:2 LAST:5 THERE:1 NOT:2 WAS:1 END:2 TEST:1 PAGE:2 GAT:1 TAG:1 SHOW:1 VIDEO:1 VIEW:1 DAY:1 ALSO:1 SEARCH:1 CLOSE:2
https://saksingayon.com/dapat-pinoy-ang-makinabang-sa-mga-chinese-projects/	DAPAT:3 ANG:21 MGA:28 SAKSI:3 NGAYON:4 SEPTEMBER:19 NOON:2 POLICE:2 KONGRESO:3 BAKIT:2 WALA:2 NANG:2 MAKUHA:2 PROSEKUSYON:2 PATULOY:2 MINAHAN:2 GUWARDIYA:2 BUWANG:2 SAHOD:2 BALITA:5 METRO:1 PROBINSIYA:1 IBA:2 ISYU:2 NEW:8 YEAR:1 MANALO:1 MAY:10 AND:17 SARA:1 OPINYON:1 KALUSUGAN:1 KAGANDAHAN:1 KULTURA:1 TEKNOLOHIYA:1 PAGKAIN:1 KAINAN:1 PASYALAN:1 BAHAY:1 ESTILO:1 GALAW:1 MERKADO:1 LAGAY:1 PANAHON:1 RED:1 SPECIAL:1 ITO:4 KAPULUNGAN:1 DAHIL:1 KUNG:4 UMANO:3 SANA:1 NAMAN:1 KONTRATA:5 BAGA:1 OPEN:1 ANI:1 AKO:1 LIST:1 THE:30 HINDI:4 PURO:2 KUNDI:2 GIVE:1 MATERYALES:1 DAGDAG:1 KONGRESISTA:1 LINGID:1 KAALAMAN:1 LAHAT:1 REKLAMO:1 BANSA:1 KAYA:2 TRABAHO:2 LOKAL:1 TAUMBAYAN:1 NEGOSYO:1 TAO:1 PARANG:1 GINISA:1 TAYO:1 MANTIKA:1 AYON:1 KAY:1 OBLIGASYON:1 GOBYERNO:1 KAGAMITAN:1 NGUNIT:1 MAPAYAPA:1 MAAYOS:2 NAGING:1 PAYAPA:1 KABUUAN:1 AKTIBIDAD:1 GRUPO:1 OPOSISYON:1 SAGUTIN:1 PLEBISITO:1 HUWAG:1 MADALIIN:1 PARA:2 MAS:2 MALINAW:1 PROSESO:1 YOU:4 MUST:1 ADDRESS:2 DILIMAN:2 ILANG:1 KABATAAN:1 MAGING:1 RESPONSABLE:1 MATIBAY:1 PAARALAN:1 ALERT:1 DESISYON:1 KASO:1 DATING:1 BIKTIMA:1 ALL:3 YOUR:4 OUR:3 ARE:7 FOR:7 NAME:4 DAYS:5 TRAFFIC:2 LAST:5 THERE:1 NOT:2 WAS:1 END:2 TEST:1 PAGE:2 GAT:1 TAG:1 SHOW:1 VIDEO:1 VIEW:1 DAY:1 ALSO:1 SEARCH:1 CLOSE:2
https://saksingayon.com/elims-wawalisin-ng-petron/	SAKSI:3 NGAYON:4 SEPTEMBER:19 NOON:2 POLICE:2 KONGRESO:2 BAKIT:2 WALA:2 NANG:2 MAKUHA:2 PROSEKUSYON:2 PATULOY:2 MINAHAN:2 MGA:4 GUWARDIYA:2 BUWANG:2 SAHOD:2 BALITA:2 METRO:1 PROBINSIYA:1 IBA:2 ISYU:1 NEW:9 YEAR:1 MANALO:1 MAY:9 AND:17 SARA:1 OPINYON:1 KALUSUGAN:1 KAGANDAHAN:1 KULTURA:1 TEKNOLOHIYA:1 PAGKAIN:1 KAINAN:1 PASYALAN:1 BAHAY:1 ESTILO:1 GALAW:1 MERKADO:1 LAGAY:1 PANAHON:1 RED:1 SPECIAL:3 ANG:17 FIRST:1 ROUND:3 KONTRA:2 MAINIT:1 ALL:4 BUKAS:1 SAN:1 ALAS:3 SIYETE:1 GABI:1 LARO:2 SUNOD:1 PANALO:1 LABAN:4 LIMA:1 ANIM:1 BAGO:1 NAMAN:1 THIRD:2 SPOT:3 HAPON:2 HABANG:1 DOS:1 KUNG:1 TOP:1 KASAMA:1 PARA:5 SUSUNOD:1 AKSYON:1 SECOND:2 BANDA:1 SAMAHAN:1 FOURTH:1 FIFTH:1 RIN:1 PERO:1 KAY:1 COACH:1 DELOS:2 MATAGAL:1 RIGHT:2 NOW:1 BUT:2 NOT:4 PAHAYAG:1 LET:1 THE:34 OUR:4 DAGDAG:1 NIYA:1 DAPAT:1 SWAK:1 HOME:1 FOR:8 SPEED:2 YOU:4 MUST:1 ADDRESS:1 DILIMAN:1 ILANG:1 KABATAAN:1 MAGING:1 RESPONSABLE:1 MAS:1 MATIBAY:1 PAARALAN:1 ALERT:1 DESISYON:1 KASO:1 DATING:1 BIKTIMA:1 YOUR:4 ARE:7 NAME:4 DAYS:5 TRAFFIC:2 LAST:5 THERE:1 WAS:1 END:2 TEST:1 PAGE:2 GAT:1 TAG:1 SHOW:1 VIDEO:1 VIEW:1 DAY:1 ALSO:1 SEARCH:1 CLOSE:2
https://saksingayon.com/uaap-womens-basketball-ust-swak-sa-stepladder-semis/	SWAK:2 SAKSI:3 NGAYON:4 SEPTEMBER:19 NOON:2 POLICE:2 KONGRESO:2 BAKIT:2 WALA:2 NANG:3 MAKUHA:2 PROSEKUSYON:2 PATULOY:2 MINAHAN:2 MGA:3 GUWARDIYA:2 BUWANG:2 SAHOD:2 BALITA:2 METRO:1 PROBINSIYA:1 IBA:2 ISYU:1 NEW:9 YEAR:1 MANALO:1 MAY:12 AND:16 SARA:1 OPINYON:1 KALUSUGAN:1 KAGANDAHAN:1 KULTURA:1 TEKNOLOHIYA:1 PAGKAIN:1 KAINAN:1 PASYALAN:1 BAHAY:1 ESTILO:1 GALAW:1 MERKADO:1 LAGAY:1 PANAHON:1 RED:1 SPECIAL:3 INAKAY:1 ANG:6 SANTO:1 TALUNIN:1 SEASON:1 KAHAPON:1 SIYAM:1 PARA:3 PANGUNAHAN:1 PAG:1 ROUND:1 AMBAG:1 TWO:2 BAGAMAT:1 HABANG:2 MAS:2 MATAAS:1 LINGGO:1 NAMAN:1 SEVEN:1 DAHIL:1 PAGKATALO:1 FIFTH:1 THE:33 HOME:1 FOR:8 RIGHT:1 SPEED:2 YOU:4 MUST:1 ADDRESS:1 DILIMAN:1 ILANG:1 KABATAAN:1 MAGING:1 RESPONSABLE:1 MATIBAY:1 PAARALAN:1 ALERT:1 DESISYON:1 KASO:1 DATING:1 BIKTIMA:1 ALL:3 YOUR:4 OUR:3 ARE:7 NAME:4 DAYS:5 TRAFFIC:2 LAST:5 THERE:1 NOT:2 WAS:1 END:2 TEST:1 PAGE:2 GAT:1 TAG:1 SHOW:1 VIDEO:1 VIEW:1 DAY:1 ALSO:1 SEARCH:1 CLOSE:2
https://saksingayon.com/broner-pacquiao-cant-beat-me/	SAKSI:3 NGAYON:4 SEPTEMBER:19 NOON:2 POLICE:2 KONGRESO:2 BAKIT:2 WALA:2 NANG:2 MAKUHA:2 PROSEKUSYON:2 PATULOY:2 MINAHAN:2 MGA:3 GUWARDIYA:2 BUWANG:2 SAHOD:2 BALITA:2 METRO:1 PROBINSIYA:1 IBA:2 ISYU:1 NEW:10 YEAR:1 MANALO:1 MAY:9 AND:19 SARA:1 OPINYON:1 KALUSUGAN:1 KAGANDAHAN:1 KULTURA:1 TEKNOLOHIYA:1 PAGKAIN:1 KAINAN:1 PASYALAN:1 BAHAY:1 ESTILO:1 GALAW:1 MERKADO:1 LAGAY:1 PANAHON:1 RED:1 SPECIAL:3 SINA:1 EIGHT:1 WORLD:1 KATULAD:1 PANGAKO:1 ANG:7 KUNG:1 ANO:1 DAPAT:2 ASAHAN:1 ROUND:1 LAS:1 MULA:1 PAMAMAGITAN:1 HINDI:3 SIYA:1 TALUNIN:1 THE:39 MONEY:1 BUT:1 JUST:1 SEE:3 LAHAD:1 DAGDAG:2 NIYA:3 THERE:3 LIKE:1 LOOK:1 STOP:1 DIIN:1 NAMAN:1 BALEWALAIN:1 KAKAYAHAN:2 DAHIL:1 ITO:1 PASAPORTE:1 PARA:3 KAY:1 DIN:1 MARAMI:1 GOOD:1 YOU:6 MORE:2 BABALIK:1 AGAD:1 BATID:1 RIN:1 MAS:3 BATA:1 KANYA:1 BUKOD:1 MABILIS:1 GAYA:1 BIBIG:1 NITO:1 YOUNG:1 RING:1 KNOW:1 SWAK:1 FIRST:1 BAGO:1 HOME:1 FOR:8 RIGHT:1 SPEED:2 MUST:1 ADDRESS:1 DILIMAN:1 ILANG:1 KABATAAN:1 MAGING:1 RESPONSABLE:1 MATIBAY:1 PAARALAN:1 ALERT:1 DESISYON:1 KASO:1 DATING:1 BIKTIMA:1 ALL:3 YOUR:4 OUR:3 ARE:7 NAME:4 DAYS:5 TRAFFIC:2 LAST:5 NOT:2 WAS:1 END:2 TEST:1 PAGE:2 GAT:1 TAG:1 SHOW:1 VIDEO:1 VIEW:1 DAY:1 ALSO:1 SEARCH:1 CLOSE:2
https://saksingayon.com/beat-broner-first-bago-ang-rematch/	FIRST:2 BAGO:3 ANG:8 SAKSI:3 NGAYON:4 SEPTEMBER:19 NOON:2 POLICE:2 KONGRESO:2 BAKIT:2 WALA:2 NANG:3 MAKUHA:2 PROSEKUSYON:2 PATULOY:2 MINAHAN:2 MGA:3 GUWARDIYA:2 BUWANG:2 SAHOD:2 BALITA:2 METRO:1 PROBINSIYA:1 IBA:2 ISYU:1 NEW:9 YEAR:1 MANALO:1 MAY:9 AND:16 SARA:1 OPINYON:1 KALUSUGAN:1 KAGANDAHAN:1 KULTURA:1 TEKNOLOHIYA:1 PAGKAIN:1 KAINAN:1 PASYALAN:1 BAHAY:1 ESTILO:1 GALAW:1 MERKADO:1 LAGAY:1 PANAHON:1 RED:1 SPECIAL:3 AYAW:1 PAG:1 USAPAN:1 NIYA:1 KAY:2 SUSUNOD:1 TAON:1 NABUHAY:1 DALAWA:1 KUNG:1 SAAN:1 UNGKAT:1 BABALIK:1 SIYA:1 BOKSING:1 PARA:4 LABANAN:1 GREAT:1 PERO:1 KUMBINSIDO:1 TALUNIN:1 ISIPIN:1 THINK:1 NOT:3 WIKA:1 GIVE:1 YOU:6 BUT:2 GOOD:1 FOR:9 MAGING:2 MAHIRAP:1 BALEWALAIN:1 ALL:4 KNOW:1 EIGHT:1 SHOW:2 THE:36 WORLD:1 BEST:1 COME:1 PART:1 ANI:1 BANGKAY:1 BAG:1 HOME:1 RIGHT:1 SPEED:2 MUST:1 ADDRESS:1 DILIMAN:1 ILANG:1 KABATAAN:1 RESPONSABLE:1 MAS:1 MATIBAY:1 PAARALAN:1 ALERT:1 DESISYON:1 KASO:1 DATING:1 BIKTIMA:1 YOUR:4 OUR:3 ARE:7 NAME:4 DAYS:5 TRAFFIC:2 LAST:5 THERE:1 WAS:1 END:2 TEST:1 PAGE:2 GAT:1 TAG:1 VIDEO:1 VIEW:1 DAY:1 ALSO:1 SEARCH:1 CLOSE:2
https://saksingayon.com/2-kidnapper-bulagta-sa-engkuwentro/	BULAGTA:3 ENGKUWENTRO:2 SAKSI:3 NGAYON:4 SEPTEMBER:19 NOON:2 POLICE:4 KONGRESO:2 BAKIT:2 WALA:2 NANG:3 MAKUHA:2 PROSEKUSYON:2 PATULOY:5 MINAHAN:3 MGA:10 GUWARDIYA:3 BUWANG:4 SAHOD:3 BALITA:5 METRO:1 PROBINSIYA:5 IBA:2 ISYU:1 NEW:8 YEAR:1 MANALO:1 MAY:11 AND:16 SARA:1 OPINYON:1 KALUSUGAN:1 KAGANDAHAN:1 KULTURA:1 TEKNOLOHIYA:1 PAGKAIN:1 KAINAN:1 PASYALAN:1 BAHAY:1 ESTILO:1 GALAW:1 MERKADO:1 LAGAY:1 PANAHON:1 RED:1 SPECIAL:1 PATAY:1 ANG:10 PUTOK:2 PULIS:3 ARAW:1 AYON:2 ULAT:1 PULISYA:3 ISA:1 SUMAMA:1 TAONG:1 SANA:1 KANILA:1 TUMAKAS:1 SUSPEK:3 NGUNIT:1 SILA:2 DITO:1 NAGKAROON:1 PALITAN:1 HAPON:1 KONTAKIN:1 KAANAK:1 LALAKI:1 KAYA:1 PARA:2 DALAWA:1 KASAMAHAN:1 UPANG:1 BIKTIMA:2 BANGKAY:1 BAG:1 TIMBOG:1 PUWERSA:1 ILANG:3 KABATAAN:2 MAGING:3 RESPONSABLE:3 PAMUNUAN:1 PUBLIKO:1 PAGGAMIT:1 GRUPO:1 YOU:4 MUST:1 ADDRESS:2 DILIMAN:2 MAS:1 MATIBAY:1 PAARALAN:1 ALERT:1 DESISYON:1 KASO:1 DATING:1 ALL:3 YOUR:4 OUR:3 ARE:7 FOR:7 THE:29 NAME:4 DAYS:5 TRAFFIC:2 LAST:5 THERE:1 NOT:2 WAS:1 END:2 TEST:1 PAGE:2 GAT:1 TAG:1 SHOW:1 VIDEO:1 VIEW:1 DAY:1 ALSO:1 SEARCH:1 CLOSE:2
https://saksingayon.com/4-timbog-sa-drug-session/	TIMBOG:2 SAKSI:3 NGAYON:4 SEPTEMBER:19 NOON:2 POLICE:2 KONGRESO:2 BAKIT:2 WALA:2 NANG:2 MAKUHA:2 PROSEKUSYON:2 PATULOY:2 MINAHAN:2 MGA:6 GUWARDIYA:2 BUWANG:2 SAHOD:2 BALITA:5 METRO:5 PROBINSIYA:1 IBA:2 ISYU:1 NEW:8 YEAR:1 MANALO:1 MAY:9 AND:16 SARA:1 OPINYON:1 KALUSUGAN:1 KAGANDAHAN:1 KULTURA:1 TEKNOLOHIYA:1 PAGKAIN:1 KAINAN:1 PASYALAN:1 BAHAY:1 ESTILO:1 GALAW:1 MERKADO:1 LAGAY:1 PANAHON:1 RED:1 SPECIAL:1 ARESTADO:1 ANG:10 APAT:2 TRABAHADOR:2 HABANG:2 ILEGAL:1 DROGA:3 AYON:3 PULISYA:2 ISANG:3 DAHIL:1 UMANO:1 PAGGAMIT:1 AMINADO:1 SUSPEK:3 GUMAGAMIT:1 SILA:1 LAGI:1 KASI:3 PUYAT:1 BAKA:2 MASYADO:1 PONG:1 MATAAS:1 ANTUKIN:1 KAMI:1 MULA:1 SHABU:1 SAMANTALA:1 TAGAPAGSALITA:1 MANILA:1 NILA:1 INSIDENTE:2 YAN:1 HINDI:1 RESPONSIBILIDAD:1 AGAD:1 BULAGTA:1 ENGKUWENTRO:1 PATAY:1 DATING:3 DESISYON:3 KASO:2 ONE:1 BALIGTARIN:1 BIKTIMA:3 YOU:4 MUST:1 ADDRESS:2 DILIMAN:2 ILANG:1 KABATAAN:1 MAGING:1 RESPONSABLE:1 PARA:1 MAS:1 MATIBAY:1 PAARALAN:1 ALERT:1 ALL:3 YOUR:4 OUR:3 ARE:7 FOR:7 THE:29 NAME:4 DAYS:5 TRAFFIC:2 LAST:5 THERE:1 NOT:2 WAS:1 END:2 TEST:1 PAGE:2 GAT:1 TAG:1 SHOW:1 VIDEO:1 VIEW:1 DAY:1 ALSO:1 SEARCH:1 CLOSE:2
https://saksingayon.com/2-most-wanted-patay-sa-buy-bust-operation/	PATAY:4 SAKSI:3 NGAYON:4 SEPTEMBER:19 NOON:2 POLICE:5 KONGRESO:2 BAKIT:2 WALA:2 NANG:4 MAKUHA:2 PROSEKUSYON:2 PATULOY:4 MINAHAN:3 MGA:6 GUWARDIYA:3 BUWANG:4 SAHOD:3 BALITA:5 METRO:1 PROBINSIYA:5 IBA:2 ISYU:1 NEW:8 YEAR:1 MANALO:1 MAY:9 AND:16 SARA:1 OPINYON:1 KALUSUGAN:1 KAGANDAHAN:1 KULTURA:1 TEKNOLOHIYA:1 PAGKAIN:1 KAINAN:1 PASYALAN:1 BAHAY:1 ESTILO:1 GALAW:1 MERKADO:1 LAGAY:1 PANAHON:1 RED:1 SPECIAL:1 ANG:9 SAN:2 ISANG:1 OPERASYON:1 PULIS:2 GABI:1 PUTOK:1 SUSPEK:3 MAGTANONG:1 BARANGAY:2 AYON:2 KAY:2 SENIOR:1 SANGKOT:1 UMANO:2 KASO:2 LABAS:1 MASOK:1 KULUNGAN:1 MERON:1 ISA:1 DIN:1 SIYA:1 SAMANTALA:1 NAMAN:1 ALYAS:1 BINO:1 NANLABAN:1 MULA:1 PAG:1 NITO:1 BARIL:1 ILANG:4 SHABU:1 TIMBOG:1 PUWERSA:1 KABATAAN:2 MAGING:3 RESPONSABLE:3 PAMUNUAN:1 PUBLIKO:1 PAGGAMIT:1 GRUPO:1 YOU:4 MUST:1 ADDRESS:2 DILIMAN:2 PARA:1 MAS:1 MATIBAY:1 PAARALAN:1 ALERT:1 DESISYON:1 DATING:1 BIKTIMA:1 ALL:3 YOUR:4 OUR:3 ARE:7 FOR:7 THE:29 NAME:4 DAYS:5 TRAFFIC:2 LAST:5 THERE:1 NOT:2 WAS:1 END:2 TEST:1 PAGE:2 GAT:1 TAG:1 SHOW:1 VIDEO:1 VIEW:1 DAY:1 ALSO:1 SEARCH:1 CLOSE:2
https://saksingayon.com/bangkay-sa-garbage-bag/	BANGKAY:5 BAG:5 SAKSI:3 NGAYON:5 SEPTEMBER:19 NOON:2 POLICE:4 KONGRESO:2 BAKIT:2 WALA:2 NANG:3 MAKUHA:2 PROSEKUSYON:2 PATULOY:2 MINAHAN:2 MGA:3 GUWARDIYA:2 BUWANG:2 SAHOD:2 BALITA:5 METRO:5 PROBINSIYA:1 IBA:2 ISYU:1 NEW:8 YEAR:1 MANALO:1 MAY:11 AND:16 SARA:1 OPINYON:1 KALUSUGAN:1 KAGANDAHAN:1 KULTURA:1 TEKNOLOHIYA:1 PAGKAIN:1 KAINAN:1 PASYALAN:1 BAHAY:1 ESTILO:1 GALAW:1 MERKADO:1 LAGAY:1 PANAHON:1 RED:1 SPECIAL:1 ISANG:5 ANG:11 BANGKETA:1 LUNGSOD:3 KAHAPON:1 UMAGA:2 ULAT:1 GANAP:1 ALAS:1 PASADO:1 ITIM:1 KAHABAAN:1 BARANGAY:2 MABILIS:2 DING:2 KAY:1 ABAD:1 ANYOS:1 RESIDENTE:1 TALA:1 PAGDATING:1 DOON:2 AGAD:2 INUSISA:1 KUNG:1 LAMAN:1 NITO:1 NGA:1 NILA:1 HINDI:1 NASA:2 TAAS:1 SHORT:1 BRASO:1 NAMAN:1 ALAM:1 HIMPILAN:1 PULISYA:1 DUMATING:1 TAUHAN:1 THE:30 BOY:1 KUSTODIYA:1 FIRST:1 BAGO:1 BULAGTA:1 ENGKUWENTRO:1 DATING:3 DESISYON:3 KASO:2 ONE:1 BALIGTARIN:1 BIKTIMA:3 YOU:4 MUST:1 ADDRESS:2 DILIMAN:2 ILANG:1 KABATAAN:1 MAGING:1 RESPONSABLE:1 PARA:1 MAS:1 MATIBAY:1 PAARALAN:1 ALERT:1 ALL:3 YOUR:4 OUR:3 ARE:7 FOR:7 NAME:4 DAYS:5 TRAFFIC:2 LAST:5 THERE:1 NOT:2 WAS:1 END:2 TEST:1 PAGE:2 GAT:1 TAG:1 SHOW:1 VIDEO:1 VIEW:1 DAY:1 ALSO:1 SEARCH:1 CLOSE:2
https://saksingayon.com/janno-gibbs-inuulan-nang-katakut-takot-na-batikos/	NANG:6 TAKOT:3 BATIKOS:2 SAKSI:3 NGAYON:6 SEPTEMBER:19 NOON:2 POLICE:2 KONGRESO:2 BAKIT:3 WALA:4 MAKUHA:2 PROSEKUSYON:2 PATULOY:2 MINAHAN:2 MGA:4 GUWARDIYA:2 BUWANG:2 SAHOD:2 BALITA:2 METRO:1 PROBINSIYA:1 IBA:2 ISYU:1 NEW:8 YEAR:2 MANALO:1 MAY:13 AND:20 SARA:1 OPINYON:1 KALUSUGAN:1 KAGANDAHAN:1 KULTURA:1 TEKNOLOHIYA:1 PAGKAIN:1 KAINAN:1 PASYALAN:1 BAHAY:1 ESTILO:1 GALAW:1 MERKADO:1 LAGAY:1 PANAHON:1 RED:1 SPECIAL:1 HALATA:1 PATUTSADA:1 MASAMA:1 ANG:9 LOOB:2 NIYA:5 HINDI:4 LOVE:1 LINGGO:1 ASAP:3 NATIN:2 WAG:1 HANAPIN:1 NILA:1 YAN:1 PICTURE:1 SUNDAY:2 HAPON:1 LANG:1 SILA:1 YATA:1 AKO:1 SAGOT:1 AGAD:1 KANYA:2 DAHIL:2 SIYA:3 JUST:2 THINK:2 PATIENT:1 LIKE:1 LET:1 MIND:1 FOR:9 DITO:1 STAR:2 ONE:1 NGA:1 NOT:3 PROJECT:2 NOW:1 PAGLILINAW:1 REAKSYON:2 GINAWA:1 SAMA:1 ALL:6 WAS:2 REGULAR:1 GRADE:1 MAGANDA:1 PWESTO:1 DATI:1 KUNG:2 NAMAN:2 KASI:1 DOS:2 KATWIRAN:1 KAYO:1 IBINIBIGAY:1 AKIN:1 KAYA:1 KAILANGAN:1 KUMILOS:1 SAAN:3 TALAGA:2 DAPAT:1 NAGING:2 PERO:1 ULIT:1 SABI:1 AYAW:1 RIN:2 TATLO:2 PARA:2 SHARON:1 LUIS:1 DATING:2 DIREK:1 DUMALO:1 KAMI:1 BREAK:2 INA:1 MAILAP:1 SUMAGOT:1 LEON:1 BATANG:1 ITO:1 TUNGKOL:1 PAMBANSA:2 HANGGANG:1 YOU:4 MUST:1 ADDRESS:1 DILIMAN:1 ILANG:1 KABATAAN:1 MAGING:1 RESPONSABLE:1 MAS:1 MATIBAY:1 PAARALAN:1 ALERT:1 DESISYON:1 KASO:1 BIKTIMA:1 YOUR:4 OUR:3 ARE:7 THE:29 NAME:4 DAYS:5 TRAFFIC:2 LAST:5 THERE:1 END:2 TEST:1 PAGE:2 GAT:1 TAG:1 SHOW:1 VIDEO:1 VIEW:1 DAY:1 ALSO:1 SEARCH:1 CLOSE:2
https://saksingayon.com/babaeng-ofw-nagbigti/	SAKSI:3 NGAYON:5 SEPTEMBER:19 NOON:2 POLICE:3 KONGRESO:2 BAKIT:2 WALA:6 NANG:5 MAKUHA:2 PROSEKUSYON:2 PATULOY:3 MINAHAN:2 MGA:3 GUWARDIYA:2 BUWANG:2 SAHOD:2 BALITA:5 METRO:5 PROBINSIYA:1 IBA:2 ISYU:1 NEW:8 YEAR:1 MANALO:1 MAY:9 AND:16 SARA:1 OPINYON:1 KALUSUGAN:1 KAGANDAHAN:1 KULTURA:1 TEKNOLOHIYA:1 PAGKAIN:1 KAINAN:1 PASYALAN:1 BAHAY:2 ESTILO:1 GALAW:1 MERKADO:1 LAGAY:1 PANAHON:1 RED:1 SPECIAL:1 ISANG:3 ANG:11 BUHAY:3 LOOB:1 LUNGSOD:1 GABI:2 ULAT:1 GANAP:1 ALAS:1 ANYOS:2 DIN:1 GAMIT:1 LEEG:1 KISAME:1 AGAD:1 HUMINGI:1 SAKLOLO:1 KAPITBAHAY:1 MABILIS:1 DING:1 TUMAWAG:1 BARANGAY:1 HINDI:1 RIN:2 PAGAMUTAN:1 BIKTIMA:6 DAHIL:1 IDEYA:1 KUNG:1 ANO:1 DAHILAN:1 IMBESTIGASYON:1 PULISYA:1 UPANG:1 NAGANAP:1 INSIDENTE:1 SUMAILALIM:1 LABI:1 NASA:1 MALAPIT:1 RING:1 PUNERARYA:1 LUGAR:1 CHE:1 PATAY:1 TUMAKAS:1 DATING:3 DESISYON:3 KASO:2 ONE:1 BALIGTARIN:1 YOU:4 MUST:1 ADDRESS:2 DILIMAN:2 ILANG:1 KABATAAN:1 MAGING:1 RESPONSABLE:1 PARA:1 MAS:1 MATIBAY:1 PAARALAN:1 ALERT:1 ALL:3 YOUR:4 OUR:3 ARE:7 FOR:7 THE:29 NAME:4 DAYS:5 TRAFFIC:2 LAST:5 THERE:1 NOT:2 WAS:1 END:2 TEST:1 PAGE:2 GAT:1 TAG:1 SHOW:1 VIDEO:1 VIEW:1 DAY:1 ALSO:1 SEARCH:1 CLOSE:2
https://saksingayon.com/portland-tumakas-sa-knicks/	TUMAKAS:2 SAKSI:3 NGAYON:4 SEPTEMBER:19 NOON:2 POLICE:2 KONGRESO:2 BAKIT:2 WALA:2 NANG:5 MAKUHA:2 PROSEKUSYON:2 PATULOY:2 MINAHAN:2 MGA:3 GUWARDIYA:2 BUWANG:2 SAHOD:2 BALITA:2 METRO:1 PROBINSIYA:1 IBA:2 ISYU:1 NEW:11 YEAR:1 MANALO:1 MAY:14 AND:16 SARA:1 OPINYON:1 KALUSUGAN:1 KAGANDAHAN:1 KULTURA:1 TEKNOLOHIYA:1 PAGKAIN:1 KAINAN:1 PASYALAN:1 BAHAY:1 ESTILO:1 GALAW:1 MERKADO:1 LAGAY:1 PANAHON:1 RED:1 SPECIAL:3 SINA:1 ANG:15 UMISKOR:1 HABANG:3 EIGHT:1 SIX:1 SILANG:1 DALAWA:1 HALOS:1 KABUUAN:1 LARO:1 NAMAN:4 ISANG:2 PUT:1 GAWIN:1 MULA:1 MINTIS:2 BASKET:1 KAKAMPI:1 SEGUNDO:1 TIM:1 PARA:5 IKAANIM:1 SUNOD:3 KALABAN:1 STATE:1 RIN:1 PINALAMIG:1 HOME:2 KAHIT:1 BUMALIK:1 AKSIYON:1 PUNTOS:2 LAMANG:1 SIYA:1 LUSOT:1 AWAY:1 TIKATIK:1 ORASAN:1 MAHIKA:1 KALIWA:1 PERO:1 ORAS:1 THE:33 FOR:8 RIGHT:1 SPEED:2 YOU:4 MUST:1 ADDRESS:1 DILIMAN:1 ILANG:1 KABATAAN:1 MAGING:1 RESPONSABLE:1 MAS:1 MATIBAY:1 PAARALAN:1 ALERT:1 DESISYON:1 KASO:1 DATING:1 BIKTIMA:1 ALL:3 YOUR:4 OUR:3 ARE:7 NAME:4 DAYS:5 TRAFFIC:2 LAST:5 THERE:1 NOT:2 WAS:1 END:2 TEST:1 PAGE:2 GAT:1 TAG:1 SHOW:1 VIDEO:1 VIEW:1 DAY:1 ALSO:1 SEARCH:1 CLOSE:2
https://saksingayon.com/feu-tamaraws-humabol-sa-f4/	SAKSI:3 NGAYON:4 SEPTEMBER:19 NOON:3 POLICE:2 KONGRESO:2 BAKIT:2 WALA:3 NANG:4 MAKUHA:2 PROSEKUSYON:2 PATULOY:2 MINAHAN:2 MGA:4 GUWARDIYA:2 BUWANG:2 SAHOD:2 BALITA:2 METRO:1 PROBINSIYA:1 IBA:2 ISYU:1 NEW:9 YEAR:1 MANALO:1 MAY:11 AND:16 SARA:1 OPINYON:1 KALUSUGAN:1 KAGANDAHAN:1 KULTURA:1 TEKNOLOHIYA:1 PAGKAIN:1 KAINAN:1 PASYALAN:1 BAHAY:1 ESTILO:1 GALAW:1 MERKADO:1 LAGAY:1 PANAHON:1 RED:1 SPECIAL:3 TRES:2 ANG:20 PANALO:1 KONTRA:1 UPANG:2 KUNIN:2 SILYA:1 SEASON:1 KAHAPON:1 RUN:1 SANDALI:1 LABANAN:2 IKAANIM:1 SUNOD:1 PAGKAKATAON:2 LAMANG:1 ISANG:3 MINUTO:1 MATAPOS:2 LAY:1 NGUNIT:2 BUHAT:1 KAY:1 KUNG:2 SAAN:2 AGAD:1 IHAGIS:1 SEGUNDO:2 NITO:1 HINDI:2 LANG:2 BASKET:1 KULANG:1 ORAS:1 NAGING:1 MAHIGPIT:1 DEPENSA:1 DITO:2 DAHIL:2 SCHOOL:2 ATENEO:1 DARATING:1 GIVE:1 THE:34 KAHIT:1 ITO:1 SILA:1 AKIN:1 KUMPIYANSA:1 PROUD:1 PAHAYAG:1 NAMAN:2 COACH:1 SAMANTALA:1 LAGLAG:1 PAGKABIGO:1 TUMAKAS:1 RUMESBAK:1 HOME:1 FOR:8 RIGHT:1 SPEED:2 PARA:2 YOU:4 MUST:1 ADDRESS:1 DILIMAN:1 ILANG:1 KABATAAN:1 MAGING:1 RESPONSABLE:1 MAS:1 MATIBAY:1 PAARALAN:1 ALERT:1 DESISYON:1 KASO:1 DATING:1 BIKTIMA:1 ALL:3 YOUR:4 OUR:3 ARE:7 NAME:4 DAYS:5 TRAFFIC:2 LAST:5 THERE:1 NOT:2 WAS:1 END:2 TEST:1 PAGE:2 GAT:1 TAG:1 SHOW:1 VIDEO:1 VIEW:1 DAY:1 ALSO:1 SEARCH:1 CLOSE:2
https://saksingayon.com/tan-dayaan-sa-armm-polls-may-pruweba/	MAY:13 PRUWEBA:2 AKO:4 SAKSI:3 NGAYON:5 SEPTEMBER:19 NOON:3 POLICE:3 KONGRESO:2 BAKIT:2 WALA:2 NANG:3 MAKUHA:2 PROSEKUSYON:2 PATULOY:2 MINAHAN:2 MGA:18 GUWARDIYA:2 BUWANG:2 SAHOD:2 BALITA:5 METRO:1 PROBINSIYA:2 IBA:2 ISYU:2 NEW:8 YEAR:1 MANALO:1 AND:18 SARA:1 OPINYON:1 KALUSUGAN:1 KAGANDAHAN:1 KULTURA:1 TEKNOLOHIYA:1 PAGKAIN:1 KAINAN:1 PASYALAN:1 BAHAY:1 ESTILO:1 GALAW:1 MERKADO:1 LAGAY:1 PANAHON:1 RED:1 SPECIAL:1 LUNES:1 ANG:15 DATING:4 UPANG:1 BISA:1 RESULTA:1 HALALAN:1 LALAWIGAN:2 MATAPOS:1 HALOS:1 BUMOTO:3 SUR:1 PEKE:2 TUNAY:2 BOTANTE:1 UMANO:9 LUGAR:1 AYON:5 KAY:7 HINDI:5 ITO:2 AKTUWAL:1 SAKOP:1 PANAYAM:1 MAMAMAYAN:1 PAMUNUAN:1 ISANG:2 HUWAD:1 GOBERNADOR:1 KUMANDIDATO:1 BILANG:2 LABAN:2 NAMAN:1 PAHAYAG:1 ELEKSIYON:1 PAWANG:1 DAGDAG:1 RITO:1 KAYA:1 DAPAT:2 KATUMBAS:1 BOTO:1 ABOGADO:1 MAN:1 MAYROON:1 BALAK:1 KUNG:2 ILANG:3 BESES:1 DIN:1 LABANAN:1 ALINSUNOD:1 BILIN:1 ISA:1 KASAMA:1 PINUNO:1 THE:30 PERSONAL:1 PAMILYA:1 NITO:1 KANDIDATURA:1 LALAKI:1 KAUSAP:1 SALITA:1 RIN:1 OPISYAL:2 ANAK:1 MATIGAS:1 ULO:1 TATAY:1 BAKA:1 MADAMAY:1 DAHIL:1 PINUNTAHAN:1 NIYA:1 KAHIT:1 RUMESBAK:1 HANDA:1 PASKO:1 PAGDATING:1 BABY:1 KAGAMITAN:1 NGUNIT:1 MAPAYAPA:1 MAAYOS:2 NAGING:1 PAYAPA:1 KABUUAN:1 AKTIBIDAD:1 GRUPO:1 OPOSISYON:1 SAGUTIN:1 PLEBISITO:1 HUWAG:1 MADALIIN:1 PARA:2 MAS:2 MALINAW:1 PROSESO:1 YOU:4 MUST:1 ADDRESS:2 DILIMAN:2 KABATAAN:1 MAGING:1 RESPONSABLE:1 MATIBAY:1 PAARALAN:1 ALERT:1 DESISYON:1 KASO:1 BIKTIMA:1 ALL:3 YOUR:4 OUR:3 ARE:7 FOR:7 NAME:4 DAYS:5 TRAFFIC:2 LAST:5 THERE:1 NOT:2 WAS:1 END:2 TEST:1 PAGE:2 GAT:1 TAG:1 SHOW:1 VIDEO:1 VIEW:1 DAY:1 ALSO:1 SEARCH:1 CLOSE:2
https://saksingayon.com/team-pilipinas-rumesbak-sa-jordan/	RUMESBAK:2 SAKSI:3 NGAYON:4 SEPTEMBER:19 NOON:2 POLICE:2 KONGRESO:2 BAKIT:2 WALA:2 NANG:3 MAKUHA:2 PROSEKUSYON:2 PATULOY:2 MINAHAN:2 MGA:5 GUWARDIYA:2 BUWANG:2 SAHOD:2 BALITA:2 METRO:1 PROBINSIYA:1 IBA:2 ISYU:1 NEW:9 YEAR:1 MANALO:1 MAY:11 AND:16 SARA:1 OPINYON:1 KALUSUGAN:1 KAGANDAHAN:1 KULTURA:1 TEKNOLOHIYA:1 PAGKAIN:1 KAINAN:1 PASYALAN:1 BAHAY:1 ESTILO:1 GALAW:1 MERKADO:1 LAGAY:1 PANAHON:1 RED:1 SPECIAL:3 MATAPOS:2 ANG:10 KONTRA:2 KOPONAN:3 KAGABI:1 LARO:2 INIT:1 ULO:1 COACH:3 BOLA:1 KAY:1 KAHIT:1 LAMANG:2 LALO:1 MABUTI:1 UMAWAT:1 KUNG:1 ISANG:1 FOR:9 ALL:4 NAGANAP:1 PAGITAN:1 HAWAK:1 MANLALARO:1 PRUWEBA:1 AKO:1 THE:33 HOME:1 RIGHT:1 SPEED:2 PARA:2 YOU:4 MUST:1 ADDRESS:1 DILIMAN:1 ILANG:1 KABATAAN:1 MAGING:1 RESPONSABLE:1 MAS:1 MATIBAY:1 PAARALAN:1 ALERT:1 DESISYON:1 KASO:1 DATING:1 BIKTIMA:1 YOUR:4 OUR:3 ARE:7 NAME:4 DAYS:5 TRAFFIC:2 LAST:5 THERE:1 NOT:2 WAS:1 END:2 TEST:1 PAGE:2 GAT:1 TAG:1 SHOW:1 VIDEO:1 VIEW:1 DAY:1 ALSO:1 SEARCH:1 CLOSE:2
https://saksingayon.com/marian-handang-handa-na-sa-pasko-at-sa-pagdating-ng-bagong-baby/	HANDA:2 PASKO:5 PAGDATING:2 BABY:2 SAKSI:3 NGAYON:5 SEPTEMBER:19 NOON:2 POLICE:2 KONGRESO:2 BAKIT:2 WALA:3 NANG:4 MAKUHA:2 PROSEKUSYON:2 PATULOY:2 MINAHAN:2 MGA:4 GUWARDIYA:2 BUWANG:2 SAHOD:2 BALITA:2 METRO:1 PROBINSIYA:1 IBA:2 ISYU:1 NEW:8 YEAR:2 MANALO:1 MAY:13 AND:16 SARA:1 OPINYON:1 KALUSUGAN:1 KAGANDAHAN:1 KULTURA:2 TEKNOLOHIYA:1 PAGKAIN:1 KAINAN:1 PASYALAN:1 BAHAY:3 ESTILO:1 GALAW:1 MERKADO:1 LAGAY:1 PANAHON:1 RED:1 SPECIAL:1 KAHIT:2 BUNTIS:1 MALAKI:2 ANG:11 TIYAN:5 NIYA:3 RIN:3 PREPARASYON:1 NILA:1 PARA:5 TULAD:1 PAGHAHANDA:2 LAHAT:4 TALAGA:3 NAMAN:2 SABI:5 NGA:3 LANG:2 AKO:3 LUMAKI:1 COURSE:1 BATA:1 PERO:3 HINDI:3 IBIG:1 SABIHIN:1 NIYAN:1 GINAGAWA:1 PAMILYA:6 SCHOOL:1 ANAK:3 RAW:1 SILA:3 TREE:2 MERON:2 PAGKATAPOS:1 LOVE:1 KAYA:2 MAMA:1 KAILAN:1 SIYA:5 PABORITO:1 TRADISYON:1 KAPAG:2 SILANG:1 NASA:1 KAMI:2 SAMA:2 DAHIL:2 MIYEMBRO:1 ESPESYAL:1 LALO:1 KANILA:1 NINA:1 NAMIN:1 BIYAYA:1 BINIBIGAY:1 AKIN:1 KASI:2 ITO:2 PANGARAP:1 MAGING:2 INA:2 AKTRES:1 HABANG:1 IDEAL:1 KUNG:3 SIGURO:1 HANGGANG:2 SANA:1 BUNDAT:2 TIYAK:1 MAS:3 LALAKI:1 SIYEMPRE:1 MASAYA:1 LUMABAS:1 NGITI:1 LAMANG:1 TANONG:1 BUWAN:1 BUKOD:1 ABALA:1 REGULAR:1 SUNDAY:1 AMONG:1 PRUWEBA:1 DING:1 MAGMURA:1 DATING:2 DIREK:1 DUMALO:1 BREAK:2 NAGING:1 MAILAP:1 SUMAGOT:1 LEON:1 BATANG:1 TUNGKOL:1 PAMBANSA:2 PROJECT:1 YOU:4 MUST:1 ADDRESS:1 DILIMAN:1 ILANG:1 KABATAAN:1 RESPONSABLE:1 MATIBAY:1 PAARALAN:1 ALERT:1 DESISYON:1 KASO:1 BIKTIMA:1 ALL:3 YOUR:4 OUR:3 ARE:7 FOR:7 THE:29 NAME:4 DAYS:5 TRAFFIC:2 LAST:5 THERE:1 NOT:2 WAS:1 END:2 TEST:1 PAGE:2 GAT:1 TAG:1 SHOW:1 VIDEO:1 VIEW:1 DAY:1 ALSO:1 SEARCH:1 CLOSE:2
https://saksingayon.com/kaya-ko-ding-magmura-alden/	KAYA:5 DING:2 MAGMURA:3 SAKSI:3 NGAYON:6 SEPTEMBER:19 NOON:2 POLICE:2 KONGRESO:2 BAKIT:2 WALA:4 NANG:4 MAKUHA:2 PROSEKUSYON:2 PATULOY:2 MINAHAN:2 MGA:8 GUWARDIYA:2 BUWANG:2 SAHOD:2 BALITA:2 METRO:1 PROBINSIYA:1 IBA:2 ISYU:1 NEW:9 YEAR:3 MANALO:1 MAY:13 AND:16 SARA:1 OPINYON:1 KALUSUGAN:1 KAGANDAHAN:1 KULTURA:1 TEKNOLOHIYA:1 PAGKAIN:1 KAINAN:1 PASYALAN:1 BAHAY:2 ESTILO:1 GALAW:1 MERKADO:1 LAGAY:1 PANAHON:1 RED:1 SPECIAL:1 NAIS:1 MAKAGAWA:1 NAKAGAWA:1 ANG:7 PONG:4 ANO:2 KAY:2 ATE:1 NORA:1 SHORT:1 NOT:4 PERO:2 PARANG:2 KASI:4 KAGAYA:1 KONSEPTO:1 BEST:2 GANYAN:1 MAGHUBAD:1 ISANG:1 HINDI:10 NAMAN:4 SIGURO:1 TALAGA:2 AKO:5 BASE:1 DELAS:1 ALAS:1 SCHOOL:1 MURA:2 DOON:1 DIN:2 BILANG:1 RAW:1 GAWIN:1 YUN:6 LASENGGERO:1 OPO:2 GUSTO:1 MAKITA:1 NILA:1 DARK:3 MERON:2 LANG:4 SARILI:1 TSAKA:1 TAONG:1 MALAPIT:1 AKIN:1 SIYA:4 NATIN:1 PAG:3 GINAGAWA:1 ALL:4 THE:30 MORE:1 YAN:2 MINSAN:1 SIYEMPRE:1 TAO:1 TAYO:2 SAN:1 MASABI:1 KAPAG:1 ETO:2 MAGANDA:1 KESA:1 TAPOS:2 NAGSASALITA:1 PADER:1 BANG:1 NIYA:3 MAGTANGGOL:2 FOR:8 KAMI:2 MEDYO:1 NAGING:2 MADALI:1 NAMIN:1 AYON:1 KASAMA:1 PAMILYA:1 MULA:1 HANGGANG:2 BAGO:1 MAG:1 TAON:1 HANDA:1 PASKO:1 PAGDATING:1 BABY:1 ANAK:1 PUMANAW:1 DATING:2 DIREK:1 DUMALO:1 BREAK:2 RIN:1 INA:1 MAILAP:1 SUMAGOT:1 LEON:1 BATANG:1 ITO:1 TUNGKOL:1 PAMBANSA:2 PROJECT:1 YOU:4 MUST:1 ADDRESS:1 DILIMAN:1 ILANG:1 KABATAAN:1 MAGING:1 RESPONSABLE:1 PARA:1 MAS:1 MATIBAY:1 PAARALAN:1 ALERT:1 DESISYON:1 KASO:1 BIKTIMA:1 YOUR:4 OUR:3 ARE:7 NAME:4 DAYS:5 TRAFFIC:2 LAST:5 THERE:1 WAS:1 END:2 TEST:1 PAGE:2 GAT:1 TAG:1 SHOW:1 VIDEO:1 VIEW:1 DAY:1 ALSO:1 SEARCH:1 CLOSE:2
https://saksingayon.com/anak-ni-tirso-cruz-iii-pumanaw-na/	ANAK:6 PUMANAW:2 SAKSI:3 NGAYON:5 SEPTEMBER:19 NOON:2 POLICE:2 KONGRESO:2 BAKIT:2 WALA:3 NANG:4 MAKUHA:2 PROSEKUSYON:2 PATULOY:2 MINAHAN:2 MGA:6 GUWARDIYA:2 BUWANG:2 SAHOD:2 BALITA:2 METRO:1 PROBINSIYA:1 IBA:2 ISYU:1 NEW:8 YEAR:2 MANALO:1 MAY:12 AND:25 SARA:1 OPINYON:1 KALUSUGAN:1 KAGANDAHAN:1 KULTURA:1 TEKNOLOHIYA:1 PAGKAIN:1 KAINAN:1 PASYALAN:1 BAHAY:1 ESTILO:1 GALAW:1 MERKADO:1 LAGAY:1 PANAHON:1 RED:1 SPECIAL:1 ANG:13 KAHAPON:2 NINA:1 MATAPOS:1 ITO:4 YOUR:7 LOVE:5 ALL:4 THE:37 DAYS:6 FOR:15 WAS:4 BUT:2 ALSO:2 YOU:13 NOW:1 ABLE:1 PAIN:1 OUR:4 GET:1 THERE:2 KUYA:2 THANK:1 SIYA:3 PAMILYA:1 NAMAN:2 AKO:1 NILA:6 SABI:1 CAN:1 DAW:2 KANINA:1 LANG:1 ARAW:1 BUMIGAY:1 PANGANAY:1 TALAGA:1 IYON:1 MAUNA:1 IYO:1 KUNIN:1 BAIT:2 SINA:1 HINDI:2 PUMASOK:1 PAG:1 KAMI:2 TULONG:1 OSPITAL:1 NAMIN:1 TULAD:1 MAGALANG:1 SANA:2 WELCOME:1 AKTRES:1 PINSAN:1 ISA:1 RIP:1 ANGEL:1 NAGING:2 PARTE:1 KASAMA:1 RIN:4 CAST:1 PONDO:1 PARA:2 BATANG:2 SAKIT:1 MISMO:1 TWO:1 PERO:1 NIYA:1 KAYA:1 DING:1 MAGMURA:1 DATING:2 DIREK:1 DUMALO:1 BREAK:2 INA:1 MAILAP:1 SUMAGOT:1 LEON:1 TUNGKOL:1 PAMBANSA:2 PROJECT:1 HANGGANG:1 MUST:1 ADDRESS:1 DILIMAN:1 ILANG:1 KABATAAN:1 MAGING:1 RESPONSABLE:1 MAS:1 MATIBAY:1 PAARALAN:1 ALERT:1 DESISYON:1 KASO:1 BIKTIMA:1 ARE:7 NAME:4 TRAFFIC:2 LAST:5 NOT:2 END:2 TEST:1 PAGE:2 GAT:1 TAG:1 SHOW:1 VIDEO:1 VIEW:1 DAY:1 SEARCH:1 CLOSE:2
https://saksingayon.com/ofw-nag-suicide/	SAKSI:3 NGAYON:4 SEPTEMBER:19 NOON:2 POLICE:3 KONGRESO:2 BAKIT:2 WALA:3 NANG:5 MAKUHA:2 PROSEKUSYON:2 PATULOY:3 MINAHAN:2 MGA:4 GUWARDIYA:2 BUWANG:2 SAHOD:2 BALITA:5 METRO:5 PROBINSIYA:1 IBA:2 ISYU:1 NEW:8 YEAR:1 MANALO:1 MAY:9 AND:16 SARA:1 OPINYON:1 KALUSUGAN:1 KAGANDAHAN:1 KULTURA:1 TEKNOLOHIYA:1 PAGKAIN:1 KAINAN:1 PASYALAN:1 BAHAY:2 ESTILO:1 GALAW:1 MERKADO:1 LAGAY:1 PANAHON:1 RED:1 SPECIAL:1 CHE:1 PALAISIPAN:1 AWTORIDAD:1 ANG:13 ISANG:3 GAMIT:1 LOOB:1 LUNGSOD:1 GABI:2 BUHAY:2 ANYOS:2 ULAT:1 BIKTIMA:6 ALAS:1 LEEG:1 DULO:1 HABANG:2 KABILA:1 KISAME:1 AGAD:1 HUMINGI:1 SAKLOLO:1 KAPITBAHAY:1 DING:1 TUMAWAG:1 BARANGAY:1 HINDI:1 RING:1 PAGAMUTAN:1 BINAWIAN:1 IDEYA:1 KUNG:1 ANO:1 DAHILAN:1 NITO:1 IMBESTIGASYON:1 PULISYA:1 UPANG:1 NAGANAP:1 INSIDENTE:1 ANAK:1 PUMANAW:1 INUMAN:1 PATAYAN:1 DATING:3 DESISYON:3 KASO:2 ONE:1 BALIGTARIN:1 YOU:4 MUST:1 ADDRESS:2 DILIMAN:2 ILANG:1 KABATAAN:1 MAGING:1 RESPONSABLE:1 PARA:1 MAS:1 MATIBAY:1 PAARALAN:1 ALERT:1 ALL:3 YOUR:4 OUR:3 ARE:7 FOR:7 THE:29 NAME:4 DAYS:5 TRAFFIC:2 LAST:5 THERE:1 NOT:2 WAS:1 END:2 TEST:1 PAGE:2 GAT:1 TAG:1 SHOW:1 VIDEO:1 VIEW:1 DAY:1 ALSO:1 SEARCH:1 CLOSE:2
https://saksingayon.com/inuman-nauwi-sa-patayan/	INUMAN:5 PATAYAN:3 SAKSI:3 NGAYON:5 SEPTEMBER:19 NOON:2 POLICE:3 KONGRESO:2 BAKIT:2 WALA:2 NANG:3 MAKUHA:2 PROSEKUSYON:2 PATULOY:2 MINAHAN:2 MGA:2 GUWARDIYA:2 BUWANG:2 SAHOD:2 BALITA:5 METRO:5 PROBINSIYA:1 IBA:2 ISYU:1 NEW:8 YEAR:1 MANALO:1 MAY:9 AND:16 SARA:1 OPINYON:1 KALUSUGAN:1 KAGANDAHAN:1 KULTURA:1 TEKNOLOHIYA:1 PAGKAIN:1 KAINAN:1 PASYALAN:1 BAHAY:1 ESTILO:1 GALAW:1 MERKADO:1 LAGAY:1 PANAHON:1 RED:1 SPECIAL:1 CHE:1 EKSENA:1 ANG:12 ISANG:2 MAGKAKAIBIGAN:1 MATAPOS:1 DEBATE:2 KAMAKALAWA:1 GABI:2 LUNGSOD:2 ULAT:1 ALAS:1 PASADO:1 MAGANAP:1 INSIDENTE:1 KAHABAAN:1 BARANGAY:1 MAG:1 ANYOS:1 KAIBIGAN:1 SUSPEK:3 BINATA:1 NASA:1 GULANG:1 RING:1 LUGAR:1 KALAGITNAAN:1 NAGKAROON:1 DALAWA:2 HANGGANG:1 AWAY:1 DITO:1 PATALIM:2 ISIP:1 SAKSAK:1 DIBDIB:1 BIKTIMA:4 NITO:1 MABILIS:1 TUMAKAS:1 BITBIT:1 RIN:1 PULISYA:1 PABUYA:1 MAYOR:1 DATING:3 DESISYON:3 KASO:2 ONE:1 BALIGTARIN:1 YOU:4 MUST:1 ADDRESS:2 DILIMAN:2 ILANG:1 KABATAAN:1 MAGING:1 RESPONSABLE:1 PARA:1 MAS:1 MATIBAY:1 PAARALAN:1 ALERT:1 ALL:3 YOUR:4 OUR:3 ARE:7 FOR:7 THE:29 NAME:4 DAYS:5 TRAFFIC:2 LAST:5 THERE:1 NOT:2 WAS:1 END:2 TEST:1 PAGE:2 GAT:1 TAG:1 SHOW:1 VIDEO:1 VIEW:1 DAY:1 ALSO:1 SEARCH:1 CLOSE:2
https://saksingayon.com/200k-pabuya-sa-killer-ng-supporter-ni-mayor-oreta/	PABUYA:2 MAYOR:4 SAKSI:3 NGAYON:5 SEPTEMBER:19 NOON:2 POLICE:2 KONGRESO:2 BAKIT:2 WALA:3 NANG:2 MAKUHA:2 PROSEKUSYON:2 PATULOY:3 MINAHAN:2 MGA:3 GUWARDIYA:2 BUWANG:2 SAHOD:2 BALITA:5 METRO:5 PROBINSIYA:1 IBA:2 ISYU:1 NEW:8 YEAR:1 MANALO:1 MAY:9 AND:16 SARA:1 OPINYON:1 KALUSUGAN:1 KAGANDAHAN:1 KULTURA:1 TEKNOLOHIYA:1 PAGKAIN:1 KAINAN:1 PASYALAN:1 BAHAY:1 ESTILO:1 GALAW:1 MERKADO:1 LAGAY:1 PANAHON:1 RED:1 SPECIAL:1 CHE:1 KAHAPON:2 MALABON:1 IMPORMASYON:1 UKOL:1 SUSPEK:1 PAGPATAY:3 KAGAWAD:2 ALKALDE:1 TAMBO:1 BARANGAY:2 KILALA:1 HINDI:1 SALARIN:1 DAHILAN:1 NITO:1 NAGANAP:1 UMANO:4 ANG:10 PAMAMARIL:1 HABANG:1 USAP:2 BIKTIMA:7 ISANG:3 TANOD:1 MAISIP:1 MOTIBO:1 KAANAK:1 DAHIL:1 MABAIT:1 NAMAN:2 ITO:1 NAGING:1 KAAWAY:1 LUGAR:1 ILANG:2 KAIBIGAN:1 TAON:1 ARYA:1 ADMINISTRASYON:1 LUNGSOD:1 PULISYA:1 KASO:3 INUMAN:1 PATAYAN:1 TULOY:1 SUPORTA:1 DATING:3 DESISYON:3 ONE:1 BALIGTARIN:1 YOU:4 MUST:1 ADDRESS:2 DILIMAN:2 KABATAAN:1 MAGING:1 RESPONSABLE:1 PARA:1 MAS:1 MATIBAY:1 PAARALAN:1 ALERT:1 ALL:3 YOUR:4 OUR:3 ARE:7 FOR:7 THE:29 NAME:4 DAYS:5 TRAFFIC:2 LAST:5 THERE:1 NOT:2 WAS:1 END:2 TEST:1 PAGE:2 GAT:1 TAG:1 SHOW:1 VIDEO:1 VIEW:1 DAY:1 ALSO:1 SEARCH:1 CLOSE:2
https://saksingayon.com/dilg-at-coco-martin-nag-usap-na-kahapon-tuloy-ang-suporta-sa-ang-probinsyano/	USAP:3 KAHAPON:2 TULOY:2 ANG:19 SUPORTA:2 SAKSI:3 NGAYON:6 SEPTEMBER:19 NOON:2 POLICE:5 KONGRESO:2 BAKIT:2 WALA:3 NANG:4 MAKUHA:2 PROSEKUSYON:2 PATULOY:5 MINAHAN:2 MGA:6 GUWARDIYA:2 BUWANG:2 SAHOD:2 BALITA:2 METRO:1 PROBINSIYA:1 IBA:2 ISYU:1 NEW:8 YEAR:1 MANALO:1 MAY:13 AND:23 SARA:1 OPINYON:1 KALUSUGAN:1 KAGANDAHAN:1 KULTURA:1 TEKNOLOHIYA:1 PAGKAIN:1 KAINAN:1 PASYALAN:1 BAHAY:1 ESTILO:1 GALAW:1 MERKADO:1 LAGAY:1 PANAHON:1 RED:1 SPECIAL:1 MATAPOS:2 ALINGASNGAS:1 PAGITAN:1 PROBINSYANO:3 LEAD:1 SHOW:3 WAKAS:1 RIN:3 PANIG:4 GINAWA:1 LANG:1 ITO:3 ISANG:3 ORAS:1 DITO:1 SILA:1 KASAMA:1 LONG:1 TOP:1 RATING:1 DAHIL:1 DAW:1 INSPIRASYON:2 NITO:3 HULI:1 KABUTIHAN:1 NAMAN:1 DIN:2 IPO:1 DALISAY:2 BILANG:1 INTEGRIDAD:1 PROTEKTAHAN:1 INTERVIEW:1 IPINOST:1 AKTOR:1 KAMI:2 ANO:1 NAMIN:4 GINAGAWA:1 TELESERYE:1 KUMBAGA:1 PARA:3 AMIN:1 NILA:2 LAHAT:1 PAG:1 BAWAT:1 PUNTO:1 THE:45 WAS:2 FOR:9 EXPRESS:1 SUPPORT:2 PART:1 END:3 GOOD:1 OVER:1 PABUYA:1 MAYOR:1 TRAIN:1 DATING:2 DIREK:1 DUMALO:1 BREAK:2 HINDI:1 INA:1 NAGING:1 MAILAP:1 SUMAGOT:1 LEON:1 BATANG:1 TUNGKOL:1 PAMBANSA:2 PROJECT:1 HANGGANG:1 YOU:4 MUST:1 ADDRESS:1 DILIMAN:1 ILANG:1 KABATAAN:1 MAGING:1 RESPONSABLE:1 MAS:1 MATIBAY:1 PAARALAN:1 ALERT:1 DESISYON:1 KASO:1 BIKTIMA:1 ALL:3 YOUR:4 OUR:3 ARE:7 NAME:4 DAYS:5 TRAFFIC:2 LAST:5 THERE:1 NOT:2 TEST:1 PAGE:2 GAT:1 TAG:1 VIDEO:1 VIEW:1 DAY:1 ALSO:1 SEARCH:1 CLOSE:2
https://saksingayon.com/train-law-suspendehin-villanueva/	TRAIN:6 SAKSI:3 NGAYON:4 SEPTEMBER:19 NOON:2 POLICE:2 KONGRESO:2 BAKIT:2 WALA:2 NANG:2 MAKUHA:2 PROSEKUSYON:2 PATULOY:2 MINAHAN:2 MGA:7 GUWARDIYA:2 BUWANG:2 SAHOD:2 BALITA:5 METRO:1 PROBINSIYA:1 IBA:2 ISYU:2 NEW:8 YEAR:1 MANALO:1 MAY:10 AND:19 SARA:1 OPINYON:1 KALUSUGAN:1 KAGANDAHAN:1 KULTURA:1 TEKNOLOHIYA:1 PAGKAIN:1 KAINAN:1 PASYALAN:1 BAHAY:1 ESTILO:1 GALAW:1 MERKADO:1 LAGAY:1 PANAHON:1 RED:1 SPECIAL:1 BATAS:2 ANG:10 ISANG:1 MAMBABATAS:1 PARA:3 PAG:1 ARALAN:1 DAGDAG:2 BUWIS:2 PETROLYO:3 ILALIM:2 FOR:8 AYON:1 KAY:1 SENADOR:2 PRESYO:1 EPEKTIBO:1 TAONG:2 KASALUKUYAN:1 TULOY:2 SUSUNOD:1 TAON:1 NAIS:1 PAGPAPATUPAD:1 OUR:5 THE:36 OUT:1 NOW:1 MORE:3 ARE:8 FIRST:1 SABI:1 PARUSA:1 UMANO:1 LALO:1 MARAMI:1 MUCH:1 EVEN:1 PALIWANAG:1 USAP:1 KAHAPON:1 SUPORTA:1 GUSTO:1 RING:1 KAGAMITAN:1 NGUNIT:1 MAPAYAPA:1 MAAYOS:2 NAGING:1 PAYAPA:1 KABUUAN:1 AKTIBIDAD:1 GRUPO:1 OPOSISYON:1 DAPAT:1 SAGUTIN:1 PLEBISITO:1 HUWAG:1 MADALIIN:1 MAS:2 MALINAW:1 PROSESO:1 YOU:4 MUST:1 ADDRESS:2 DILIMAN:2 ILANG:1 KABATAAN:1 MAGING:1 RESPONSABLE:1 MATIBAY:1 PAARALAN:1 ALERT:1 DESISYON:1 KASO:1 DATING:1 BIKTIMA:1 ALL:3 YOUR:4 NAME:4 DAYS:5 TRAFFIC:2 LAST:5 THERE:1 NOT:2 WAS:1 END:2 TEST:1 PAGE:2 GAT:1 TAG:1 SHOW:1 VIDEO:1 VIEW:1 DAY:1 ALSO:1 SEARCH:1 CLOSE:2
https://saksingayon.com/congressmen-gusto-na-ring-magkasal/	GUSTO:2 RING:3 SAKSI:3 NGAYON:4 SEPTEMBER:19 NOON:2 POLICE:2 KONGRESO:3 BAKIT:2 WALA:2 NANG:2 MAKUHA:2 PROSEKUSYON:2 PATULOY:2 MINAHAN:2 MGA:17 GUWARDIYA:2 BUWANG:2 SAHOD:2 BALITA:5 METRO:1 PROBINSIYA:1 IBA:2 ISYU:2 NEW:8 YEAR:1 MANALO:1 MAY:11 AND:17 SARA:1 OPINYON:1 KALUSUGAN:1 KAGANDAHAN:1 KULTURA:1 TEKNOLOHIYA:1 PAGKAIN:1 KAINAN:1 PASYALAN:1 BAHAY:1 ESTILO:1 GALAW:1 MERKADO:1 LAGAY:1 PANAHON:1 RED:1 SPECIAL:1 KUNG:1 MAGIGING:1 BATAS:1 ANG:11 ISANG:1 PANUKALA:2 KAPULUNGAN:1 MAAARI:1 KONGRESISTA:3 DISTRITO:1 ITO:1 MATAPOS:1 SIMULAN:1 MAG:1 LAYON:1 ABANG:1 LINGKOD:1 LIST:1 MAGKAROON:1 RIN:2 KAPANGYARIHAN:4 KASALUKUYAN:1 MAYOR:1 MIYEMBRO:1 HUDIKATURA:1 LALO:1 HUWES:1 PARI:1 THE:33 MILITARY:1 ARE:8 BUT:1 NOT:3 ANI:1 DAHIL:1 DITO:1 GOBERNADOR:1 PARA:3 LAMANG:1 KASAL:1 TRAIN:1 PWEDE:1 OIL:1 GAS:1 KAGAMITAN:1 NGUNIT:1 MAPAYAPA:1 MAAYOS:2 NAGING:1 PAYAPA:1 KABUUAN:1 AKTIBIDAD:1 GRUPO:1 OPOSISYON:1 DAPAT:1 SAGUTIN:1 PLEBISITO:1 HUWAG:1 MADALIIN:1 MAS:2 MALINAW:1 PROSESO:1 YOU:4 MUST:1 ADDRESS:2 DILIMAN:2 ILANG:1 KABATAAN:1 MAGING:1 RESPONSABLE:1 MATIBAY:1 PAARALAN:1 ALERT:1 DESISYON:1 KASO:1 DATING:1 BIKTIMA:1 ALL:3 YOUR:4 OUR:3 FOR:7 NAME:4 DAYS:5 TRAFFIC:2 LAST:5 THERE:1 WAS:1 END:2 TEST:1 PAGE:2 GAT:1 TAG:1 SHOW:1 VIDEO:1 VIEW:1 DAY:1 ALSO:1 SEARCH:1 CLOSE:2
https://saksingayon.com/ph-pwede-pang-umatras-sa-joint-oil-gas-agreement/	PWEDE:2 OIL:4 GAS:4 SAKSI:3 NGAYON:4 SEPTEMBER:19 NOON:2 POLICE:2 KONGRESO:2 BAKIT:2 WALA:2 NANG:3 MAKUHA:2 PROSEKUSYON:2 PATULOY:2 MINAHAN:2 MGA:8 GUWARDIYA:2 BUWANG:2 SAHOD:2 BALITA:5 METRO:1 PROBINSIYA:1 IBA:2 ISYU:3 NEW:8 YEAR:1 MANALO:1 MAY:11 AND:17 SARA:1 OPINYON:1 KALUSUGAN:1 KAGANDAHAN:1 KULTURA:1 TEKNOLOHIYA:1 PAGKAIN:1 KAINAN:1 PASYALAN:1 BAHAY:1 ESTILO:1 GALAW:1 MERKADO:1 LAGAY:1 PANAHON:1 RED:1 SPECIAL:1 PAGKAKATAON:1 ANG:15 UKOL:2 ITO:2 DAHIL:4 HINDI:3 PALIWANAG:1 MAARI:1 KAPAG:1 NAGING:2 DEHADO:1 BANSA:3 LANGIS:1 LUGAR:1 ILALIM:1 BATAS:1 BISA:1 KONTRATA:1 LAMANG:3 NASA:1 PROSESO:2 MASYADO:1 MAAGA:1 TULOY:1 NAMAN:1 NEGOSASYON:1 WIKA:1 UNA:1 SOBERENYA:1 PAG:1 MAHIGPIT:1 MAGIGING:1 KASUNDUAN:1 GUSTO:1 RING:1 KAGAMITAN:1 NGUNIT:1 MAPAYAPA:1 MAAYOS:2 PAYAPA:1 KABUUAN:1 AKTIBIDAD:1 GRUPO:1 OPOSISYON:1 DAPAT:1 SAGUTIN:1 PLEBISITO:1 HUWAG:1 MADALIIN:1 PARA:2 MAS:2 MALINAW:1 YOU:4 MUST:1 ADDRESS:2 DILIMAN:2 ILANG:1 KABATAAN:1 MAGING:1 RESPONSABLE:1 MATIBAY:1 PAARALAN:1 ALERT:1 DESISYON:1 KASO:1 DATING:1 BIKTIMA:1 ALL:3 YOUR:4 OUR:3 ARE:7 FOR:7 THE:29 NAME:4 DAYS:5 TRAFFIC:2 LAST:5 THERE:1 NOT:2 WAS:1 END:2 TEST:1 PAGE:2 GAT:1 TAG:1 SHOW:1 VIDEO:1 VIEW:1 DAY:1 ALSO:1 SEARCH:1 CLOSE:2
https://saksingayon.com/hudcc-sec-gen-sinibak/	SAKSI:3 NGAYON:5 SEPTEMBER:19 NOON:2 POLICE:2 KONGRESO:2 BAKIT:2 WALA:3 NANG:2 MAKUHA:2 PROSEKUSYON:2 PATULOY:2 MINAHAN:2 MGA:7 GUWARDIYA:2 BUWANG:2 SAHOD:2 BALITA:5 METRO:1 PROBINSIYA:1 IBA:2 ISYU:2 NEW:8 YEAR:1 MANALO:1 MAY:10 AND:18 SARA:1 OPINYON:1 KALUSUGAN:1 KAGANDAHAN:1 KULTURA:1 TEKNOLOHIYA:1 PAGKAIN:1 KAINAN:1 PASYALAN:1 BAHAY:1 ESTILO:1 GALAW:1 MERKADO:1 LAGAY:1 PANAHON:1 RED:1 SPECIAL:1 BUNSOD:1 REKLAMO:1 UKOL:1 KATIWALIAN:1 PWESTO:1 URBAN:1 ANG:5 THERE:2 ARE:8 THE:34 LALO:1 KAMPANYA:1 KONTRA:1 SAID:1 NOT:3 EVEN:1 AYON:1 KAY:1 HINDI:1 ITO:1 SERBISYO:1 PUBLIKO:1 GIIT:1 GAYUNMAN:1 PANGALAN:1 KUNG:1 SINO:1 OPISYAL:1 PWEDE:1 OIL:1 GAS:1 PAGLABAG:1 KAGAMITAN:1 NGUNIT:1 MAPAYAPA:1 MAAYOS:2 NAGING:1 PAYAPA:1 KABUUAN:1 AKTIBIDAD:1 GRUPO:1 OPOSISYON:1 DAPAT:1 SAGUTIN:1 PLEBISITO:1 HUWAG:1 MADALIIN:1 PARA:2 MAS:2 MALINAW:1 PROSESO:1 YOU:4 MUST:1 ADDRESS:2 DILIMAN:2 ILANG:1 KABATAAN:1 MAGING:1 RESPONSABLE:1 MATIBAY:1 PAARALAN:1 ALERT:1 DESISYON:1 KASO:1 DATING:1 BIKTIMA:1 ALL:3 YOUR:4 OUR:3 FOR:7 NAME:4 DAYS:5 TRAFFIC:2 LAST:5 WAS:1 END:2 TEST:1 PAGE:2 GAT:1 TAG:1 SHOW:1 VIDEO:1 VIEW:1 DAY:1 ALSO:1 SEARCH:1 CLOSE:2
https://saksingayon.com/paglabag-sa-heraldic-code-ipinauubaya-sa-protocol-officer/	PAGLABAG:4 SAKSI:3 NGAYON:4 SEPTEMBER:19 NOON:2 POLICE:2 KONGRESO:2 BAKIT:2 WALA:2 NANG:2 MAKUHA:2 PROSEKUSYON:2 PATULOY:2 MINAHAN:2 MGA:6 GUWARDIYA:2 BUWANG:2 SAHOD:2 BALITA:5 METRO:1 PROBINSIYA:1 IBA:2 ISYU:4 NEW:8 YEAR:1 MANALO:1 MAY:10 AND:16 SARA:1 OPINYON:1 KALUSUGAN:1 KAGANDAHAN:1 KULTURA:1 TEKNOLOHIYA:1 PAGKAIN:1 KAINAN:1 PASYALAN:1 BAHAY:1 ESTILO:1 GALAW:1 MERKADO:1 LAGAY:1 PANAHON:1 RED:1 SPECIAL:1 ANG:12 FLAG:1 TWO:1 DAY:2 STATE:1 BANSA:1 MAGPALIWANAG:1 NITO:1 UGNAYAN:1 SYA:1 KAY:2 KUNG:1 SAAN:1 LAMANG:3 SILA:1 PAHAYAG:1 HINGGIL:1 DITO:1 HINDI:2 POSISYON:1 BANDILA:4 ILANG:2 NINA:1 DAPAT:2 NASA:2 KALIWA:1 LIDER:2 KANAN:1 THE:30 WELCOME:1 LIKOD:1 KASAMA:1 BALIKAT:1 BLANGKO:1 MAGIGING:1 KAGAMITAN:1 NGUNIT:1 MAPAYAPA:1 MAAYOS:2 NAGING:1 PAYAPA:1 KABUUAN:1 AKTIBIDAD:1 GRUPO:1 OPOSISYON:1 SAGUTIN:1 PLEBISITO:1 HUWAG:1 MADALIIN:1 PARA:2 MAS:2 MALINAW:1 PROSESO:1 YOU:4 MUST:1 ADDRESS:2 DILIMAN:2 KABATAAN:1 MAGING:1 RESPONSABLE:1 MATIBAY:1 PAARALAN:1 ALERT:1 DESISYON:1 KASO:1 DATING:1 BIKTIMA:1 ALL:3 YOUR:4 OUR:3 ARE:7 FOR:7 NAME:4 DAYS:5 TRAFFIC:2 LAST:5 THERE:1 NOT:2 WAS:1 END:2 TEST:1 PAGE:2 GAT:1 TAG:1 SHOW:1 VIDEO:1 VIEW:1 ALSO:1 SEARCH:1 CLOSE:2
https://saksingayon.com/andanar-blangko-sa-magiging-press-secretary/	BLANGKO:3 MAGIGING:3 SAKSI:3 NGAYON:5 SEPTEMBER:19 NOON:2 POLICE:2 KONGRESO:2 BAKIT:2 WALA:3 NANG:2 MAKUHA:2 PROSEKUSYON:2 PATULOY:2 MINAHAN:2 MGA:6 GUWARDIYA:2 BUWANG:2 SAHOD:2 BALITA:5 METRO:1 PROBINSIYA:1 IBA:2 ISYU:2 NEW:8 YEAR:1 MANALO:1 MAY:10 AND:16 SARA:1 OPINYON:1 KALUSUGAN:1 KAGANDAHAN:1 KULTURA:1 TEKNOLOHIYA:1 PAGKAIN:1 KAINAN:1 PASYALAN:1 BAHAY:1 ESTILO:1 GALAW:1 MERKADO:1 LAGAY:1 PANAHON:1 RED:1 SPECIAL:1 KAHAPON:1 SILA:1 KUNG:2 SINO:2 ANG:9 AYON:1 KAY:1 ORDER:1 THE:31 DUMAAN:1 OPISINA:1 ITO:1 GAYUNMAN:1 PINABULAANAN:1 DATING:3 MAGING:2 RIN:1 ABISO:1 PANGULO:1 PUWESTO:2 NAMAN:1 LALO:1 MAMAHAYAG:1 PAHAYAG:1 PAGLABAG:1 KASUNDUAN:1 KAGAMITAN:1 NGUNIT:1 MAPAYAPA:1 MAAYOS:2 NAGING:1 PAYAPA:1 KABUUAN:1 AKTIBIDAD:1 GRUPO:1 OPOSISYON:1 DAPAT:1 SAGUTIN:1 PLEBISITO:1 HUWAG:1 MADALIIN:1 PARA:2 MAS:2 MALINAW:1 PROSESO:1 YOU:4 MUST:1 ADDRESS:2 DILIMAN:2 ILANG:1 KABATAAN:1 RESPONSABLE:1 MATIBAY:1 PAARALAN:1 ALERT:1 DESISYON:1 KASO:1 BIKTIMA:1 ALL:3 YOUR:4 OUR:3 ARE:7 FOR:7 NAME:4 DAYS:5 TRAFFIC:2 LAST:5 THERE:1 NOT:2 WAS:1 END:2 TEST:1 PAGE:2 GAT:1 TAG:1 SHOW:1 VIDEO:1 VIEW:1 DAY:1 ALSO:1 SEARCH:1 CLOSE:2
https://saksingayon.com/kasunduan-ng-pilipinas-at-china-isasapubliko/	KASUNDUAN:3 SAKSI:3 NGAYON:4 SEPTEMBER:19 NOON:2 POLICE:2 KONGRESO:2 BAKIT:2 WALA:2 NANG:2 MAKUHA:2 PROSEKUSYON:2 PATULOY:2 MINAHAN:2 MGA:11 GUWARDIYA:2 BUWANG:2 SAHOD:2 BALITA:5 METRO:1 PROBINSIYA:1 IBA:2 ISYU:2 NEW:8 YEAR:1 MANALO:1 MAY:10 AND:17 SARA:1 OPINYON:1 KALUSUGAN:1 KAGANDAHAN:1 KULTURA:1 TEKNOLOHIYA:1 PAGKAIN:1 KAINAN:1 PASYALAN:1 BAHAY:1 ESTILO:1 GALAW:1 MERKADO:1 LAGAY:1 PANAHON:1 RED:1 SPECIAL:1 PUBLIKO:1 ANG:7 LAHAT:2 DETALYE:2 PAGITAN:2 ARAW:1 RESPONSIBILIDAD:1 PANGANGASIWA:1 DOKUMENTO:2 HINGGIL:1 BANSA:1 AYON:1 KAY:1 KAPAG:1 AGAD:1 MAMAMAHAYAG:1 PARA:3 MAMAMAYAN:1 KINA:1 SENADOR:2 PANGILINAN:1 ISAPUBLIKO:1 PALASYO:1 OIL:1 GAS:1 BLANGKO:1 MAGIGING:1 KAGAMITAN:1 NGUNIT:1 MAPAYAPA:1 MAAYOS:2 NAGING:1 PAYAPA:1 KABUUAN:1 AKTIBIDAD:1 GRUPO:1 OPOSISYON:1 DAPAT:1 SAGUTIN:1 PLEBISITO:1 HUWAG:1 MADALIIN:1 MAS:2 MALINAW:1 PROSESO:1 YOU:4 MUST:1 ADDRESS:2 DILIMAN:2 ILANG:1 KABATAAN:1 MAGING:1 RESPONSABLE:1 MATIBAY:1 PAARALAN:1 ALERT:1 DESISYON:1 KASO:1 DATING:1 BIKTIMA:1 ALL:3 YOUR:4 OUR:3 ARE:7 FOR:7 THE:29 NAME:4 DAYS:5 TRAFFIC:2 LAST:5 THERE:1 NOT:2 WAS:1 END:2 TEST:1 PAGE:2 GAT:1 TAG:1 SHOW:1 VIDEO:1 VIEW:1 DAY:1 ALSO:1 SEARCH:1 CLOSE:2
https://saksingayon.com/honasan-bagong-dict-sec/	SAKSI:3 NGAYON:5 SEPTEMBER:19 NOON:2 POLICE:2 KONGRESO:3 BAKIT:2 WALA:2 NANG:4 MAKUHA:2 PROSEKUSYON:2 PATULOY:2 MINAHAN:2 MGA:7 GUWARDIYA:2 BUWANG:2 SAHOD:2 BALITA:5 METRO:1 PROBINSIYA:1 IBA:2 ISYU:2 NEW:8 YEAR:1 MANALO:1 MAY:10 AND:17 SARA:1 OPINYON:1 KALUSUGAN:1 KAGANDAHAN:1 KULTURA:1 TEKNOLOHIYA:1 PAGKAIN:1 KAINAN:1 PASYALAN:1 BAHAY:1 ESTILO:1 GALAW:1 MERKADO:1 LAGAY:1 PANAHON:2 RED:1 SPECIAL:1 BILANG:2 KALIHIM:2 KAHAPON:1 UMAGA:1 ANG:6 PAPER:1 PARA:4 POSISYON:1 MATAPOS:1 LAGDAAN:1 PANGULO:1 NITO:1 PERO:1 MUNA:1 DAHIL:1 NASA:1 END:3 LAMANG:1 PUWESTO:1 KAPAG:1 KAPALIT:1 BANSA:2 KUMPANYA:1 KASUNDUAN:1 BAGETS:1 KRITIKAL:1 GULPI:1 SAKSAK:1 BINATILYO:1 KAGAMITAN:1 NGUNIT:1 MAPAYAPA:1 MAAYOS:2 NAGING:1 PAYAPA:1 KABUUAN:1 AKTIBIDAD:1 GRUPO:1 OPOSISYON:1 DAPAT:1 SAGUTIN:1 PLEBISITO:1 HUWAG:1 MADALIIN:1 MAS:2 MALINAW:1 PROSESO:1 YOU:4 MUST:1 ADDRESS:2 DILIMAN:2 ILANG:1 KABATAAN:1 MAGING:1 RESPONSABLE:1 MATIBAY:1 PAARALAN:1 ALERT:1 DESISYON:1 KASO:1 DATING:1 BIKTIMA:1 ALL:3 YOUR:4 OUR:3 ARE:7 FOR:7 THE:29 NAME:4 DAYS:5 TRAFFIC:2 LAST:5 THERE:1 NOT:2 WAS:1 TEST:1 PAGE:2 GAT:1 TAG:1 SHOW:1 VIDEO:1 VIEW:1 DAY:1 ALSO:1 SEARCH:1 CLOSE:2
https://saksingayon.com/bagets-kritikal-sa-gulpi-at-saksak-ng-mga-binatilyo/	BAGETS:2 KRITIKAL:4 GULPI:3 SAKSAK:2 MGA:10 BINATILYO:3 SAKSI:3 NGAYON:6 SEPTEMBER:19 NOON:2 POLICE:3 KONGRESO:2 BAKIT:2 WALA:2 NANG:5 MAKUHA:2 PROSEKUSYON:2 PATULOY:2 MINAHAN:2 GUWARDIYA:2 BUWANG:2 SAHOD:2 BALITA:5 METRO:5 PROBINSIYA:1 IBA:2 ISYU:1 NEW:8 YEAR:1 MANALO:1 MAY:9 AND:17 SARA:1 OPINYON:1 KALUSUGAN:1 KAGANDAHAN:1 KULTURA:1 TEKNOLOHIYA:1 PAGKAIN:1 KAINAN:1 PASYALAN:1 BAHAY:1 ESTILO:1 GALAW:1 MERKADO:1 LAGAY:1 PANAHON:1 RED:1 SPECIAL:1 CHE:1 NASA:3 KALAGAYAN:2 ANG:12 ISANG:2 ANYOS:3 MATAPOS:1 SAKSAKIN:1 KAPWA:1 MENOR:1 EDAD:1 LUNGSOD:3 KAMAKALAWA:1 GABI:2 ULAT:1 GANAP:1 ALAS:1 MAGANAP:1 INSIDENTE:1 KAHABAAN:1 MAGAT:1 SALAMAT:1 BARANGAY:2 KASALUKUYAN:1 NAGLALAKAD:1 MAG:1 ISA:1 GRADE:1 BIGLA:1 LAMANG:1 APAT:1 PAWANG:1 SAKA:1 HALOS:1 BIKTIMA:7 PATALIM:1 LIKURAN:1 ULO:1 AGAD:1 ILANG:2 RESIDENTE:1 HOSPITAL:1 DIN:1 MABILIS:1 DING:1 SUSPEK:1 LANG:1 TALAGA:1 RIN:1 LALAKI:1 PATAY:1 PABRIKA:1 DATING:3 DESISYON:3 KASO:2 ONE:1 BALIGTARIN:1 YOU:4 MUST:1 ADDRESS:2 DILIMAN:2 KABATAAN:1 MAGING:1 RESPONSABLE:1 PARA:1 MAS:1 MATIBAY:1 PAARALAN:1 ALERT:1 ALL:3 YOUR:4 OUR:3 ARE:7 FOR:7 THE:29 NAME:4 DAYS:5 TRAFFIC:2 LAST:5 THERE:1 NOT:2 WAS:1 END:2 TEST:1 PAGE:2 GAT:1 TAG:1 SHOW:1 VIDEO:1 VIEW:1 DAY:1 ALSO:1 SEARCH:1 CLOSE:2
https://saksingayon.com/matandang-lalaki-natagpuang-patay-sa-pabrika/	LALAKI:2 PATAY:4 PABRIKA:3 SAKSI:3 NGAYON:5 SEPTEMBER:19 NOON:2 POLICE:3 KONGRESO:2 BAKIT:2 WALA:3 NANG:5 MAKUHA:2 PROSEKUSYON:2 PATULOY:3 MINAHAN:2 MGA:5 GUWARDIYA:2 BUWANG:2 SAHOD:2 BALITA:5 METRO:5 PROBINSIYA:1 IBA:2 ISYU:1 NEW:8 YEAR:1 MANALO:1 MAY:13 AND:17 SARA:1 OPINYON:1 KALUSUGAN:1 KAGANDAHAN:1 KULTURA:1 TEKNOLOHIYA:1 PAGKAIN:1 KAINAN:1 PASYALAN:1 BAHAY:1 ESTILO:1 GALAW:1 MERKADO:1 LAGAY:1 PANAHON:1 RED:1 SPECIAL:1 CHE:1 ISANG:2 ANG:11 LOOB:1 MISMO:2 LUNGSOD:2 KAHAPON:1 UMAGA:2 ULAT:1 PULISYA:2 GANAP:1 ALAS:1 PUWESTO:1 KASAMAHAN:1 TRABAHO:1 BUHAY:1 ANYOS:1 ASAWA:1 LEAD:1 BARANGAY:1 RESIDENTE:1 SAHIG:1 KUWARTO:1 HINDI:1 BIKTIMA:6 MABILIS:1 ALAM:1 BISOR:1 INSIDENTE:2 AGAD:1 DIN:2 HIMPILAN:1 ALAMAN:1 NAMAN:1 IMBESTIGASYON:2 DALA:2 SILID:1 RIN:1 AWTORIDAD:1 UPANG:1 MALAMAN:1 KUNG:2 BANG:1 NAGANAP:1 NASA:1 LABI:1 DESISYON:4 KAANAK:1 NITO:1 ITO:1 BAGETS:1 KRITIKAL:1 GULPI:1 SAKSAK:1 BINATILYO:1 FIRST:1 ROUND:1 DATING:3 KASO:2 ONE:1 BALIGTARIN:1 YOU:4 MUST:1 ADDRESS:2 DILIMAN:2 ILANG:1 KABATAAN:1 MAGING:1 RESPONSABLE:1 PARA:1 MAS:1 MATIBAY:1 PAARALAN:1 ALERT:1 ALL:3 YOUR:4 OUR:3 ARE:7 FOR:7 THE:29 NAME:4 DAYS:5 TRAFFIC:2 LAST:5 THERE:1 NOT:2 WAS:1 END:2 TEST:1 PAGE:2 GAT:1 TAG:1 SHOW:1 VIDEO:1 VIEW:1 DAY:1 ALSO:1 SEARCH:1 CLOSE:2
https://saksingayon.com/first-round-sweep-ng-petron/	FIRST:5 ROUND:8 SAKSI:3 NGAYON:4 SEPTEMBER:19 NOON:2 POLICE:2 KONGRESO:2 BAKIT:2 WALA:3 NANG:2 MAKUHA:2 PROSEKUSYON:2 PATULOY:2 MINAHAN:2 MGA:5 GUWARDIYA:2 BUWANG:2 SAHOD:2 BALITA:2 METRO:1 PROBINSIYA:1 IBA:2 ISYU:1 NEW:9 YEAR:1 MANALO:1 MAY:10 AND:16 SARA:1 OPINYON:1 KALUSUGAN:1 KAGANDAHAN:1 KULTURA:1 TEKNOLOHIYA:1 PAGKAIN:1 KAINAN:1 PASYALAN:1 BAHAY:1 ESTILO:1 GALAW:1 MERKADO:1 LAGAY:1 PANAHON:1 RED:1 SPECIAL:3 PANGUNGUNA:1 ANG:14 UPANG:1 ALL:5 GABI:1 THE:34 SAN:1 HALOS:1 TWO:1 PAHABAIN:1 PITO:1 RUN:1 PARA:4 SUSUNOD:1 SUPORTA:1 MULA:2 KAY:2 HABANG:2 SINA:1 SISI:1 AYON:1 AMBAG:1 NAMAN:3 COACH:2 DELOS:2 BAGAMAT:2 MASAYA:1 SIYA:1 NAGING:2 PANALO:2 HINDI:1 RIN:4 DAHIL:1 MAHABA:1 LABAN:1 GOOD:1 MAGANDA:1 BUT:1 COURSE:1 KAILANGAN:2 KASI:1 SECOND:2 MAS:2 MARAMI:1 ANI:1 HAWAK:1 KASAMA:1 THIRD:1 KULELAT:1 SAMANTALA:1 PAMAMAGITAN:1 MAHUSAY:1 LARO:1 TUNGO:1 IKAAPAT:1 SUNOD:1 TORNEO:1 FOURTH:1 SPOT:1 LALAKI:1 PATAY:1 PABRIKA:1 IPAALAM:1 MUNA:1 MAMBABATAS:1 DISMAYADO:1 HOME:1 FOR:8 RIGHT:1 SPEED:2 YOU:4 MUST:1 ADDRESS:1 DILIMAN:1 ILANG:1 KABATAAN:1 MAGING:1 RESPONSABLE:1 MATIBAY:1 PAARALAN:1 ALERT:1 DESISYON:1 KASO:1 DATING:1 BIKTIMA:1 YOUR:4 OUR:3 ARE:7 NAME:4 DAYS:5 TRAFFIC:2 LAST:5 THERE:1 NOT:2 WAS:1 END:2 TEST:1 PAGE:2 GAT:1 TAG:1 SHOW:1 VIDEO:1 VIEW:1 DAY:1 ALSO:1 SEARCH:1 CLOSE:2
https://saksingayon.com/mga-mambabatas-dismayado-sa-ipaalam-muna-sa-china-ni-locsin/	IPAALAM:2 MUNA:4 MGA:11 MAMBABATAS:3 DISMAYADO:2 SAKSI:3 NGAYON:4 SEPTEMBER:19 NOON:2 POLICE:2 KONGRESO:2 BAKIT:2 WALA:2 NANG:3 MAKUHA:2 PROSEKUSYON:2 PATULOY:2 MINAHAN:2 GUWARDIYA:2 BUWANG:2 SAHOD:2 BALITA:5 METRO:1 PROBINSIYA:1 IBA:2 ISYU:2 NEW:8 YEAR:1 MANALO:1 MAY:12 AND:18 SARA:1 OPINYON:1 KALUSUGAN:1 KAGANDAHAN:1 KULTURA:1 TEKNOLOHIYA:1 PAGKAIN:1 KAINAN:1 PASYALAN:1 BAHAY:1 ESTILO:1 GALAW:1 MERKADO:1 LAGAY:1 PANAHON:1 RED:1 SPECIAL:1 GANITO:1 ANG:20 PAHAYAG:3 UMANO:6 BOY:1 ITO:6 BAGO:2 ISAPUBLIKO:2 HINGGIL:1 OIL:1 GAS:1 HINDI:3 LIST:3 GOBYERNO:1 DAHIL:2 MAKATARUNGAN:1 TAYO:2 SUNURAN:1 ARI:1 AKO:1 KAILANGAN:2 HUMINGI:1 PERMISO:1 PARA:3 DOON:1 SILA:1 PAG:1 NATIN:3 SOBERANYA:1 ANI:2 GINAWA:1 ISANG:1 INTERVIEW:1 HANDA:1 KASUNDUAN:1 SUBALIT:1 MAGPAALAM:1 KAPATAWARAN:1 GINAGAWA:1 DAGDAG:1 PANIG:1 NAMAN:1 LUMABAS:1 KAY:1 BUMISITA:1 BANSA:1 YAN:1 NGA:1 PROBLEMA:2 KUNG:2 BAGA:1 MISMO:1 NASAAN:1 EXERCISE:1 FULL:2 PUBLIKO:1 NIYA:1 MAGING:2 KABATAAN:2 ATING:1 TERITORYO:1 FIRST:1 ROUND:1 ALAM:1 TERMINAL:1 PALA:1 KAGAMITAN:1 NGUNIT:1 MAPAYAPA:1 MAAYOS:2 NAGING:1 PAYAPA:1 KABUUAN:1 AKTIBIDAD:1 GRUPO:1 OPOSISYON:1 DAPAT:1 SAGUTIN:1 PLEBISITO:1 HUWAG:1 MADALIIN:1 MAS:2 MALINAW:1 PROSESO:1 YOU:4 MUST:1 ADDRESS:2 DILIMAN:2 ILANG:1 RESPONSABLE:1 MATIBAY:1 PAARALAN:1 ALERT:1 DESISYON:1 KASO:1 DATING:1 BIKTIMA:1 ALL:3 YOUR:4 OUR:3 ARE:7 FOR:7 THE:29 NAME:4 DAYS:5 TRAFFIC:2 LAST:5 THERE:1 NOT:2 WAS:1 END:2 TEST:1 PAGE:2 GAT:1 TAG:1 SHOW:1 VIDEO:1 VIEW:1 DAY:1 ALSO:1 SEARCH:1 CLOSE:2
https://saksingayon.com/tara-ipinatigil-ni-barte-sa-zamboanga/	TARA:2 SAKSI:3 NGAYON:4 SEPTEMBER:19 NOON:2 POLICE:2 KONGRESO:2 BAKIT:2 WALA:2 NANG:2 MAKUHA:2 PROSEKUSYON:2 PATULOY:2 MINAHAN:2 MGA:6 GUWARDIYA:2 BUWANG:2 SAHOD:2 BALITA:5 METRO:1 PROBINSIYA:4 IBA:2 ISYU:1 NEW:8 YEAR:1 MANALO:1 MAY:10 AND:16 SARA:1 OPINYON:1 KALUSUGAN:1 KAGANDAHAN:1 KULTURA:1 TEKNOLOHIYA:1 PAGKAIN:1 KAINAN:1 PASYALAN:1 BAHAY:1 ESTILO:1 GALAW:1 MERKADO:1 LAGAY:1 PANAHON:1 RED:1 SPECIAL:1 ANG:12 UPANG:1 MANGANGALAKAL:1 MAGBAYAD:1 BUWIS:1 PAMAHALAAN:1 HABANG:1 PAHAYAG:1 OPERASYON:3 ALINSUNOD:1 RIN:2 DIREKTIBA:1 BURAHIN:1 IMAHE:1 PANTALAN:3 BILANG:1 BANSA:1 BATAY:1 ULAT:1 TAON:1 PAGKAKATAON:1 UGNAYAN:1 AHENSIYA:1 GOBYERNO:1 PAGPAPATUPAD:2 BAHAGI:1 THE:31 IMPORMASYON:1 TULONG:1 NAMAN:1 PAG:1 ARESTO:1 NAISAKATUPARAN:1 KASALUKUYAN:1 MAHIGPIT:1 KAMPANYA:1 LABAN:2 ALAM:1 TERMINAL:1 PALA:1 PANGILINAN:1 MAYOR:3 KAY:1 ALI:1 PARK:1 SAN:3 SINA:1 PANDAY:2 BAYANIHAN:2 BUO:1 SUPORTA:2 KANAN:1 TODO:1 YOU:4 MUST:1 ADDRESS:2 DILIMAN:2 ILANG:1 KABATAAN:1 MAGING:1 RESPONSABLE:1 PARA:1 MAS:1 MATIBAY:1 PAARALAN:1 ALERT:1 DESISYON:1 KASO:1 DATING:1 BIKTIMA:1 ALL:3 YOUR:4 OUR:3 ARE:7 FOR:7 NAME:4 DAYS:5 TRAFFIC:2 LAST:5 THERE:1 NOT:2 WAS:1 END:2 TEST:1 PAGE:2 GAT:1 TAG:1 SHOW:1 VIDEO:1 VIEW:1 DAY:1 ALSO:1 SEARCH:1 CLOSE:2
https://saksingayon.com/grab-umiiwas-sa-responsibilidad/	GRAB:12 RESPONSIBILIDAD:3 SAKSI:3 NGAYON:4 SEPTEMBER:19 NOON:2 POLICE:2 KONGRESO:2 BAKIT:2 WALA:2 NANG:3 MAKUHA:2 PROSEKUSYON:2 PATULOY:2 MINAHAN:2 MGA:8 GUWARDIYA:2 BUWANG:2 SAHOD:2 BALITA:5 METRO:1 PROBINSIYA:1 IBA:2 ISYU:2 NEW:8 YEAR:1 MANALO:1 MAY:10 AND:18 SARA:1 OPINYON:1 KALUSUGAN:1 KAGANDAHAN:1 KULTURA:1 TEKNOLOHIYA:1 PAGKAIN:1 KAINAN:1 PASYALAN:1 BAHAY:1 ESTILO:1 GALAW:1 MERKADO:1 LAGAY:1 PANAHON:1 RED:1 SPECIAL:1 KINASTIGO:1 LIST:1 ANG:15 DAHIL:5 PAG:1 IWAS:1 UMANO:5 NITO:2 HINGGIL:1 ISANG:1 ESTUDYANTE:3 PASAHERO:1 ISA:2 AKSIDENTE:2 AYON:3 KAY:2 KABILA:1 OPERASYON:1 AYAW:1 SAGUTIN:2 MAS:3 SAKAY:1 SINAKYAN:1 INAANTOK:1 PAGOD:1 MATAGAL:1 ORAS:2 HINDI:2 MAMBABATAS:3 LUMALABAS:1 CAR:1 BUWAN:1 BAKAL:1 KOTSE:1 SAKA:1 TUMAMA:1 ULO:1 THE:36 NOW:1 ANI:2 ALOK:1 TULONG:1 SUBALIT:2 KAKARAMPOT:1 HALAGA:1 LANG:1 IBIGAY:1 COMMON:1 LEGAL:1 OVER:1 ARE:8 FOR:8 PERSONAL:1 PARA:3 MAKA:1 DITO:1 LIMPAK:2 SALAPI:1 KABAN:1 KAPAG:1 USAPAN:1 WAS:2 ITO:1 DAY:2 LOOK:1 CAN:1 OUR:4 PANGILINAN:1 KAGAWAD:1 KAGAMITAN:1 NGUNIT:1 MAPAYAPA:1 MAAYOS:2 NAGING:1 PAYAPA:1 KABUUAN:1 AKTIBIDAD:1 GRUPO:1 OPOSISYON:1 DAPAT:1 PLEBISITO:1 HUWAG:1 MADALIIN:1 MALINAW:1 PROSESO:1 YOU:4 MUST:1 ADDRESS:2 DILIMAN:2 ILANG:1 KABATAAN:1 MAGING:1 RESPONSABLE:1 MATIBAY:1 PAARALAN:1 ALERT:1 DESISYON:1 KASO:1 DATING:1 BIKTIMA:1 ALL:3 YOUR:4 NAME:4 DAYS:5 TRAFFIC:2 LAST:5 THERE:1 NOT:2 END:2 TEST:1 PAGE:2 GAT:1 TAG:1 SHOW:1 VIDEO:1 VIEW:1 ALSO:1 SEARCH:1 CLOSE:2
https://saksingayon.com/rotc-dapat-buhayin-duterte/	DAPAT:3 BUHAYIN:3 SAKSI:3 NGAYON:5 SEPTEMBER:19 NOON:2 POLICE:2 KONGRESO:3 BAKIT:2 WALA:3 NANG:3 MAKUHA:2 PROSEKUSYON:2 PATULOY:2 MINAHAN:2 MGA:12 GUWARDIYA:2 BUWANG:2 SAHOD:2 BALITA:5 METRO:1 PROBINSIYA:1 IBA:2 ISYU:2 NEW:8 YEAR:1 MANALO:1 MAY:11 AND:16 SARA:1 OPINYON:1 KALUSUGAN:1 KAGANDAHAN:1 KULTURA:1 TEKNOLOHIYA:1 PAGKAIN:1 KAINAN:1 PASYALAN:1 BAHAY:1 ESTILO:1 GALAW:1 MERKADO:1 LAGAY:1 PANAHON:1 RED:1 SPECIAL:1 NAIS:1 ANG:14 KABATAAN:3 KAMAKALAWA:1 GABI:1 PANGULO:5 BANSA:3 KUNG:3 PUWERSA:1 GOBYERNO:1 DAHIL:1 BILANG:1 ESTUDYANTE:1 MARUNONG:1 HUMAWAK:1 BARIL:1 IPAGTANGGOL:2 BAYAN:1 TALUMPATI:2 ISANG:1 SAPAT:1 KAALAMAN:1 PAANO:1 HALIP:1 MATUTO:2 PAG:1 INOM:1 ALAK:1 YOSI:1 ILANG:2 KAYA:1 PARA:4 SUSUNOD:1 HENERASYON:1 NITO:2 BATAS:1 SENIOR:1 SCHOOL:1 GRADE:1 SABI:1 MAGAGANAP:1 HANAY:1 SUNDALO:1 PERO:1 NIYA:1 OPIS:1 THE:30 KAGAWAD:1 PALASYO:1 PUBLIKO:1 UNAWA:1 AGAD:1 KAGAMITAN:1 NGUNIT:1 MAPAYAPA:1 MAAYOS:2 NAGING:1 PAYAPA:1 KABUUAN:1 AKTIBIDAD:1 GRUPO:1 OPOSISYON:1 SAGUTIN:1 PLEBISITO:1 HUWAG:1 MADALIIN:1 MAS:2 MALINAW:1 PROSESO:1 YOU:4 MUST:1 ADDRESS:2 DILIMAN:2 MAGING:1 RESPONSABLE:1 MATIBAY:1 PAARALAN:1 ALERT:1 DESISYON:1 KASO:1 DATING:1 BIKTIMA:1 ALL:3 YOUR:4 OUR:3 ARE:7 FOR:7 NAME:4 DAYS:5 TRAFFIC:2 LAST:5 THERE:1 NOT:2 WAS:1 END:2 TEST:1 PAGE:2 GAT:1 TAG:1 SHOW:1 VIDEO:1 VIEW:1 DAY:1 ALSO:1 SEARCH:1 CLOSE:2
https://saksingayon.com/palasyo-sa-publiko-pang-unawa-sa-di-agad-pagsasapubliko-ng-mou/	PALASYO:3 PUBLIKO:3 UNAWA:3 AGAD:2 SAKSI:3 NGAYON:4 SEPTEMBER:19 NOON:2 POLICE:2 KONGRESO:2 BAKIT:2 WALA:2 NANG:2 MAKUHA:2 PROSEKUSYON:2 PATULOY:2 MINAHAN:2 MGA:7 GUWARDIYA:2 BUWANG:2 SAHOD:2 BALITA:5 METRO:1 PROBINSIYA:1 IBA:2 ISYU:2 NEW:9 YEAR:1 MANALO:1 MAY:12 AND:19 SARA:1 OPINYON:1 KALUSUGAN:1 KAGANDAHAN:1 KULTURA:1 TEKNOLOHIYA:1 PAGKAIN:1 KAINAN:1 PASYALAN:1 BAHAY:1 ESTILO:1 GALAW:1 MERKADO:1 LAGAY:1 PANAHON:1 RED:1 SPECIAL:1 MALAWAK:1 MULA:1 ANG:8 HILING:1 HINDI:1 KABUUAN:2 PAGITAN:2 FOR:11 GAS:2 OIL:2 TERITORYO:1 NAIS:1 SENADO:1 LALO:1 GRUPO:2 OPOSISYON:2 HANDA:1 NAMAN:1 IPALIWANAG:1 AHENSIYA:1 GOBYERNO:1 AYON:1 KAY:1 NITO:1 ANUMAN:1 LONG:2 BANSA:1 STATE:1 THE:38 NOT:3 MUST:2 THERE:2 GREAT:1 FULL:1 ARE:8 OUR:4 DAGDAG:1 DAPAT:2 BUHAYIN:1 DALAGITA:1 LARAWAN:1 KAGAMITAN:1 NGUNIT:1 MAPAYAPA:1 MAAYOS:2 NAGING:1 PAYAPA:1 AKTIBIDAD:1 SAGUTIN:1 PLEBISITO:1 HUWAG:1 MADALIIN:1 PARA:2 MAS:2 MALINAW:1 PROSESO:1 YOU:4 ADDRESS:2 DILIMAN:2 ILANG:1 KABATAAN:1 MAGING:1 RESPONSABLE:1 MATIBAY:1 PAARALAN:1 ALERT:1 DESISYON:1 KASO:1 DATING:1 BIKTIMA:1 ALL:3 YOUR:4 NAME:4 DAYS:5 TRAFFIC:2 LAST:5 WAS:1 END:2 TEST:1 PAGE:2 GAT:1 TAG:1 SHOW:1 VIDEO:1 VIEW:1 DAY:1 ALSO:1 SEARCH:1 CLOSE:2
https://saksingayon.com/media-killing-bigo-pa-ring-lutasin/	BIGO:3 RING:2 SAKSI:3 NGAYON:5 SEPTEMBER:19 NOON:2 POLICE:2 KONGRESO:2 BAKIT:2 WALA:2 NANG:2 MAKUHA:2 PROSEKUSYON:2 PATULOY:2 MINAHAN:2 MGA:11 GUWARDIYA:2 BUWANG:2 SAHOD:2 BALITA:5 METRO:1 PROBINSIYA:1 IBA:2 ISYU:2 NEW:8 YEAR:1 MANALO:1 MAY:10 AND:19 SARA:1 OPINYON:1 KALUSUGAN:1 KAGANDAHAN:1 KULTURA:1 TEKNOLOHIYA:1 PAGKAIN:1 KAINAN:1 PASYALAN:1 BAHAY:1 ESTILO:1 GALAW:1 MERKADO:1 LAGAY:1 PANAHON:1 RED:1 SPECIAL:1 RIN:2 ANG:9 PAMAHALAAN:2 KASO:2 MAMAMAHAYAG:3 BANSA:1 ITO:2 PAHAYAG:1 GINAWA:1 SENADOR:2 PANGILINAN:2 PAG:1 ALALA:1 TAONG:1 CAN:2 THE:39 BUT:2 AYON:1 KAY:1 GET:2 AWAY:1 MURDER:1 DAGDAG:1 NITO:1 MAS:5 MALALA:1 UMANO:2 KUNG:1 SAAN:1 GINAGAWA:1 HINDI:1 SOLUSYON:1 USAPIN:1 ORAS:1 NOT:3 DUE:1 SEE:1 WIKA:1 SITWASYON:1 NAKAKATAKOT:1 DAHIL:1 PAGPATAY:1 DALAGITA:1 LARAWAN:1 PULIS:1 KAGAMITAN:1 NGUNIT:1 MAPAYAPA:1 MAAYOS:2 NAGING:1 PAYAPA:1 KABUUAN:1 AKTIBIDAD:1 GRUPO:1 OPOSISYON:1 DAPAT:1 SAGUTIN:1 PLEBISITO:1 HUWAG:1 MADALIIN:1 PARA:2 MALINAW:1 PROSESO:1 YOU:4 MUST:1 ADDRESS:2 DILIMAN:2 ILANG:1 KABATAAN:1 MAGING:1 RESPONSABLE:1 MATIBAY:1 PAARALAN:1 ALERT:1 DESISYON:1 DATING:1 BIKTIMA:1 ALL:3 YOUR:4 OUR:3 ARE:7 FOR:7 NAME:4 DAYS:5 TRAFFIC:2 LAST:5 THERE:1 WAS:1 END:2 TEST:1 PAGE:2 GAT:1 TAG:1 SHOW:1 VIDEO:1 VIEW:1 DAY:1 ALSO:1 SEARCH:1 CLOSE:2
https://saksingayon.com/mandatory-rotc-sinuportahan-sa-kamara/	KAMARA:2 SAKSI:3 NGAYON:4 SEPTEMBER:19 NOON:2 POLICE:2 KONGRESO:3 BAKIT:2 WALA:2 NANG:2 MAKUHA:2 PROSEKUSYON:2 PATULOY:2 MINAHAN:2 MGA:11 GUWARDIYA:2 BUWANG:2 SAHOD:2 BALITA:5 METRO:1 PROBINSIYA:1 IBA:2 ISYU:2 NEW:8 YEAR:1 MANALO:1 MAY:10 AND:17 SARA:1 OPINYON:1 KALUSUGAN:1 KAGANDAHAN:1 KULTURA:1 TEKNOLOHIYA:1 PAGKAIN:1 KAINAN:1 PASYALAN:1 BAHAY:1 ESTILO:1 GALAW:1 MERKADO:1 LAGAY:1 PANAHON:2 RED:1 SPECIAL:1 SUPORTA:1 IBALIK:1 ANG:16 TRAIN:1 UPANG:1 MAIBALIK:1 MAKABAYAN:2 PAGMAMAHAL:1 KABATAAN:3 BANSA:2 AYON:1 KAY:1 NITO:1 VIEW:2 MILITARY:2 ORDER:1 AMONG:1 THE:30 ANI:1 NAGING:2 MATAPOS:1 MAGING:4 BATAS:1 KRIMEN:1 MAHALAGA:1 PARA:4 MAGKAROON:1 DISIPLINA:1 HANAY:1 ESTUDYANTE:2 UNTI:2 MULA:1 LAMANG:1 MALIBAN:1 DITO:2 UMANO:2 KALAMIDAD:1 SAPAT:1 TULAD:1 NAMAN:2 KONTRA:1 LIST:1 DAHIL:1 HINDI:1 SAGOT:1 PULIS:1 KAGAMITAN:1 NGUNIT:1 MAPAYAPA:1 MAAYOS:2 PAYAPA:1 KABUUAN:1 AKTIBIDAD:1 GRUPO:1 OPOSISYON:1 DAPAT:1 SAGUTIN:1 PLEBISITO:1 HUWAG:1 MADALIIN:1 MAS:2 MALINAW:1 PROSESO:1 YOU:4 MUST:1 ADDRESS:2 DILIMAN:2 ILANG:1 RESPONSABLE:1 MATIBAY:1 PAARALAN:1 ALERT:1 DESISYON:1 KASO:1 DATING:1 BIKTIMA:1 ALL:3 YOUR:4 OUR:3 ARE:7 FOR:7 NAME:4 DAYS:5 TRAFFIC:2 LAST:5 THERE:1 NOT:2 WAS:1 END:2 TEST:1 PAGE:2 GAT:1 TAG:1 SHOW:1 VIDEO:1 DAY:1 ALSO:1 SEARCH:1 CLOSE:2
https://saksingayon.com/paghihigpit-ng-pnp-afp-bahagi-ng-mo-no-32/	BAHAGI:3 SAKSI:3 NGAYON:4 SEPTEMBER:19 NOON:2 POLICE:3 KONGRESO:2 BAKIT:2 WALA:2 NANG:3 MAKUHA:2 PROSEKUSYON:2 PATULOY:2 MINAHAN:2 MGA:10 GUWARDIYA:2 BUWANG:2 SAHOD:2 BALITA:5 METRO:1 PROBINSIYA:1 IBA:3 ISYU:2 NEW:8 YEAR:1 MANALO:1 MAY:11 AND:24 SARA:1 OPINYON:1 KALUSUGAN:1 KAGANDAHAN:1 KULTURA:1 TEKNOLOHIYA:1 PAGKAIN:1 KAINAN:1 PASYALAN:1 BAHAY:1 ESTILO:1 GALAW:1 MERKADO:1 LAGAY:1 PANAHON:1 RED:1 SPECIAL:1 MAHIGPIT:1 ANG:10 PUWERSA:2 THE:39 APAT:1 LUGAR:2 BANSA:1 MATAAS:1 INSIDENTE:1 KARAHASAN:4 BANTA:1 TERORISMO:2 ITO:1 MATAPOS:1 PINAL:1 LAGDAAN:1 ORDER:2 PARA:4 LABANAN:1 LAHAT:1 URI:2 LALAWIGAN:1 LABAN:2 GRUPO:2 INDIBIDWAL:1 PASIMUNO:1 DIN:1 KAUTUSAN:1 BIGYAN:1 SAPAT:1 SUPORTA:1 LOKAL:1 PAMAHALAAN:1 TODO:1 KAMPANYA:1 DITO:1 PROSESO:2 KUNG:1 GAYA:1 ARE:8 DALAGITA:1 ISANG:1 VIDEOKE:1 BAR:1 KAGAMITAN:1 NGUNIT:1 MAPAYAPA:1 MAAYOS:2 NAGING:1 PAYAPA:1 KABUUAN:1 AKTIBIDAD:1 OPOSISYON:1 DAPAT:1 SAGUTIN:1 PLEBISITO:1 HUWAG:1 MADALIIN:1 MAS:2 MALINAW:1 YOU:4 MUST:1 ADDRESS:2 DILIMAN:2 ILANG:1 KABATAAN:1 MAGING:1 RESPONSABLE:1 MATIBAY:1 PAARALAN:1 ALERT:1 DESISYON:1 KASO:1 DATING:1 BIKTIMA:1 ALL:3 YOUR:4 OUR:3 FOR:7 NAME:4 DAYS:5 TRAFFIC:2 LAST:5 THERE:1 NOT:2 WAS:1 END:2 TEST:1 PAGE:2 GAT:1 TAG:1 SHOW:1 VIDEO:1 VIEW:1 DAY:1 ALSO:1 SEARCH:1 CLOSE:2
https://saksingayon.com/martial-law-namumuro/	NAMUMURO:2 SAKSI:3 NGAYON:4 SEPTEMBER:19 NOON:2 POLICE:2 KONGRESO:3 BAKIT:2 WALA:4 NANG:3 MAKUHA:2 PROSEKUSYON:2 PATULOY:2 MINAHAN:2 MGA:12 GUWARDIYA:2 BUWANG:2 SAHOD:3 BALITA:5 METRO:1 PROBINSIYA:1 IBA:3 ISYU:2 NEW:8 YEAR:1 MANALO:1 MAY:10 AND:17 SARA:1 OPINYON:1 KALUSUGAN:1 KAGANDAHAN:1 KULTURA:1 TEKNOLOHIYA:1 PAGKAIN:1 KAINAN:1 PASYALAN:1 BAHAY:1 ESTILO:1 GALAW:1 MERKADO:1 LAGAY:1 PANAHON:2 RED:1 SPECIAL:1 LANG:2 ANG:15 BANSA:2 ITO:5 MAMBABATAS:1 KAPULUNGAN:1 ORDER:2 STATE:2 PARA:6 HUGIS:1 SAKLAW:1 LAYUNIN:1 MAG:1 DEKLARA:1 ANTAS:1 ANI:3 HINDI:5 LINGID:1 KAALAMAN:1 MARAMI:1 MATAGAL:1 SUBALIT:1 NIYA:2 MAGAWA:1 DAHIL:2 ELEMENTO:1 TULAD:1 REBELYON:1 GAYUNPAMAN:1 AMBISYON:1 KAYA:2 LAMANG:1 UMANO:2 MAMAMAYAN:1 LUPA:1 PAGSASAKA:1 TIRAHAN:1 REPORMA:1 UPANG:1 MAITIM:1 BALAK:1 MAGING:2 BAYAN:1 MUNA:1 LIST:2 KABADO:1 KAUTUSAN:2 PRESENSYA:1 KAPULISAN:1 MILITARY:2 PROBINSYA:1 THE:30 WAS:2 DAPAT:2 TAUMBAYAN:2 NAMAN:1 ISANG:2 URI:1 MIND:2 BILANG:2 PAGHAHANDA:1 TAO:1 BATAS:1 MILITAR:1 DEKLARASYON:1 KAGULUHAN:1 LUGAR:1 YUN:1 MARAHIL:1 BAHAGI:1 NORMAL:1 MANDATO:1 ESTUDYANTE:1 BAR:1 ISKUL:1 SENADO:1 KAGAMITAN:1 NGUNIT:1 MAPAYAPA:1 MAAYOS:2 NAGING:1 PAYAPA:1 KABUUAN:1 AKTIBIDAD:1 GRUPO:1 OPOSISYON:1 SAGUTIN:1 PLEBISITO:1 HUWAG:1 MADALIIN:1 MAS:2 MALINAW:1 PROSESO:1 YOU:4 MUST:1 ADDRESS:2 DILIMAN:2 ILANG:1 KABATAAN:1 RESPONSABLE:1 MATIBAY:1 PAARALAN:1 ALERT:1 DESISYON:1 KASO:1 DATING:1 BIKTIMA:1 ALL:3 YOUR:4 OUR:3 ARE:7 FOR:7 NAME:4 DAYS:5 TRAFFIC:2 LAST:5 THERE:1 NOT:2 END:2 TEST:1 PAGE:2 GAT:1 TAG:1 SHOW:1 VIDEO:1 VIEW:1 DAY:1 ALSO:1 SEARCH:1 CLOSE:2
https://saksingayon.com/2-dalagita-naaktuhang-nakikipagtalik-sa-isang-videoke-bar/	DALAGITA:2 ISANG:4 VIDEOKE:4 BAR:10 SAKSI:3 NGAYON:5 SEPTEMBER:19 NOON:2 POLICE:4 KONGRESO:2 BAKIT:2 WALA:2 NANG:4 MAKUHA:2 PROSEKUSYON:2 PATULOY:2 MINAHAN:2 MGA:9 GUWARDIYA:2 BUWANG:2 SAHOD:2 BALITA:5 METRO:5 PROBINSIYA:1 IBA:2 ISYU:1 NEW:8 YEAR:1 MANALO:1 MAY:13 AND:16 SARA:1 OPINYON:1 KALUSUGAN:1 KAGANDAHAN:1 KULTURA:1 TEKNOLOHIYA:1 PAGKAIN:1 KAINAN:1 PASYALAN:1 BAHAY:1 ESTILO:1 GALAW:1 MERKADO:1 LAGAY:1 PANAHON:1 RED:1 SPECIAL:1 CHE:1 ANG:15 MENOR:2 EDAD:4 BABAE:1 TAUHAN:2 LUNGSOD:1 KAMAKALAWA:1 GABI:2 ULAT:1 GANAP:1 ALAS:1 MAGSAGAWA:1 HIMPILAN:1 RESCUE:1 RITO:1 NASA:2 DALAWA:1 ANYOS:2 AGAD:1 UMANO:3 SINA:1 PAMANGKIN:1 HABANG:2 ARI:2 PASTORA:1 MABILIS:1 AYON:1 KAY:1 HAWAK:1 KASO:3 SILA:2 TIP:2 PROSTITUSYON:1 DOON:3 PAROKYANO:1 ITO:1 KAPALIT:1 MAG:1 POSITIBO:1 AWTORIDAD:1 ALAMANG:1 BILANG:1 RIN:1 BAHAGI:1 TULAY:1 DATING:3 DESISYON:3 ONE:1 BALIGTARIN:1 BIKTIMA:3 YOU:4 MUST:1 ADDRESS:2 DILIMAN:2 ILANG:1 KABATAAN:1 MAGING:1 RESPONSABLE:1 PARA:1 MAS:1 MATIBAY:1 PAARALAN:1 ALERT:1 ALL:3 YOUR:4 OUR:3 ARE:7 FOR:7 THE:29 NAME:4 DAYS:5 TRAFFIC:2 LAST:5 THERE:1 NOT:2 WAS:1 END:2 TEST:1 PAGE:2 GAT:1 TAG:1 SHOW:1 VIDEO:1 VIEW:1 DAY:1 ALSO:1 SEARCH:1 CLOSE:2
https://saksingayon.com/dalagita-ibinugaw-na-malalaswang-larawan-ipinakalat-pa-sa-fb/	DALAGITA:4 LARAWAN:5 SAKSI:3 NGAYON:5 SEPTEMBER:19 NOON:3 POLICE:3 KONGRESO:2 BAKIT:2 WALA:2 NANG:5 MAKUHA:2 PROSEKUSYON:2 PATULOY:2 MINAHAN:2 MGA:11 GUWARDIYA:2 BUWANG:2 SAHOD:2 BALITA:5 METRO:5 PROBINSIYA:1 IBA:2 ISYU:1 NEW:8 YEAR:1 MANALO:1 MAY:10 AND:17 SARA:1 OPINYON:1 KALUSUGAN:1 KAGANDAHAN:1 KULTURA:1 TEKNOLOHIYA:1 PAGKAIN:1 KAINAN:1 PASYALAN:1 BAHAY:1 ESTILO:1 GALAW:1 MERKADO:1 LAGAY:1 PANAHON:1 RED:1 SPECIAL:1 CHE:1 ARESTADO:1 ANG:18 ANYOS:3 MATAPOS:1 IKALAT:1 NITO:2 HUBAD:1 NIYA:5 LUNGSOD:4 MALABON:2 KAMAKALAWA:1 GABI:1 ULAT:1 SUSPEK:4 ALYAS:1 BARANGAY:2 SAN:2 NAMAN:4 KASAMA:2 UMANO:5 TAGA:1 PABAHAY:1 AYON:1 CHAT:1 BIKTIMA:8 HULI:1 KUMAIN:1 ITO:1 PAGKATAPOS:1 LIBOT:1 HANGGANG:4 SABIHIN:1 INAANTOK:1 SIYA:6 ISANG:4 HOTEL:1 PUMAYAG:1 MAG:1 SILA:1 HINDI:1 PAIT:1 GANG:1 MAKATULOG:1 MAKIPAGTALIK:1 NGUNIT:1 TUMANGGI:1 DOON:1 RIN:2 PALA:1 PAPASOK:1 PALIKURAN:1 KUNG:2 SAAN:1 SAPILITAN:1 ANO:1 BAGAY:1 ILANG:2 ARAW:1 NORMAL:1 PAMUMUHAY:1 LUMI:1 MAHIGIT:1 LINGGO:1 LAMANG:1 NILA:1 MALAMAN:1 MAGULANG:1 TUNGKOL:1 MABILIS:1 SILANG:1 HUMINGI:1 SAKLOLO:1 PULISYA:1 AGAD:2 RING:2 KAY:1 LANG:1 DUMATING:1 PALASYO:1 PUBLIKO:1 UNAWA:1 BIGO:1 DATING:3 DESISYON:3 KASO:2 ONE:1 BALIGTARIN:1 YOU:4 MUST:1 ADDRESS:2 DILIMAN:2 KABATAAN:1 MAGING:1 RESPONSABLE:1 PARA:1 MAS:1 MATIBAY:1 PAARALAN:1 ALERT:1 ALL:3 YOUR:4 OUR:3 ARE:7 FOR:7 THE:29 NAME:4 DAYS:5 TRAFFIC:2 LAST:5 THERE:1 NOT:2 WAS:1 END:2 TEST:1 PAGE:2 GAT:1 TAG:1 SHOW:1 VIDEO:1 VIEW:1 DAY:1 ALSO:1 SEARCH:1 CLOSE:2
https://saksingayon.com/pusher-pinatay-sa-tulay/	TULAY:3 SAKSI:3 NGAYON:4 SEPTEMBER:19 NOON:2 POLICE:3 KONGRESO:2 BAKIT:2 WALA:3 NANG:2 MAKUHA:2 PROSEKUSYON:2 PATULOY:2 MINAHAN:2 MGA:2 GUWARDIYA:2 BUWANG:2 SAHOD:2 BALITA:5 METRO:5 PROBINSIYA:1 IBA:2 ISYU:1 NEW:8 YEAR:1 MANALO:1 MAY:9 AND:16 SARA:1 OPINYON:1 KALUSUGAN:1 KAGANDAHAN:1 KULTURA:1 TEKNOLOHIYA:1 PAGKAIN:1 KAINAN:1 PASYALAN:1 BAHAY:1 ESTILO:1 GALAW:1 MERKADO:1 LAGAY:1 PANAHON:1 RED:1 SPECIAL:1 PATAY:1 ANG:9 ISANG:3 TULAK:1 DROGA:2 MATAPOS:1 HINDI:1 KAHAPON:1 ARAW:2 IBABAW:1 HEPE:1 MANILA:1 BIKTIMA:6 NASA:1 EDAD:1 MIYEMBRO:1 GANG:1 BASE:1 DUGUAN:1 ALAS:1 PULISYA:1 ISA:1 LUGAR:1 PAMAMARIL:1 PERO:1 SANGKOT:1 DAHIL:1 SHABU:1 BULSA:1 DINALA:1 BANGKAY:1 PARA:2 AWTOPSIYA:1 NAMAN:1 PULIS:1 MOTIBO:1 DALAGITA:1 VIDEOKE:1 BAR:2 ESTUDYANTE:1 ISKUL:1 DATING:3 DESISYON:3 KASO:2 ONE:1 BALIGTARIN:1 YOU:4 MUST:1 ADDRESS:2 DILIMAN:2 ILANG:1 KABATAAN:1 MAGING:1 RESPONSABLE:1 MAS:1 MATIBAY:1 PAARALAN:1 ALERT:1 ALL:3 YOUR:4 OUR:3 ARE:7 FOR:7 THE:29 NAME:4 DAYS:5 TRAFFIC:2 LAST:5 THERE:1 NOT:2 WAS:1 END:2 TEST:1 PAGE:2 GAT:1 TAG:1 SHOW:1 VIDEO:1 VIEW:1 DAY:1 ALSO:1 SEARCH:1 CLOSE:2
https://saksingayon.com/pulis-caloocan-tinutugis-sa-qc-massacre/	PULIS:6 SAKSI:4 NGAYON:4 SEPTEMBER:19 NOON:2 POLICE:4 KONGRESO:2 BAKIT:2 WALA:2 NANG:3 MAKUHA:2 PROSEKUSYON:2 PATULOY:2 MINAHAN:2 MGA:6 GUWARDIYA:2 BUWANG:2 SAHOD:2 BALITA:5 METRO:5 PROBINSIYA:1 IBA:2 ISYU:1 NEW:8 YEAR:1 MANALO:1 MAY:9 AND:16 SARA:1 OPINYON:1 KALUSUGAN:1 KAGANDAHAN:1 KULTURA:1 TEKNOLOHIYA:1 PAGKAIN:1 KAINAN:1 PASYALAN:1 BAHAY:2 ESTILO:1 GALAW:1 MERKADO:1 LAGAY:1 PANAHON:1 RED:1 SPECIAL:1 ISANG:4 PAGPATAY:1 MAG:2 ANAK:2 ANG:12 AWTORIDAD:1 AYON:2 PULISYA:2 KAHAPON:1 SALAYSAY:1 BALA:2 ANYOS:1 HABANG:1 LOOB:1 NATIN:1 SUSPEK:3 KAMI:1 UPANG:1 KAY:1 PAMILYA:2 TAHANAN:1 GAYUNPAMAN:1 HINDI:1 BASE:1 IMBESTIGASYON:1 BIKTIMA:4 PASADO:1 GABI:1 BASYO:1 BIGO:1 RING:1 KAMARA:1 DATING:3 DESISYON:3 KASO:2 ONE:1 BALIGTARIN:1 YOU:4 MUST:1 ADDRESS:2 DILIMAN:2 ILANG:1 KABATAAN:1 MAGING:1 RESPONSABLE:1 PARA:1 MAS:1 MATIBAY:1 PAARALAN:1 ALERT:1 ALL:3 YOUR:4 OUR:3 ARE:7 FOR:7 THE:29 NAME:4 DAYS:5 TRAFFIC:2 LAST:5 THERE:1 NOT:2 WAS:1 END:2 TEST:1 PAGE:2 GAT:1 TAG:1 SHOW:1 VIDEO:1 VIEW:1 DAY:1 ALSO:1 SEARCH:1 CLOSE:2
https://saksingayon.com/nagpalaglag-kakasuhan/	SAKSI:3 NGAYON:4 SEPTEMBER:19 NOON:2 POLICE:4 KONGRESO:2 BAKIT:2 WALA:2 NANG:5 MAKUHA:2 PROSEKUSYON:2 PATULOY:2 MINAHAN:2 MGA:3 GUWARDIYA:2 BUWANG:2 SAHOD:2 BALITA:5 METRO:5 PROBINSIYA:1 IBA:2 ISYU:1 NEW:8 YEAR:1 MANALO:1 MAY:11 AND:16 SARA:1 OPINYON:1 KALUSUGAN:1 KAGANDAHAN:1 KULTURA:1 TEKNOLOHIYA:1 PAGKAIN:1 KAINAN:1 PASYALAN:1 BAHAY:1 ESTILO:1 GALAW:1 MERKADO:1 LAGAY:1 PANAHON:1 RED:1 SPECIAL:1 MANILA:3 ANG:11 ISANG:2 ANYOS:1 BABAE:2 DAHIL:1 PAGLABAG:1 NITO:3 MATAPOS:2 DOKTOR:2 ITO:2 KAYA:1 SINAPUPUNAN:1 KAMAKALAWA:1 GABI:2 HOSPITAL:1 SUSPEK:1 ANA:1 TUNAY:1 PANGALAN:1 PAGAMUTAN:3 HINDI:2 PAGDURUGO:2 ARI:2 ALAS:2 INSIDENTE:1 BAGO:1 DINALA:1 MUNA:1 HAPON:1 GAYUNMAN:1 RIN:2 TAKOT:1 MASAMA:1 KANYA:1 TANUNGIN:1 UMINOM:1 SIYA:1 GAMOT:1 PAMPALAGLAG:1 KAMARA:1 BAHAGI:1 DATING:3 DESISYON:3 KASO:2 ONE:1 BALIGTARIN:1 BIKTIMA:3 YOU:4 MUST:1 ADDRESS:2 DILIMAN:2 ILANG:1 KABATAAN:1 MAGING:1 RESPONSABLE:1 PARA:1 MAS:1 MATIBAY:1 PAARALAN:1 ALERT:1 ALL:3 YOUR:4 OUR:3 ARE:7 FOR:7 THE:29 NAME:4 DAYS:5 TRAFFIC:2 LAST:5 THERE:1 NOT:2 WAS:1 END:2 TEST:1 PAGE:2 GAT:1 TAG:1 SHOW:1 VIDEO:1 VIEW:1 DAY:1 ALSO:1 SEARCH:1 CLOSE:2
https://saksingayon.com/kagawad-sugatan-sa-ambush/	KAGAWAD:4 SAKSI:3 NGAYON:4 SEPTEMBER:19 NOON:2 POLICE:4 KONGRESO:2 BAKIT:2 WALA:2 NANG:3 MAKUHA:2 PROSEKUSYON:2 PATULOY:4 MINAHAN:3 MGA:6 GUWARDIYA:3 BUWANG:4 SAHOD:3 BALITA:5 METRO:1 PROBINSIYA:5 IBA:2 ISYU:1 NEW:8 YEAR:1 MANALO:1 MAY:10 AND:16 SARA:1 OPINYON:1 KALUSUGAN:1 KAGANDAHAN:1 KULTURA:1 TEKNOLOHIYA:1 PAGKAIN:1 KAINAN:1 PASYALAN:1 BAHAY:1 ESTILO:1 GALAW:1 MERKADO:1 LAGAY:1 PANAHON:1 RED:1 SPECIAL:1 ORO:1 ISANG:3 BARANGAY:1 ANG:9 LUNAS:2 PAGAMUTAN:1 BARILIN:2 HINDI:1 SUSPEK:2 LUNGSOD:1 ITO:1 UMAGA:1 AYON:2 IMBESTIGASYON:1 PULISYA:1 LULAN:1 MOTORSIKLO:1 HABANG:1 NOO:1 PAMAMARIL:1 INSIDENTE:2 BIKTIMA:2 OSPITAL:1 PARA:2 KAY:1 SENIOR:1 MANTALA:1 BASYO:1 BALA:1 KALIBRE:1 GRAB:1 RESPONSIBILIDAD:1 DAPAT:1 BUHAYIN:1 PUWERSA:1 ILANG:3 KABATAAN:2 MAGING:3 RESPONSABLE:3 PAMUNUAN:1 PUBLIKO:1 PAGGAMIT:1 GRUPO:1 YOU:4 MUST:1 ADDRESS:2 DILIMAN:2 MAS:1 MATIBAY:1 PAARALAN:1 ALERT:1 DESISYON:1 KASO:1 DATING:1 ALL:3 YOUR:4 OUR:3 ARE:7 FOR:7 THE:29 NAME:4 DAYS:5 TRAFFIC:2 LAST:5 THERE:1 NOT:2 WAS:1 END:2 TEST:1 PAGE:2 GAT:1 TAG:1 SHOW:1 VIDEO:1 VIEW:1 DAY:1 ALSO:1 SEARCH:1 CLOSE:2
https://saksingayon.com/kabataang-estudyante-naispatan-sa-bar-di-sa-iskul/	ESTUDYANTE:6 BAR:4 ISKUL:2 SAKSI:3 NGAYON:4 SEPTEMBER:19 NOON:2 POLICE:4 KONGRESO:2 BAKIT:2 WALA:2 NANG:3 MAKUHA:2 PROSEKUSYON:2 PATULOY:4 MINAHAN:3 MGA:12 GUWARDIYA:3 BUWANG:4 SAHOD:3 BALITA:5 METRO:1 PROBINSIYA:5 IBA:2 ISYU:1 NEW:8 YEAR:1 MANALO:1 MAY:9 AND:17 SARA:1 OPINYON:1 KALUSUGAN:1 KAGANDAHAN:1 KULTURA:1 TEKNOLOHIYA:1 PAGKAIN:1 KAINAN:1 PASYALAN:1 BAHAY:1 ESTILO:1 GALAW:1 MERKADO:1 LAGAY:1 PANAHON:1 RED:1 SPECIAL:1 ORO:1 ILANG:4 ANG:12 AWTORIDAD:1 DITO:1 LOOB:2 ORAS:1 KLASE:2 TAUHAN:1 BOARD:1 ESTABLISIMIYENTO:2 DEPENSA:1 HINDI:1 SILA:1 PUMASOK:1 PARA:2 KAARAWAN:1 KAKLASE:1 LUMABAG:2 ORDINANSA:1 MENOR:1 EDAD:1 NAMAN:1 BASE:1 KAPAG:1 BESES:1 PAGLABAG:1 KANSELASYON:1 SIYUDAD:1 FOR:8 TULAY:1 NAMUMURO:1 PUWERSA:1 KABATAAN:2 MAGING:3 RESPONSABLE:3 PAMUNUAN:1 PUBLIKO:1 PAGGAMIT:1 GRUPO:1 YOU:4 MUST:1 ADDRESS:2 DILIMAN:2 MAS:1 MATIBAY:1 PAARALAN:1 ALERT:1 DESISYON:1 KASO:1 DATING:1 BIKTIMA:1 ALL:3 YOUR:4 OUR:3 ARE:7 THE:29 NAME:4 DAYS:5 TRAFFIC:2 LAST:5 THERE:1 NOT:2 WAS:1 END:2 TEST:1 PAGE:2 GAT:1 TAG:1 SHOW:1 VIDEO:1 VIEW:1 DAY:1 ALSO:1 SEARCH:1 CLOSE:2
https://saksingayon.com/pup-bilang-national-university-aprubado-ng-senado/	BILANG:3 SENADO:3 SAKSI:3 NGAYON:4 SEPTEMBER:19 NOON:2 POLICE:2 KONGRESO:3 BAKIT:2 WALA:2 NANG:2 MAKUHA:2 PROSEKUSYON:2 PATULOY:2 MINAHAN:2 MGA:8 GUWARDIYA:2 BUWANG:2 SAHOD:2 BALITA:5 METRO:1 PROBINSIYA:1 IBA:2 ISYU:2 NEW:8 YEAR:1 MANALO:1 MAY:11 AND:19 SARA:1 OPINYON:1 KALUSUGAN:1 KAGANDAHAN:1 KULTURA:1 TEKNOLOHIYA:1 PAGKAIN:1 KAINAN:1 PASYALAN:1 BAHAY:1 ESTILO:1 GALAW:1 MERKADO:1 LAGAY:1 PANAHON:1 RED:1 SPECIAL:1 ANG:8 BATAS:1 THE:34 STATE:2 BANSA:2 GAWIN:1 BASE:1 DESISYON:2 EDUCATION:1 SENADOR:2 KOMITE:1 DATOS:1 NAIS:1 MALAMAN:1 KAIBAHAN:1 ILALIM:1 PANUKALA:2 KARAPATAN:1 URI:1 PAG:1 PAGPAPATUPAD:1 POLISIYA:1 PROGRAMA:1 KUNG:1 SAAN:1 RIN:1 NITO:1 SABI:1 NAMAN:1 AKDA:1 NAMUMURO:1 DAPAT:2 KAGAMITAN:1 NGUNIT:1 MAPAYAPA:1 MAAYOS:2 NAGING:1 PAYAPA:1 KABUUAN:1 AKTIBIDAD:1 GRUPO:1 OPOSISYON:1 SAGUTIN:1 PLEBISITO:1 HUWAG:1 MADALIIN:1 PARA:2 MAS:2 MALINAW:1 PROSESO:1 YOU:4 MUST:1 ADDRESS:2 DILIMAN:2 ILANG:1 KABATAAN:1 MAGING:1 RESPONSABLE:1 MATIBAY:1 PAARALAN:1 ALERT:1 KASO:1 DATING:1 BIKTIMA:1 ALL:3 YOUR:4 OUR:3 ARE:7 FOR:7 NAME:4 DAYS:5 TRAFFIC:2 LAST:5 THERE:1 NOT:2 WAS:1 END:2 TEST:1 PAGE:2 GAT:1 TAG:1 SHOW:1 VIDEO:1 VIEW:1 DAY:1 ALSO:1 SEARCH:1 CLOSE:2
https://saksingayon.com/phoenix-petroleum-philippines-may-oil-price-rollback-na/	MAY:13 OIL:5 SAKSI:3 NGAYON:4 SEPTEMBER:19 NOON:2 POLICE:2 KONGRESO:2 BAKIT:2 WALA:2 NANG:2 MAKUHA:2 PROSEKUSYON:2 PATULOY:2 MINAHAN:2 MGA:3 GUWARDIYA:2 BUWANG:2 SAHOD:2 BALITA:2 METRO:2 PROBINSIYA:1 IBA:3 ISYU:1 NEW:8 YEAR:1 MANALO:1 AND:17 SARA:1 OPINYON:1 KALUSUGAN:1 KAGANDAHAN:1 KULTURA:1 TEKNOLOHIYA:1 PAGKAIN:1 KAINAN:1 PASYALAN:1 BAHAY:1 ESTILO:1 GALAW:5 MERKADO:5 LAGAY:1 PANAHON:1 RED:1 SPECIAL:1 ANG:7 LANGIS:1 TAPYAS:1 PRESYO:3 PARA:3 BAWAT:2 LITRO:2 GASOLINA:1 EPEKTIBO:1 ALAS:1 TANGHALI:1 NAMAN:2 SUSUNOD:1 BANSA:1 PETROLYO:2 DAPAT:1 PASIMUNO:1 KOMUNIDAD:2 TUMANGGAP:1 MULA:1 TAON:1 MANILA:1 BREAK:3 HOME:3 BEST:1 YOU:4 MUST:1 ADDRESS:1 DILIMAN:1 ILANG:1 KABATAAN:1 MAGING:1 RESPONSABLE:1 MAS:1 MATIBAY:1 PAARALAN:1 ALERT:1 DESISYON:1 KASO:1 DATING:1 BIKTIMA:1 ALL:3 YOUR:4 OUR:3 ARE:7 FOR:7 THE:29 NAME:4 DAYS:5 TRAFFIC:2 LAST:5 THERE:1 NOT:2 WAS:1 END:2 TEST:1 PAGE:2 GAT:1 TAG:1 SHOW:1 VIDEO:1 VIEW:1 DAY:1 ALSO:1 SEARCH:1 CLOSE:2
https://saksingayon.com/pilipinas-dapat-na-magprotesta-escudero/	DAPAT:5 SAKSI:3 NGAYON:4 SEPTEMBER:19 NOON:2 POLICE:2 KONGRESO:2 BAKIT:2 WALA:2 NANG:2 MAKUHA:2 PROSEKUSYON:2 PATULOY:2 MINAHAN:2 MGA:11 GUWARDIYA:2 BUWANG:2 SAHOD:2 BALITA:5 METRO:1 PROBINSIYA:1 IBA:2 ISYU:2 NEW:8 YEAR:1 MANALO:1 MAY:12 AND:17 SARA:1 OPINYON:1 KALUSUGAN:1 KAGANDAHAN:1 KULTURA:1 TEKNOLOHIYA:1 PAGKAIN:1 KAINAN:1 PASYALAN:1 BAHAY:1 ESTILO:1 GALAW:1 MERKADO:1 LAGAY:1 PANAHON:1 RED:1 SPECIAL:1 PROTESTA:1 ANG:7 GOBYERNO:1 LABAN:2 MANGINGISDA:1 PANATAG:1 GIIT:1 SENADOR:2 HINDI:1 KIBO:1 PAMAHALAAN:1 KAMAY:1 TAUHAN:1 HABANG:2 NANGINGISDA:1 ITO:2 KARAGATAN:1 THE:32 OUR:5 NOT:3 LET:1 RIGHT:1 OVER:1 OWN:1 VIDEO:2 GRUPO:2 NAGSASAGAWA:1 DOKUMENTARYO:1 SAMANTALA:1 NAMAN:1 DESISYON:3 HUWAG:2 PABOR:1 FOR:8 WAS:2 GOOD:1 CALL:1 ANI:1 PRESIDENTE:1 PARTIDO:1 DEMOKRATIKO:1 LAKAS:1 BAYAN:1 BILANG:1 SENADO:1 OIL:1 KAGAMITAN:1 NGUNIT:1 MAPAYAPA:1 MAAYOS:2 NAGING:1 PAYAPA:1 KABUUAN:1 AKTIBIDAD:1 OPOSISYON:1 SAGUTIN:1 PLEBISITO:1 MADALIIN:1 PARA:2 MAS:2 MALINAW:1 PROSESO:1 YOU:4 MUST:1 ADDRESS:2 DILIMAN:2 ILANG:1 KABATAAN:1 MAGING:1 RESPONSABLE:1 MATIBAY:1 PAARALAN:1 ALERT:1 KASO:1 DATING:1 BIKTIMA:1 ALL:3 YOUR:4 ARE:7 NAME:4 DAYS:5 TRAFFIC:2 LAST:5 THERE:1 END:2 TEST:1 PAGE:2 GAT:1 TAG:1 SHOW:1 VIEW:1 DAY:1 ALSO:1 SEARCH:1 CLOSE:2
https://saksingayon.com/sen-kiko-pangilinan-ginagamit-sa-illegal-online-gambling/	PANGILINAN:8 SAKSI:3 NGAYON:4 SEPTEMBER:19 NOON:2 POLICE:5 KONGRESO:2 BAKIT:2 WALA:3 NANG:3 MAKUHA:3 PROSEKUSYON:2 PATULOY:2 MINAHAN:2 MGA:14 GUWARDIYA:2 BUWANG:2 SAHOD:2 BALITA:5 METRO:1 PROBINSIYA:1 IBA:3 ISYU:2 NEW:8 YEAR:1 MANALO:1 MAY:13 AND:17 SARA:1 OPINYON:1 KALUSUGAN:1 KAGANDAHAN:1 KULTURA:1 TEKNOLOHIYA:1 PAGKAIN:1 KAINAN:1 PASYALAN:1 BAHAY:1 ESTILO:1 GALAW:1 MERKADO:1 LAGAY:1 PANAHON:1 RED:1 SPECIAL:2 ANG:16 PANGALAN:2 LABAN:1 ILEGAL:3 PASIG:3 KAHAPON:2 BATAY:2 OPISYAL:2 ANAK:1 GUMAGAMIT:1 NITO:1 KASO:2 OPERATIBA:1 MUKHA:1 HIYA:1 ILAN:1 DAHIL:1 PAG:2 KUHA:1 PALAPAG:2 RIN:1 SEARCH:2 MAKATI:1 SAMANTALA:1 NAMAN:2 ESPIRITU:1 TANGGAPAN:1 DIN:1 GUSALI:1 PAMILYA:1 UMANO:1 SENADOR:1 SUBALIT:1 HINDI:2 KUMPIRMADO:1 SANGKOT:2 NGA:1 ITO:3 OPERASYON:3 KAMI:1 NANINIWALA:1 PAHAYAG:1 ISA:1 KASAMA:1 LISENSIYA:1 MULA:1 PASUGALAN:1 AWTORIDAD:1 SUSPEK:1 DIWA:1 PAGLABAG:1 MALIBAN:1 DITO:1 UGNAYAN:1 EMBAHADA:1 PARA:3 MALAMAN:1 KUNG:1 PANIG:1 PERO:1 OPISINA:1 HABANG:1 BALITANG:1 TARA:1 GRAB:1 RESPONSIBILIDAD:1 KAGAMITAN:1 NGUNIT:1 MAPAYAPA:1 MAAYOS:2 NAGING:1 PAYAPA:1 KABUUAN:1 AKTIBIDAD:1 GRUPO:1 OPOSISYON:1 DAPAT:1 SAGUTIN:1 PLEBISITO:1 HUWAG:1 MADALIIN:1 MAS:2 MALINAW:1 PROSESO:1 YOU:4 MUST:1 ADDRESS:2 DILIMAN:2 ILANG:1 KABATAAN:1 MAGING:1 RESPONSABLE:1 MATIBAY:1 PAARALAN:1 ALERT:1 DESISYON:1 DATING:1 BIKTIMA:1 ALL:3 YOUR:4 OUR:3 ARE:7 FOR:7 THE:29 NAME:4 DAYS:5 TRAFFIC:2 LAST:5 THERE:1 NOT:2 WAS:1 END:2 TEST:1 PAGE:2 GAT:1 TAG:1 SHOW:1 VIDEO:1 VIEW:1 DAY:1 ALSO:1 CLOSE:2
https://saksingayon.com/pasimuno-ng-sexpose-sa-hollywood-may-meet-and-greet/	PASIMUNO:2 MAY:14 AND:19 SAKSI:3 NGAYON:4 SEPTEMBER:19 NOON:2 POLICE:2 KONGRESO:2 BAKIT:2 WALA:3 NANG:4 MAKUHA:2 PROSEKUSYON:2 PATULOY:2 MINAHAN:2 MGA:8 GUWARDIYA:2 BUWANG:2 SAHOD:2 BALITA:2 METRO:1 PROBINSIYA:1 IBA:2 ISYU:1 NEW:8 YEAR:1 MANALO:1 SARA:1 OPINYON:1 KALUSUGAN:1 KAGANDAHAN:1 KULTURA:1 TEKNOLOHIYA:1 PAGKAIN:1 KAINAN:1 PASYALAN:1 BAHAY:1 ESTILO:1 GALAW:1 MERKADO:1 LAGAY:1 PANAHON:1 RED:1 SPECIAL:1 ARAW:1 ANG:13 MAGAGANAP:1 ITO:2 KASAMA:1 DITO:1 LANG:1 BILANG:1 TOP:2 KAPUSO:2 DAY:2 SIYEMPRE:1 PATOK:1 BULAGA:1 DIN:1 MAKITA:1 TUNGKOL:2 KAY:1 MAN:1 NINA:1 BATANG:2 VERSION:1 KITA:1 OIL:1 RESULTA:1 PABOR:1 BANSA:1 DATING:2 DIREK:1 DUMALO:1 KAMI:1 BREAK:2 HINDI:1 RIN:1 INA:1 NAGING:1 MAILAP:1 SUMAGOT:1 LEON:1 PAMBANSA:2 PROJECT:1 HANGGANG:1 YOU:4 MUST:1 ADDRESS:1 DILIMAN:1 ILANG:1 KABATAAN:1 MAGING:1 RESPONSABLE:1 PARA:1 MAS:1 MATIBAY:1 PAARALAN:1 ALERT:1 DESISYON:1 KASO:1 BIKTIMA:1 ALL:3 YOUR:4 OUR:3 ARE:7 FOR:7 THE:29 NAME:4 DAYS:5 TRAFFIC:2 LAST:5 THERE:1 NOT:2 WAS:1 END:2 TEST:1 PAGE:2 GAT:1 TAG:1 SHOW:1 VIDEO:1 VIEW:1 ALSO:1 SEARCH:1 CLOSE:2
https://saksingayon.com/resulta-ng-mou-pabor-sa-bansa-doe/	RESULTA:2 PABOR:2 BANSA:3 SAKSI:3 NGAYON:4 SEPTEMBER:19 NOON:2 POLICE:2 KONGRESO:2 BAKIT:2 WALA:2 NANG:2 MAKUHA:2 PROSEKUSYON:2 PATULOY:2 MINAHAN:2 MGA:7 GUWARDIYA:2 BUWANG:2 SAHOD:2 BALITA:5 METRO:1 PROBINSIYA:1 IBA:2 ISYU:2 NEW:8 YEAR:1 MANALO:1 MAY:12 AND:18 SARA:1 OPINYON:1 KALUSUGAN:1 KAGANDAHAN:1 KULTURA:1 TEKNOLOHIYA:1 PAGKAIN:1 KAINAN:1 PASYALAN:1 BAHAY:1 ESTILO:1 GALAW:1 MERKADO:1 LAGAY:1 PANAHON:1 RED:1 SPECIAL:1 PAMAHALAAN:1 MAGIGING:1 ANG:7 KINALAMAN:1 OIL:1 GAS:1 AYON:1 PAHAYAG:1 PRAYORIDAD:1 TANGGAPAN:1 LONG:1 RITO:1 PAG:1 TERITORYO:1 BAHAGI:1 DIIN:1 KUNG:1 ANUMAN:1 KAHIHINATNAN:1 DIN:1 KARAPATAN:1 PASIMUNO:1 HUDYAT:1 PALASYO:1 KAGAMITAN:1 NGUNIT:1 MAPAYAPA:1 MAAYOS:2 NAGING:1 PAYAPA:1 KABUUAN:1 AKTIBIDAD:1 GRUPO:1 OPOSISYON:1 DAPAT:1 SAGUTIN:1 PLEBISITO:1 HUWAG:1 MADALIIN:1 PARA:2 MAS:2 MALINAW:1 PROSESO:1 YOU:4 MUST:1 ADDRESS:2 DILIMAN:2 ILANG:1 KABATAAN:1 MAGING:1 RESPONSABLE:1 MATIBAY:1 PAARALAN:1 ALERT:1 DESISYON:1 KASO:1 DATING:1 BIKTIMA:1 ALL:3 YOUR:4 OUR:3 ARE:7 FOR:7 THE:29 NAME:4 DAYS:5 TRAFFIC:2 LAST:5 THERE:1 NOT:2 WAS:1 END:2 TEST:1 PAGE:2 GAT:1 TAG:1 SHOW:1 VIDEO:1 VIEW:1 DAY:1 ALSO:1 SEARCH:1 CLOSE:2
https://saksingayon.com/mo-32-di-hudyat-ng-ml-palasyo/	HUDYAT:4 PALASYO:2 SAKSI:3 NGAYON:4 SEPTEMBER:19 NOON:2 POLICE:2 KONGRESO:2 BAKIT:2 WALA:2 NANG:2 MAKUHA:2 PROSEKUSYON:2 PATULOY:3 MINAHAN:2 MGA:10 GUWARDIYA:2 BUWANG:2 SAHOD:2 BALITA:5 METRO:1 PROBINSIYA:1 IBA:3 ISYU:2 NEW:8 YEAR:1 MANALO:1 MAY:13 AND:16 SARA:1 OPINYON:1 KALUSUGAN:1 KAGANDAHAN:1 KULTURA:1 TEKNOLOHIYA:1 PAGKAIN:1 KAINAN:1 PASYALAN:1 BAHAY:1 ESTILO:1 GALAW:1 MERKADO:1 LAGAY:1 PANAHON:1 RED:1 SPECIAL:1 ANG:18 ULAT:1 BATAS:3 MILITAR:3 ORDER:3 AYON:1 KAY:1 DAPAT:2 MAS:3 MAHIGPIT:1 PAGPAPATUPAD:1 UPANG:1 KARAHASAN:3 TERORISMO:3 LUGAR:4 HINDI:1 ITO:2 KAHIT:1 DAGDAGAN:1 PUWERSA:2 APAT:2 MATAAS:1 INSIDENTE:1 BANTA:1 SAAN:1 MALALA:1 PROBLEMA:1 GAYA:1 AWAY:1 PAGITAN:1 MAGSASAKA:1 KAYA:1 UDYOK:1 PARA:4 MAGLABAS:1 PANGYAYARI:1 SAGAY:1 GAWIN:1 HAKBANG:1 MAGDAGDAG:1 PULIS:1 DAHIL:1 RIN:1 KAUGNAYAN:1 LALAWIGAN:1 REHIYON:1 ILALIM:1 NITO:1 KONTRA:1 SINO:1 MANG:1 INDIBIDWAL:1 KINALAMAN:1 RESULTA:1 PABOR:1 BANSA:1 DAGDAG:1 BILANG:1 HUWES:1 KAGAMITAN:1 NGUNIT:1 MAPAYAPA:1 MAAYOS:2 NAGING:1 PAYAPA:1 KABUUAN:1 AKTIBIDAD:1 GRUPO:1 OPOSISYON:1 SAGUTIN:1 PLEBISITO:1 HUWAG:1 MADALIIN:1 MALINAW:1 PROSESO:1 YOU:4 MUST:1 ADDRESS:2 DILIMAN:2 ILANG:1 KABATAAN:1 MAGING:1 RESPONSABLE:1 MATIBAY:1 PAARALAN:1 ALERT:1 DESISYON:1 KASO:1 DATING:1 BIKTIMA:1 ALL:3 YOUR:4 OUR:3 ARE:7 FOR:7 THE:29 NAME:4 DAYS:5 TRAFFIC:2 LAST:5 THERE:1 NOT:2 WAS:1 END:2 TEST:1 PAGE:2 GAT:1 TAG:1 SHOW:1 VIDEO:1 VIEW:1 DAY:1 ALSO:1 SEARCH:1 CLOSE:2
https://saksingayon.com/dagdag-na-bilang-ng-huwes-hiniling/	DAGDAG:2 BILANG:5 HUWES:7 SAKSI:3 NGAYON:4 SEPTEMBER:19 NOON:2 POLICE:2 KONGRESO:2 BAKIT:2 WALA:2 NANG:4 MAKUHA:2 PROSEKUSYON:2 PATULOY:2 MINAHAN:2 MGA:14 GUWARDIYA:2 BUWANG:2 SAHOD:2 BALITA:5 METRO:1 PROBINSIYA:1 IBA:3 ISYU:2 NEW:8 YEAR:1 MANALO:1 MAY:11 AND:20 SARA:1 OPINYON:1 KALUSUGAN:1 KAGANDAHAN:1 KULTURA:1 TEKNOLOHIYA:1 PAGKAIN:1 KAINAN:1 PASYALAN:1 BAHAY:1 ESTILO:1 GALAW:1 MERKADO:1 LAGAY:1 PANAHON:1 RED:1 SPECIAL:1 BIGYAN:1 ORAS:2 GOBYERNO:1 ANG:13 BANSA:1 KORTE:4 APELA:1 SENADOR:2 KAPWA:1 NITO:1 MAMBABATAS:1 SUPORTAHAN:1 BATAS:1 POSISYON:1 BEEN:1 THE:36 LIKE:1 OUR:9 FOR:9 WHERE:1 ARE:11 PALIWANAG:1 AKDA:1 BASE:1 DATOS:2 KASO:3 MALAYO:1 SUPREMA:1 HABANG:1 NAMAN:1 NASA:3 KUNG:2 SAAN:2 KATUMBAS:1 ITO:2 ISANG:1 KATAO:1 MAGDAGDAG:1 PARA:4 SAPAT:1 ARALAN:1 HUSTO:1 HAWAK:1 ONE:1 THERE:2 NOT:4 JUST:1 BUT:1 AYON:1 KAY:1 DIN:1 UMANO:1 NGA:1 LANG:1 TOTAL:1 HUDYAT:1 PALASYO:1 KRITIKAL:1 RIN:1 GRAB:1 KAGAMITAN:1 NGUNIT:1 MAPAYAPA:1 MAAYOS:2 NAGING:1 PAYAPA:1 KABUUAN:1 AKTIBIDAD:1 GRUPO:1 OPOSISYON:1 DAPAT:1 SAGUTIN:1 PLEBISITO:1 HUWAG:1 MADALIIN:1 MAS:2 MALINAW:1 PROSESO:1 YOU:4 MUST:1 ADDRESS:2 DILIMAN:2 ILANG:1 KABATAAN:1 MAGING:1 RESPONSABLE:1 MATIBAY:1 PAARALAN:1 ALERT:1 DESISYON:1 DATING:1 BIKTIMA:1 ALL:3 YOUR:4 NAME:4 DAYS:5 TRAFFIC:2 LAST:5 WAS:1 END:2 TEST:1 PAGE:2 GAT:1 TAG:1 SHOW:1 VIDEO:1 VIEW:1 DAY:1 ALSO:1 SEARCH:1 CLOSE:2
https://saksingayon.com/ust-student-kritikal-pa-rin-sa-grab-accident/	KRITIKAL:4 RIN:6 GRAB:6 SAKSI:3 NGAYON:5 SEPTEMBER:19 NOON:2 POLICE:3 KONGRESO:2 BAKIT:2 WALA:2 NANG:4 MAKUHA:2 PROSEKUSYON:2 PATULOY:2 MINAHAN:2 MGA:2 GUWARDIYA:2 BUWANG:2 SAHOD:2 BALITA:5 METRO:5 PROBINSIYA:1 IBA:2 ISYU:1 NEW:8 YEAR:1 MANALO:1 MAY:10 AND:18 SARA:1 OPINYON:1 KALUSUGAN:1 KAGANDAHAN:1 KULTURA:1 TEKNOLOHIYA:1 PAGKAIN:1 KAINAN:1 PASYALAN:1 BAHAY:1 ESTILO:1 GALAW:1 MERKADO:1 LAGAY:1 PANAHON:1 RED:1 SPECIAL:1 MAG:1 BUWAN:1 NASA:2 KALAGAYAN:1 ANG:14 ISANG:3 ANYOS:1 SANTO:1 NAGANAP:1 AKSIDENTE:2 HABANG:1 CAR:1 MANILA:2 TRAFFIC:3 KONDISYON:1 HOSPITAL:2 MATAPOS:1 ALAS:1 ARAW:1 HINDI:4 NAMAN:1 KAIBIGAN:1 PERO:1 MALUBHA:1 BUMAGSAK:1 KOTSE:1 TUMAMA:1 ULO:1 KUNG:2 SAAN:2 BIKTIMA:4 ORAS:1 IYON:1 SANHI:1 INSIDENTE:2 PINSAN:1 ITO:3 MEMORYA:1 KAYA:1 KAHIT:1 INA:1 NITO:1 NIYA:1 MAKILALA:1 JUST:1 ALL:5 THE:30 PWEDE:1 AYON:1 KAY:1 KAUSAPIN:1 NANAY:1 INAANTOK:1 UMANO:2 SIYA:1 MILYON:2 HANGGANG:1 DAGDAG:1 BILANG:1 HUWES:1 ARESTADO:1 DATING:3 DESISYON:3 KASO:2 ONE:1 BALIGTARIN:1 YOU:4 MUST:1 ADDRESS:2 DILIMAN:2 ILANG:1 KABATAAN:1 MAGING:1 RESPONSABLE:1 PARA:1 MAS:1 MATIBAY:1 PAARALAN:1 ALERT:1 YOUR:4 OUR:3 ARE:7 FOR:7 NAME:4 DAYS:5 LAST:5 THERE:1 NOT:2 WAS:1 END:2 TEST:1 PAGE:2 GAT:1 TAG:1 SHOW:1 VIDEO:1 VIEW:1 DAY:1 ALSO:1 SEARCH:1 CLOSE:2
https://saksingayon.com/awol-na-lespiyak-wanted-sa-laguna-arestado-sa-maynila/	ARESTADO:4 SAKSI:3 NGAYON:5 SEPTEMBER:19 NOON:2 POLICE:5 KONGRESO:2 BAKIT:2 WALA:2 NANG:2 MAKUHA:2 PROSEKUSYON:2 PATULOY:2 MINAHAN:2 MGA:3 GUWARDIYA:2 BUWANG:2 SAHOD:2 BALITA:5 METRO:5 PROBINSIYA:1 IBA:2 ISYU:1 NEW:8 YEAR:1 MANALO:1 MAY:10 AND:16 SARA:1 OPINYON:1 KALUSUGAN:1 KAGANDAHAN:1 KULTURA:1 TEKNOLOHIYA:1 PAGKAIN:1 KAINAN:1 PASYALAN:1 BAHAY:1 ESTILO:1 GALAW:1 MERKADO:1 LAGAY:1 PANAHON:1 RED:1 SPECIAL:1 ANG:7 ISANG:2 ABSENT:1 MIYEMBRO:1 PAGLABAG:2 DROGA:1 KAMAKALAWA:1 GABI:2 MATIMYAS:2 SAMPALOC:2 TAUHAN:1 MANILA:1 BISA:1 IMPORMASYON:1 PULISYA:1 NASA:1 LUGAR:1 PULIS:1 KAYA:1 OPERASYON:1 ALAS:1 KUNG:1 SAAN:1 ITO:1 SUSPEK:1 DALHIN:1 KRITIKAL:1 RIN:1 GRAB:1 MAGKAIBIGAN:1 DATING:3 DESISYON:3 KASO:2 ONE:1 BALIGTARIN:1 BIKTIMA:3 YOU:4 MUST:1 ADDRESS:2 DILIMAN:2 ILANG:1 KABATAAN:1 MAGING:1 RESPONSABLE:1 PARA:1 MAS:1 MATIBAY:1 PAARALAN:1 ALERT:1 ALL:3 YOUR:4 OUR:3 ARE:7 FOR:7 THE:29 NAME:4 DAYS:5 TRAFFIC:2 LAST:5 THERE:1 NOT:2 WAS:1 END:2 TEST:1 PAGE:2 GAT:1 TAG:1 SHOW:1 VIDEO:1 VIEW:1 DAY:1 ALSO:1 SEARCH:1 CLOSE:2
https://saksingayon.com/magkaibigan-arestado-sa-ecstasy-at-kush/	MAGKAIBIGAN:3 ARESTADO:3 SAKSI:3 NGAYON:4 SEPTEMBER:19 NOON:2 POLICE:5 KONGRESO:2 BAKIT:2 WALA:2 NANG:4 MAKUHA:2 PROSEKUSYON:2 PATULOY:2 MINAHAN:2 MGA:6 GUWARDIYA:2 BUWANG:2 SAHOD:2 BALITA:5 METRO:5 PROBINSIYA:1 IBA:2 ISYU:1 NEW:8 YEAR:1 MANALO:1 MAY:10 AND:16 SARA:1 OPINYON:1 KALUSUGAN:1 KAGANDAHAN:1 KULTURA:1 TEKNOLOHIYA:1 PAGKAIN:1 KAINAN:1 PASYALAN:1 BAHAY:1 ESTILO:1 GALAW:1 MERKADO:1 LAGAY:1 PANAHON:1 RED:1 SPECIAL:1 ELEMENTO:1 MANILA:2 ANG:11 MATAPOS:2 SILANG:1 GRADE:1 KAMAKALAWA:1 GABI:2 HARAP:1 SUSPEK:3 ALYAS:1 BOS:1 PROJECT:1 AYON:1 KAY:1 ALAS:1 ISAGAWA:1 LABAN:1 KUNG:1 SAAN:1 ISANG:3 PULIS:1 TRANSAKSIYON:1 DITO:1 DALAWA:2 KULAY:2 ASUL:1 TABLETAS:1 PAGLABAG:1 ALINSUNOD:1 DATING:3 DESISYON:3 KASO:2 ONE:1 BALIGTARIN:1 BIKTIMA:3 YOU:4 MUST:1 ADDRESS:2 DILIMAN:2 ILANG:1 KABATAAN:1 MAGING:1 RESPONSABLE:1 PARA:1 MAS:1 MATIBAY:1 PAARALAN:1 ALERT:1 ALL:3 YOUR:4 OUR:3 ARE:7 FOR:7 THE:29 NAME:4 DAYS:5 TRAFFIC:2 LAST:5 THERE:1 NOT:2 WAS:1 END:2 TEST:1 PAGE:2 GAT:1 TAG:1 SHOW:1 VIDEO:1 VIEW:1 DAY:1 ALSO:1 SEARCH:1 CLOSE:2
https://saksingayon.com/rose-shines-again/	SAKSI:3 NGAYON:4 SEPTEMBER:19 NOON:2 POLICE:2 KONGRESO:2 BAKIT:2 WALA:2 NANG:3 MAKUHA:2 PROSEKUSYON:2 PATULOY:2 MINAHAN:2 MGA:4 GUWARDIYA:2 BUWANG:2 SAHOD:2 BALITA:2 METRO:1 PROBINSIYA:1 IBA:2 ISYU:1 NEW:10 YEAR:2 MANALO:1 MAY:12 AND:21 SARA:1 OPINYON:1 KALUSUGAN:1 KAGANDAHAN:1 KULTURA:1 TEKNOLOHIYA:1 PAGKAIN:1 KAINAN:1 PASYALAN:1 BAHAY:1 ESTILO:1 GALAW:1 MERKADO:1 LAGAY:1 PANAHON:1 RED:1 SPECIAL:3 ANG:9 HUSAY:1 MATAPOS:2 UMISKOR:1 HABANG:1 AKAYIN:1 KONTRA:1 FOR:9 UPANG:1 TULUNGAN:1 MATALO:1 SUNOD:1 WAGI:1 AWARD:1 NASA:1 TAON:1 BAGO:1 SIYA:1 MAGANDA:1 SEASON:3 PARA:6 KAY:2 MULI:1 KINANG:1 LOVE:1 GOOD:1 BEEN:1 THERE:3 WIKA:1 RIN:1 THE:38 GET:1 DAGDAG:1 ANIM:1 DOUBLE:1 PERO:1 LANG:1 MULA:2 SINA:1 OUT:2 ANI:1 JUST:1 HIT:1 FIRST:1 SAMPU:1 LARO:1 MAG:1 ISANG:1 ABANTE:1 MAGKAIBIGAN:1 ARESTADO:1 ATENEO:1 UNGOS:1 HOME:1 RIGHT:1 SPEED:2 YOU:4 MUST:1 ADDRESS:1 DILIMAN:1 ILANG:1 KABATAAN:1 MAGING:1 RESPONSABLE:1 MAS:1 MATIBAY:1 PAARALAN:1 ALERT:1 DESISYON:1 KASO:1 DATING:1 BIKTIMA:1 ALL:3 YOUR:4 OUR:3 ARE:7 NAME:4 DAYS:5 TRAFFIC:2 LAST:5 NOT:2 WAS:1 END:2 TEST:1 PAGE:2 GAT:1 TAG:1 SHOW:1 VIDEO:1 VIEW:1 DAY:1 ALSO:1 SEARCH:1 CLOSE:2
https://saksingayon.com/uaap-season-81-fencing-ue-dumikit-sa-mens-crown-ateneo-ungos-sa-womens/	SEASON:4 ATENEO:4 UNGOS:2 SAKSI:3 NGAYON:4 SEPTEMBER:19 NOON:2 POLICE:2 KONGRESO:2 BAKIT:2 WALA:2 NANG:4 MAKUHA:2 PROSEKUSYON:2 PATULOY:2 MINAHAN:2 MGA:3 GUWARDIYA:2 BUWANG:2 SAHOD:2 BALITA:2 METRO:1 PROBINSIYA:1 IBA:2 ISYU:1 NEW:9 YEAR:1 MANALO:1 MAY:11 AND:16 SARA:1 OPINYON:1 KALUSUGAN:1 KAGANDAHAN:1 KULTURA:1 TEKNOLOHIYA:1 PAGKAIN:1 KAINAN:1 PASYALAN:1 BAHAY:1 ESTILO:1 GALAW:1 MERKADO:1 LAGAY:1 PANAHON:1 RED:2 SPECIAL:3 MEDALYA:1 AGAD:1 ANG:14 THE:34 ARAW:1 UPANG:1 HABANG:2 LAST:6 SUNOD:1 KORONA:1 MANGUNA:1 RIN:2 SINA:1 DIN:1 NASA:2 SECOND:1 PARA:3 THIRD:2 SPOT:1 ISA:1 SANTO:1 MAGWAGI:1 GINTO:1 MULA:1 KINA:1 MIRA:1 TWO:2 HALOS:1 ABOT:1 KAMAY:1 TITULO:1 MATAPOS:1 ULIT:1 WAGI:1 HOME:1 FOR:8 RIGHT:1 SPEED:2 YOU:4 MUST:1 ADDRESS:1 DILIMAN:1 ILANG:1 KABATAAN:1 MAGING:1 RESPONSABLE:1 MAS:1 MATIBAY:1 PAARALAN:1 ALERT:1 DESISYON:1 KASO:1 DATING:1 BIKTIMA:1 ALL:3 YOUR:4 OUR:3 ARE:7 NAME:4 DAYS:5 TRAFFIC:2 THERE:1 NOT:2 WAS:1 END:2 TEST:1 PAGE:2 GAT:1 TAG:1 SHOW:1 VIDEO:1 VIEW:1 DAY:1 ALSO:1 SEARCH:1 CLOSE:2
https://saksingayon.com/folayang-champ-ulit-vera-wagi-ng-ko/	ULIT:2 WAGI:2 SAKSI:3 NGAYON:4 SEPTEMBER:19 NOON:2 POLICE:2 KONGRESO:2 BAKIT:2 WALA:2 NANG:3 MAKUHA:2 PROSEKUSYON:2 PATULOY:2 MINAHAN:2 MGA:3 GUWARDIYA:2 BUWANG:2 SAHOD:2 BALITA:2 METRO:1 PROBINSIYA:1 IBA:3 ISYU:1 NEW:9 YEAR:1 MANALO:1 MAY:9 AND:16 SARA:1 OPINYON:1 KALUSUGAN:1 KAGANDAHAN:1 KULTURA:1 TEKNOLOHIYA:1 PAGKAIN:1 KAINAN:1 PASYALAN:1 BAHAY:1 ESTILO:1 GALAW:1 MERKADO:1 LAGAY:1 PANAHON:1 RED:1 SPECIAL:3 TWO:1 ONE:2 WORLD:2 TALUNIN:1 MALL:1 UMISKOR:1 ANG:7 ANYOS:1 MATAPOS:1 BUGBUGIN:1 DIN:1 IKAAPAT:1 TAON:1 SINA:1 HALOS:1 ALL:4 MULA:1 ROUND:2 HANGGANG:1 PAMAMAGITAN:1 MAHUSAY:1 PAGGAMIT:1 TUHOD:1 SIKO:1 BINTI:1 KAMAO:1 HIRAP:2 DEPENSAHAN:1 DUMUGO:1 ILONG:1 KALAGITNAAN:1 SECOND:1 SAMANTALA:1 NAMAN:1 PATULUGIN:1 NANGAILANGAN:1 LANG:1 ISANG:1 APAT:1 SEGUNDO:1 UPANG:1 TAPUSIN:1 SEASON:1 ATENEO:1 UNGOS:1 THE:33 HOME:1 FOR:8 RIGHT:1 SPEED:2 PARA:2 YOU:4 MUST:1 ADDRESS:1 DILIMAN:1 ILANG:1 KABATAAN:1 MAGING:1 RESPONSABLE:1 MAS:1 MATIBAY:1 PAARALAN:1 ALERT:1 DESISYON:1 KASO:1 DATING:1 BIKTIMA:1 YOUR:4 OUR:3 ARE:7 NAME:4 DAYS:5 TRAFFIC:2 LAST:5 THERE:1 NOT:2 WAS:1 END:2 TEST:1 PAGE:2 GAT:1 TAG:1 SHOW:1 VIDEO:1 VIEW:1 DAY:1 ALSO:1 SEARCH:1 CLOSE:2
https://saksingayon.com/87-chinese-at-16-pinoy-na-inaresto-sa-online-illegal-gambling-isinailalim-sa-inquest-proceedings/	SAKSI:3 NGAYON:5 SEPTEMBER:19 NOON:2 POLICE:4 KONGRESO:2 BAKIT:2 WALA:5 NANG:6 MAKUHA:2 PROSEKUSYON:2 PATULOY:2 MINAHAN:2 MGA:15 GUWARDIYA:2 BUWANG:2 SAHOD:2 BALITA:5 METRO:1 PROBINSIYA:1 IBA:2 ISYU:3 NEW:8 YEAR:1 MANALO:1 MAY:12 AND:17 SARA:1 OPINYON:1 KALUSUGAN:1 KAGANDAHAN:1 KULTURA:1 TEKNOLOHIYA:1 PAGKAIN:1 KAINAN:1 PASYALAN:1 BAHAY:1 ESTILO:1 GALAW:1 MERKADO:1 LAGAY:1 PANAHON:1 RED:1 SPECIAL:3 ISTORYA:1 NINA:1 ANG:15 SANGKOT:1 UMANO:3 ISANG:1 GUSALI:1 BARANGAY:2 UGONG:2 PASIG:2 HAPON:3 AYON:1 KAY:1 PAGLABAG:1 KASO:3 TANGGAPAN:3 LABAN:1 SUSPEK:4 LALAKI:2 BABAE:2 SIYAM:1 PAWANG:1 EMPLEYADO:1 AHENTE:1 KANINA:1 KASAMA:1 RING:1 KINATAWAN:1 PANGILINAN:3 ANAK:2 HINDI:3 AWTORIDAD:2 SALAKAYIN:2 DAHIL:1 ITO:2 LUGAR:3 IYON:1 DISPOSISYON:1 PISKALYA:1 KUSTODIYA:1 NILA:1 PWERSA:1 UGNAYAN:1 PALAPAG:1 HOME:1 ARMADO:1 SEARCH:2 MAKATI:1 IMBESTIGASYON:1 PULISYA:1 NAMAN:1 RIN:2 ILALIM:1 SAMANTALA:1 KABILA:1 PANGALAN:1 SENADOR:1 TAHIMIK:1 PAHAYAG:1 UPANG:1 LINAW:1 BAKA:1 BASBAS:1 NITO:1 OPERASYON:1 ULIT:1 WAGI:1 LIGTAS:1 AKSIDENTE:1 KAGAMITAN:1 NGUNIT:1 MAPAYAPA:1 MAAYOS:2 NAGING:1 PAYAPA:1 KABUUAN:1 AKTIBIDAD:1 GRUPO:1 OPOSISYON:1 DAPAT:1 SAGUTIN:1 PLEBISITO:1 HUWAG:1 MADALIIN:1 PARA:2 MAS:2 MALINAW:1 PROSESO:1 YOU:4 MUST:1 ADDRESS:2 DILIMAN:2 ILANG:1 KABATAAN:1 MAGING:1 RESPONSABLE:1 MATIBAY:1 PAARALAN:1 ALERT:1 DESISYON:1 DATING:1 BIKTIMA:1 ALL:3 YOUR:4 OUR:3 ARE:7 FOR:7 THE:29 NAME:4 DAYS:5 TRAFFIC:2 LAST:5 THERE:1 NOT:2 WAS:1 END:2 TEST:1 PAGE:2 GAT:1 TAG:1 SHOW:1 VIDEO:1 VIEW:1 DAY:1 ALSO:1 CLOSE:2
https://saksingayon.com/curry-ligtas-sa-aksidente/	LIGTAS:2 AKSIDENTE:2 SAKSI:3 NGAYON:4 SEPTEMBER:19 NOON:2 POLICE:2 KONGRESO:2 BAKIT:2 WALA:2 NANG:4 MAKUHA:2 PROSEKUSYON:2 PATULOY:2 MINAHAN:2 MGA:4 GUWARDIYA:2 BUWANG:2 SAHOD:2 BALITA:2 METRO:1 PROBINSIYA:1 IBA:2 ISYU:1 NEW:9 YEAR:1 MANALO:1 MAY:9 AND:17 SARA:1 OPINYON:1 KALUSUGAN:1 KAGANDAHAN:1 KULTURA:1 TEKNOLOHIYA:1 PAGKAIN:1 KAINAN:1 PASYALAN:1 BAHAY:1 ESTILO:1 GALAW:1 MERKADO:1 LAGAY:1 PANAHON:1 RED:1 SPECIAL:3 STATE:2 PAMAMAGITAN:1 MAAYOS:1 ANG:7 KALAGAYAN:1 DAPAT:1 DAHIL:1 HINDI:2 SIYA:1 DIYOS:1 MATAPOS:1 CAR:1 BUT:1 ALL:6 THE:36 GREAT:2 LAHAD:1 UMAGA:1 KOTSE:2 HABANG:1 PAPUNTA:1 PERO:1 KABILA:1 PINSALA:1 MANLALARO:1 BESES:1 RIN:1 BUNGA:1 LARO:1 LIBAN:1 BINATA:1 DEPRESYON:1 HOME:1 FOR:8 RIGHT:1 SPEED:2 PARA:2 YOU:4 MUST:1 ADDRESS:1 DILIMAN:1 ILANG:1 KABATAAN:1 MAGING:1 RESPONSABLE:1 MAS:1 MATIBAY:1 PAARALAN:1 ALERT:1 DESISYON:1 KASO:1 DATING:1 BIKTIMA:1 YOUR:4 OUR:3 ARE:7 NAME:4 DAYS:5 TRAFFIC:2 LAST:5 THERE:1 NOT:2 WAS:1 END:2 TEST:1 PAGE:2 GAT:1 TAG:1 SHOW:1 VIDEO:1 VIEW:1 DAY:1 ALSO:1 SEARCH:1 CLOSE:2
https://saksingayon.com/amo-nakikiusap-ng-tulong-para-sa-minaltratong-aso/	AMO:2 TULONG:3 PARA:5 ASO:8 SAKSI:3 NGAYON:4 SEPTEMBER:19 NOON:2 POLICE:4 KONGRESO:2 BAKIT:2 WALA:2 NANG:5 MAKUHA:2 PROSEKUSYON:2 PATULOY:4 MINAHAN:3 MGA:6 GUWARDIYA:3 BUWANG:4 SAHOD:3 BALITA:5 METRO:1 PROBINSIYA:5 IBA:2 ISYU:1 NEW:8 YEAR:1 MANALO:1 MAY:11 AND:16 SARA:1 OPINYON:1 KALUSUGAN:1 KAGANDAHAN:1 KULTURA:1 TEKNOLOHIYA:1 PAGKAIN:1 KAINAN:1 PASYALAN:1 BAHAY:2 ESTILO:1 GALAW:1 MERKADO:1 LAGAY:1 PANAHON:1 RED:1 SPECIAL:1 ANG:13 ISANG:2 BABAE:1 DAHIL:2 NIYA:3 KONDISYON:1 LABAS:1 BARANGAY:3 AYON:1 KAY:1 DUGUAN:1 BATI:1 SUGAT:1 UMANO:1 ITO:1 ULO:1 BUNGA:1 MATIGAS:1 BAGAY:1 HINDI:1 AGAD:1 LUNAS:1 PERA:1 PAMILYA:1 ALAGA:1 KUMBINSIDO:1 PAMANGKIN:2 GAWA:1 NITO:1 OPISYAL:1 LUNES:1 IMBESTIGASYON:1 KUNG:1 SIYA:2 GUMAWA:1 PAGLABAG:1 ANIMAL:1 NAMAN:1 BINATA:1 DEPRESYON:1 BUHAY:1 PUWERSA:1 ILANG:3 KABATAAN:2 MAGING:3 RESPONSABLE:3 PAMUNUAN:1 PUBLIKO:1 PAGGAMIT:1 GRUPO:1 YOU:4 MUST:1 ADDRESS:2 DILIMAN:2 MAS:1 MATIBAY:1 PAARALAN:1 ALERT:1 DESISYON:1 KASO:1 DATING:1 BIKTIMA:1 ALL:3 YOUR:4 OUR:3 ARE:7 FOR:7 THE:29 NAME:4 DAYS:5 TRAFFIC:2 LAST:5 THERE:1 NOT:2 WAS:1 END:2 TEST:1 PAGE:2 GAT:1 TAG:1 SHOW:1 VIDEO:1 VIEW:1 DAY:1 ALSO:1 SEARCH:1 CLOSE:2
https://saksingayon.com/up-fighting-maroons-buhay-pa/	BUHAY:3 SAKSI:3 NGAYON:4 SEPTEMBER:19 NOON:2 POLICE:2 KONGRESO:2 BAKIT:2 WALA:2 NANG:7 MAKUHA:2 PROSEKUSYON:2 PATULOY:2 MINAHAN:2 MGA:3 GUWARDIYA:2 BUWANG:2 SAHOD:2 BALITA:2 METRO:1 PROBINSIYA:1 IBA:2 ISYU:1 NEW:9 YEAR:1 MANALO:1 MAY:10 AND:16 SARA:1 OPINYON:1 KALUSUGAN:1 KAGANDAHAN:1 KULTURA:1 TEKNOLOHIYA:1 PAGKAIN:1 KAINAN:1 PASYALAN:1 BAHAY:1 ESTILO:1 GALAW:1 MERKADO:1 LAGAY:1 PANAHON:1 RED:1 SPECIAL:3 ANG:19 TSANSA:1 THE:34 MATAPOS:1 KONTRA:1 SEASON:1 MALL:1 KAHAPON:1 MULA:2 SEGUNDO:1 LARO:3 BOLA:1 BRIGHT:1 ILALIM:1 SWAK:1 TWO:2 PARA:5 PANALO:3 BUNGA:1 KOPONAN:1 BIG:1 PAUL:1 SECOND:1 FOURTH:1 HABANG:3 AMBAG:2 RIN:1 BAGAMAT:1 ANIM:1 PUNTOS:1 LAMANG:1 HALIMAW:1 NAMAN:2 ITO:2 BOARD:1 NAGING:1 FIRST:1 ISARA:1 THIRD:1 TUNGO:1 ABANTE:1 HINDI:2 MAG:1 LIKOD:1 BASKET:2 IBIGAY:1 LEAD:1 NGUNIT:1 BUMIGAY:1 RUN:1 KASAMA:1 ISKOR:1 AMO:1 TULONG:1 ASO:1 AUTOMATIC:1 ISANG:1 BILANG:1 SAGOT:1 ENDO:1 HOME:1 FOR:8 RIGHT:1 SPEED:2 YOU:4 MUST:1 ADDRESS:1 DILIMAN:1 ILANG:1 KABATAAN:1 MAGING:1 RESPONSABLE:1 MAS:1 MATIBAY:1 PAARALAN:1 ALERT:1 DESISYON:1 KASO:1 DATING:1 BIKTIMA:1 ALL:3 YOUR:4 OUR:3 ARE:7 NAME:4 DAYS:5 TRAFFIC:2 LAST:5 THERE:1 NOT:2 WAS:1 END:2 TEST:1 PAGE:2 GAT:1 TAG:1 SHOW:1 VIDEO:1 VIEW:1 DAY:1 ALSO:1 SEARCH:1 CLOSE:2
https://saksingayon.com/automatic-civil-service-eligibility-isinulong-ng-isang-partylist-group-bilang-sagot-sa-endo/	AUTOMATIC:4 ISANG:4 BILANG:3 SAGOT:2 ENDO:4 SAKSI:3 NGAYON:4 SEPTEMBER:19 NOON:2 POLICE:2 KONGRESO:2 BAKIT:2 WALA:2 NANG:3 MAKUHA:3 PROSEKUSYON:2 PATULOY:2 MINAHAN:2 MGA:11 GUWARDIYA:2 BUWANG:2 SAHOD:2 BALITA:5 METRO:1 PROBINSIYA:1 IBA:2 ISYU:2 NEW:8 YEAR:1 MANALO:1 MAY:11 AND:16 SARA:1 OPINYON:1 KALUSUGAN:1 KAGANDAHAN:1 KULTURA:1 TEKNOLOHIYA:1 PAGKAIN:1 KAINAN:1 PASYALAN:1 BAHAY:1 ESTILO:1 GALAW:1 MERKADO:1 LAGAY:1 PANAHON:1 RED:1 SPECIAL:1 MANGGAGAWA:1 MULA:1 GOBYERNO:3 ANG:15 LAYON:1 NINA:1 KABAYAN:1 SALO:3 PAUL:1 REGULAR:6 TRABAHO:2 LOOB:1 TAON:2 ORDER:1 SISTEMA:1 NAGIGING:1 EMPLEYADO:2 PAMAHALAAN:1 KAPAG:1 ITO:2 ANI:1 HINDI:2 DAPAT:4 MAGING:4 HADLANG:1 KAYA:1 AWTOMATIKO:1 DAHIL:1 RIN:1 TAGAL:1 ORAS:2 UMANO:1 KAWANI:1 DIN:1 FULL:1 GIIT:1 PAGSASABATAS:1 PANUKALA:2 POSISYON:1 POLISIYA:1 LAAN:1 TAPUSIN:1 GANAP:1 BATAS:1 NASA:1 BUHAY:1 KAMARA:1 KAGAMITAN:1 NGUNIT:1 MAPAYAPA:1 MAAYOS:2 NAGING:1 PAYAPA:1 KABUUAN:1 AKTIBIDAD:1 GRUPO:1 OPOSISYON:1 SAGUTIN:1 PLEBISITO:1 HUWAG:1 MADALIIN:1 PARA:2 MAS:2 MALINAW:1 PROSESO:1 YOU:4 MUST:1 ADDRESS:2 DILIMAN:2 ILANG:1 KABATAAN:1 RESPONSABLE:1 MATIBAY:1 PAARALAN:1 ALERT:1 DESISYON:1 KASO:1 DATING:1 BIKTIMA:1 ALL:3 YOUR:4 OUR:3 ARE:7 FOR:7 THE:29 NAME:4 DAYS:5 TRAFFIC:2 LAST:5 THERE:1 NOT:2 WAS:1 END:2 TEST:1 PAGE:2 GAT:1 TAG:1 SHOW:1 VIDEO:1 VIEW:1 DAY:1 ALSO:1 SEARCH:1 CLOSE:2
https://saksingayon.com/budget-secretary-gigisahin-sa-question-hour-ng-kamara/	KAMARA:3 SAKSI:3 NGAYON:5 SEPTEMBER:19 NOON:2 POLICE:2 KONGRESO:3 BAKIT:2 WALA:2 NANG:2 MAKUHA:2 PROSEKUSYON:2 PATULOY:2 MINAHAN:2 MGA:10 GUWARDIYA:2 BUWANG:2 SAHOD:2 BALITA:5 METRO:1 PROBINSIYA:1 IBA:2 ISYU:2 NEW:8 YEAR:1 MANALO:1 MAY:10 AND:16 SARA:1 OPINYON:1 KALUSUGAN:1 KAGANDAHAN:1 KULTURA:1 TEKNOLOHIYA:1 PAGKAIN:1 KAINAN:1 PASYALAN:1 BAHAY:1 ESTILO:1 GALAW:1 MERKADO:1 LAGAY:1 PANAHON:1 RED:1 SPECIAL:1 GISAHIN:1 ALOKASYON:2 ILALIM:1 PARA:4 TAON:1 ANG:9 KAY:1 SALIG:1 LUMUTANG:1 TANGGAPAN:1 GOBYERNO:2 DAHIL:1 RIN:1 HINDI:1 ALAM:1 KUNG:2 KAILAN:1 LALO:1 MALAPIT:1 BREAK:1 ITO:1 SAAN:1 MAMBABATAS:1 OPISYAL:1 BAHAGI:1 KAPULUNGAN:1 AUTOMATIC:1 ISANG:1 BILANG:1 SAGOT:1 ENDO:1 KAGAMITAN:1 NGUNIT:1 MAPAYAPA:1 MAAYOS:2 NAGING:1 PAYAPA:1 KABUUAN:1 AKTIBIDAD:1 GRUPO:1 OPOSISYON:1 DAPAT:1 SAGUTIN:1 PLEBISITO:1 HUWAG:1 MADALIIN:1 MAS:2 MALINAW:1 PROSESO:1 YOU:4 MUST:1 ADDRESS:2 DILIMAN:2 ILANG:1 KABATAAN:1 MAGING:1 RESPONSABLE:1 MATIBAY:1 PAARALAN:1 ALERT:1 DESISYON:1 KASO:1 DATING:1 BIKTIMA:1 ALL:3 YOUR:4 OUR:3 ARE:7 FOR:7 THE:29 NAME:4 DAYS:5 TRAFFIC:2 LAST:5 THERE:1 NOT:2 WAS:1 END:2 TEST:1 PAGE:2 GAT:1 TAG:1 SHOW:1 VIDEO:1 VIEW:1 DAY:1 ALSO:1 SEARCH:1 CLOSE:2
https://saksingayon.com/binata-nagbigti-sa-sobrang-depresyon/	BINATA:3 DEPRESYON:3 SAKSI:3 NGAYON:5 SEPTEMBER:19 NOON:2 POLICE:3 KONGRESO:2 BAKIT:2 WALA:3 NANG:4 MAKUHA:2 PROSEKUSYON:2 PATULOY:2 MINAHAN:2 MGA:2 GUWARDIYA:2 BUWANG:2 SAHOD:2 BALITA:5 METRO:5 PROBINSIYA:1 IBA:2 ISYU:1 NEW:8 YEAR:1 MANALO:1 MAY:9 AND:16 SARA:1 OPINYON:1 KALUSUGAN:1 KAGANDAHAN:1 KULTURA:1 TEKNOLOHIYA:1 PAGKAIN:1 KAINAN:1 PASYALAN:1 BAHAY:1 ESTILO:1 GALAW:1 MERKADO:1 LAGAY:1 PANAHON:1 RED:1 SPECIAL:1 CHE:1 DAHIL:1 HINDI:2 ISANG:3 BINATILYO:1 ANG:10 LUNGSOD:2 KAHAPON:1 UMAGA:2 ULAT:1 GANAP:1 ALAS:1 MISMO:1 INA:2 BUHAY:1 ANYOS:1 HANAPBUHAY:1 RESIDENTE:1 LIWANAG:1 BARANGAY:1 UGONG:1 HABANG:1 NASA:2 DULO:1 AGAD:1 ALAM:1 INSIDENTE:1 MISTER:1 MABILIS:1 SAKLOLO:1 HIMPILAN:1 THE:30 KATAWAN:1 BIKTIMA:6 SULAT:2 LOOB:1 BULSA:1 SUOT:1 SHORT:1 AWTORIDAD:1 LAMAN:1 KAHILINGAN:1 RIN:1 PAMILYA:1 PANGANGALAGA:1 LABI:1 SUMAILALIM:1 LIGTAS:1 AKSIDENTE:1 AMO:1 TULONG:1 PARA:2 ASO:1 DATING:3 DESISYON:3 KASO:2 ONE:1 BALIGTARIN:1 YOU:4 MUST:1 ADDRESS:2 DILIMAN:2 ILANG:1 KABATAAN:1 MAGING:1 RESPONSABLE:1 MAS:1 MATIBAY:1 PAARALAN:1 ALERT:1 ALL:3 YOUR:4 OUR:3 ARE:7 FOR:7 NAME:4 DAYS:5 TRAFFIC:2 LAST:5 THERE:1 NOT:2 WAS:1 END:2 TEST:1 PAGE:2 GAT:1 TAG:1 SHOW:1 VIDEO:1 VIEW:1 DAY:1 ALSO:1 SEARCH:1 CLOSE:2
https://saksingayon.com/rayver-cruz-walang-kaalam-alam-na-may-terminal-illness-pala-ang-pinsang-si-teejay/	ALAM:4 MAY:18 TERMINAL:2 PALA:3 ANG:20 SAKSI:3 NGAYON:4 SEPTEMBER:19 NOON:4 POLICE:2 KONGRESO:2 BAKIT:3 WALA:10 NANG:4 MAKUHA:2 PROSEKUSYON:2 PATULOY:2 MINAHAN:2 MGA:5 GUWARDIYA:2 BUWANG:2 SAHOD:2 BALITA:2 METRO:1 PROBINSIYA:1 IBA:2 ISYU:1 NEW:8 YEAR:1 MANALO:1 AND:19 SARA:1 OPINYON:1 KALUSUGAN:1 KAGANDAHAN:1 KULTURA:1 TEKNOLOHIYA:1 PAGKAIN:1 KAINAN:1 PASYALAN:1 BAHAY:1 ESTILO:1 GALAW:1 MERKADO:1 LAGAY:1 PANAHON:1 RED:1 SPECIAL:1 GULAT:3 PERO:3 TOTOO:1 SAKIT:5 PINSAN:3 TULAD:2 NGA:2 THE:32 DAY:3 PUMANAW:1 ANYOS:1 KAMAKALAWA:1 UMAGA:1 DAHIL:2 PANGANAY:1 ANAK:3 AKTOR:1 ASAWA:2 PANAYAM:1 NAMIN:2 KAY:3 NAMATAY:1 NIYA:2 NITO:1 SALOOBIN:1 SIYEMPRE:2 AKO:5 KASI:5 TALAGA:8 IDEA:3 MATAGAL:1 RIN:6 DAW:2 HINDI:7 KAYA:5 AYON:2 USAP:1 USAPAN:1 PAMILYA:1 TUNGKOL:4 RAW:2 KANYA:2 KAPATID:3 KALAGAYAN:1 DRAMA:1 KARIBAL:1 KUNG:3 SAAN:1 LEAD:1 KASAMA:4 NINA:1 TAPING:2 KAHIT:2 BABAE:1 RING:3 CLOSE:3 SINA:2 NATIN:2 DESISYON:2 BAKA:1 DIN:1 IYON:1 GUSTO:1 AGAD:2 TITO:3 MATAPOS:1 PUNTA:1 LALO:1 EDAD:1 KAPALARAN:1 ISANG:1 TAO:1 KAILAN:1 TAYO:1 LANG:4 GOOD:2 ANO:3 MAGPIPINSAN:3 SIYA:10 KUMBAGA:1 PAGDATING:1 TSAKA:1 PAG:4 LALABAS:1 PARAAN:1 PARA:2 BAIT:2 LAHAT:4 MASABI:1 NAMAN:2 ISIP:1 NAGAGANAP:1 UTAK:1 NAGING:2 AKTIBO:1 HUMINTO:1 BATA:1 KILALA:1 PUBLIKO:1 SILANG:4 TATLO:1 MABAIT:1 TAHIMIK:1 YAN:1 LABAS:1 MASAYA:1 YUN:1 MAHUSAY:1 SUMAYAW:1 GUMAWA:2 VIDEO:3 SILA:1 MAHILIG:1 IPAALAM:1 MUNA:1 MAMBABATAS:1 DISMAYADO:1 TARA:1 DATING:2 DIREK:1 DUMALO:1 KAMI:1 BREAK:2 INA:1 MAILAP:1 SUMAGOT:1 LEON:1 BATANG:1 ITO:1 PAMBANSA:2 PROJECT:1 HANGGANG:1 YOU:4 MUST:1 ADDRESS:1 DILIMAN:1 ILANG:1 KABATAAN:1 MAGING:1 RESPONSABLE:1 MAS:1 MATIBAY:1 PAARALAN:1 ALERT:1 KASO:1 BIKTIMA:1 ALL:3 YOUR:4 OUR:3 ARE:7 FOR:7 NAME:4 DAYS:5 TRAFFIC:2 LAST:5 THERE:1 NOT:2 WAS:1 END:2 TEST:1 PAGE:2 GAT:1 TAG:1 SHOW:1 VIEW:1 ALSO:1 SEARCH:1
https://saksingayon.com/bakit-pina-blacklist-sa-pinas-si-mother-sitang/	BAKIT:4 MOTHER:3 SAKSI:3 NGAYON:5 SEPTEMBER:19 NOON:2 POLICE:2 KONGRESO:2 WALA:5 NANG:5 MAKUHA:2 PROSEKUSYON:2 PATULOY:2 MINAHAN:2 MGA:8 GUWARDIYA:2 BUWANG:2 SAHOD:2 BALITA:2 METRO:1 PROBINSIYA:1 IBA:2 ISYU:1 NEW:8 YEAR:1 MANALO:1 MAY:12 AND:17 SARA:1 OPINYON:1 KALUSUGAN:1 KAGANDAHAN:1 KULTURA:1 TEKNOLOHIYA:1 PAGKAIN:1 KAINAN:1 PASYALAN:1 BAHAY:1 ESTILO:1 GALAW:1 MERKADO:1 LAGAY:1 PANAHON:1 RED:1 SPECIAL:1 NAGING:2 HANGGANG:3 NGA:4 YAN:1 ANG:14 PAGITAN:1 NINA:2 LAST:6 DINALA:1 MULA:1 MAS:2 KILALA:1 BILANG:2 PARA:4 ISANG:1 LAMANG:3 PUMUNTA:1 AYUSIN:1 SANA:4 KONTRATA:2 NILA:1 MALAMAN:1 NITO:1 DALANG:1 GAY:1 WORLD:1 THE:31 ISA:1 RIN:3 HINDI:6 NAMAN:6 EROPLANO:1 OPO:1 LANG:2 WIKA:1 HALAGA:1 GAWA:1 DAPAT:1 DITO:3 TULAD:5 PABANGO:1 BALAK:2 IPAMIGAY:1 YUN:1 MOVE:1 AKO:1 KAY:3 KAPAG:1 SIYA:2 KAYA:1 AGAD:1 ITO:4 PROJECT:3 DEAL:1 KUNG:5 IPO:1 NEGOSYO:2 ONE:1 BAR:1 DEPENDE:1 KANYA:1 SAAD:1 NANGYARI:1 HUWAG:1 BASTA:1 NIYA:5 DAHIL:2 BAKA:1 PALA:2 TUNAY:2 NASA:1 IYON:1 TOTOO:1 RAW:2 ANO:2 ESTADO:1 BUHAY:1 HUMINGI:1 DAW:1 SORRY:1 PERO:1 SAAN:1 PRODUKTO:1 ANDAYA:1 MISMO:1 SINA:1 DATING:3 DIREK:1 DUMALO:1 KAMI:1 BREAK:2 INA:1 MAILAP:1 SUMAGOT:1 LEON:1 BATANG:1 TUNGKOL:1 PAMBANSA:2 YOU:4 MUST:1 ADDRESS:1 DILIMAN:1 ILANG:1 KABATAAN:1 MAGING:1 RESPONSABLE:1 MATIBAY:1 PAARALAN:1 ALERT:1 DESISYON:1 KASO:1 BIKTIMA:1 ALL:3 YOUR:4 OUR:3 ARE:7 FOR:7 NAME:4 DAYS:5 TRAFFIC:2 THERE:1 NOT:2 WAS:1 END:2 TEST:1 PAGE:2 GAT:1 TAG:1 SHOW:1 VIDEO:1 VIEW:1 DAY:1 ALSO:1 SEARCH:1 CLOSE:2
https://saksingayon.com/catriona-gray-i-am-miss-universe-2018/	SAKSI:3 NGAYON:4 SEPTEMBER:19 NOON:2 POLICE:2 KONGRESO:2 BAKIT:3 WALA:3 NANG:5 MAKUHA:2 PROSEKUSYON:2 PATULOY:2 MINAHAN:2 MGA:11 GUWARDIYA:2 BUWANG:2 SAHOD:2 BALITA:2 METRO:1 PROBINSIYA:1 IBA:4 ISYU:1 NEW:8 YEAR:2 MANALO:2 MAY:11 AND:36 SARA:1 OPINYON:1 KALUSUGAN:1 KAGANDAHAN:1 KULTURA:1 TEKNOLOHIYA:1 PAGKAIN:1 KAINAN:1 PASYALAN:1 BAHAY:1 ESTILO:1 GALAW:1 MERKADO:1 LAGAY:1 PANAHON:1 RED:1 SPECIAL:3 ANG:20 KUMBAGA:2 KULAY:1 PRUTAS:1 MAKATAS:1 YAN:2 SAGOT:1 WORLD:1 MAG:2 ITO:3 BOY:3 KAGABI:1 LANG:7 UMERE:1 KAPAMILYA:1 KUNG:2 NANGANGAILANGAN:1 SINO:1 MALAMANG:2 ALAMANG:1 HIRAP:2 SAGUTIN:1 BIRO:1 HINDI:5 BASTA:2 TANONG:2 KUYA:1 KASAMA:1 ILANG:3 PARA:4 KAY:1 TULAD:1 BATANG:2 ARAL:1 MENTAL:1 MARAMI:1 KORTE:1 KLASE:1 ALL:5 ONE:2 BALE:1 NAGING:3 TAKBO:1 MORE:5 NOTE:1 HETO:1 BAHAGI:1 NAMAN:3 ALSO:2 GET:2 FOR:15 LIKE:1 EVENING:1 PEG:1 TRY:1 FIRST:1 BUT:3 TRUE:2 WAY:3 PANITIKAN:1 THINK:2 YOU:11 TAGALOG:2 THE:55 OUR:9 TAKE:1 OUT:3 HANDA:1 KORONA:1 WHY:2 YOUR:7 RIN:2 LOVE:4 ARE:13 OWN:1 NOT:4 CAN:2 SMALL:1 THERE:3 MUCH:1 MAGTAGO:1 KATOTOHANAN:1 MAGSABI:1 KASINUNGALINGAN:1 COME:2 NEGA:1 IYONG:1 PAANO:1 IYO:1 READ:1 SAID:1 REAL:1 JUST:3 KNOW:3 LET:1 PUT:1 BAGAY:1 BILANG:1 ISANG:1 OPEN:1 SEE:1 VOICE:1 CLOSE:3 LAST:6 PAK:3 ANGAT:1 AIR:1 TULOY:1 HANGA:1 KAYA:1 MALAKI:1 NGA:1 PAG:1 ASA:1 IUWI:1 IKA:1 APAT:1 DAHIL:1 KAHIT:1 GAYA:1 TAGA:1 BANSA:1 MARUNONG:1 KUNDI:1 MAN:1 KARAMIHAN:1 EXPERT:1 TALAGA:1 KASI:1 GANOON:1 PETSA:1 MAGAGANAP:1 KAMARA:1 MOTHER:1 DATING:2 DIREK:1 DUMALO:1 KAMI:1 BREAK:2 INA:1 MAILAP:1 SUMAGOT:1 LEON:1 TUNGKOL:1 PAMBANSA:2 PROJECT:1 HANGGANG:1 MUST:1 ADDRESS:1 DILIMAN:1 KABATAAN:1 MAGING:1 RESPONSABLE:1 MAS:1 MATIBAY:1 PAARALAN:1 ALERT:1 DESISYON:1 KASO:1 BIKTIMA:1 NAME:4 DAYS:5 TRAFFIC:2 WAS:1 END:2 TEST:1 PAGE:2 GAT:1 TAG:1 SHOW:1 VIDEO:1 VIEW:1 DAY:1 SEARCH:1
https://saksingayon.com/live-out-sa-pinoy-domestic-workers-ipinasusulong/	SAKSI:3 NGAYON:5 SEPTEMBER:19 NOON:2 POLICE:2 KONGRESO:2 BAKIT:3 WALA:2 NANG:2 MAKUHA:2 PROSEKUSYON:2 PATULOY:2 MINAHAN:2 MGA:23 GUWARDIYA:2 BUWANG:2 SAHOD:2 BALITA:5 METRO:1 PROBINSIYA:1 IBA:2 ISYU:2 NEW:8 YEAR:1 MANALO:1 MAY:10 AND:16 SARA:1 OPINYON:1 KALUSUGAN:1 KAGANDAHAN:1 KULTURA:1 TEKNOLOHIYA:1 PAGKAIN:1 KAINAN:1 PASYALAN:1 BAHAY:3 ESTILO:1 GALAW:1 MERKADO:1 LAGAY:1 PANAHON:1 RED:1 SPECIAL:1 ISANG:1 MAMBABATAS:1 GOBYERNO:1 ANG:16 OUT:1 UPANG:4 ITO:8 AMO:3 GINAWA:1 LIST:1 SUHESTIYON:1 DAHIL:2 PARAAN:1 BILANG:1 BANSA:2 LALO:1 SILANGAN:1 OUR:4 THE:30 ARE:8 AYON:1 GRUPO:5 PAMAMAGITAN:2 BASE:1 NAIS:2 PAGKATAPOS:2 ORAS:3 TRABAHO:1 AHENSYA:2 HIWALAY:2 NITO:1 UMANO:1 MAGKAKAROON:1 SAPAT:1 PAHINGA:1 TULOG:1 HINDI:3 TULAD:2 MAGTRABAHO:1 SILA:2 SISTEMA:1 HAPON:1 TIRAHAN:2 DIN:1 KABABAYAN:1 GUMASTOS:1 SUWELDO:1 MOTHER:1 GALIT:1 KAGAMITAN:1 NGUNIT:1 MAPAYAPA:1 MAAYOS:2 NAGING:1 PAYAPA:1 KABUUAN:1 AKTIBIDAD:1 OPOSISYON:1 DAPAT:1 SAGUTIN:1 PLEBISITO:1 HUWAG:1 MADALIIN:1 PARA:2 MAS:2 MALINAW:1 PROSESO:1 YOU:4 MUST:1 ADDRESS:2 DILIMAN:2 ILANG:1 KABATAAN:1 MAGING:1 RESPONSABLE:1 MATIBAY:1 PAARALAN:1 ALERT:1 DESISYON:1 KASO:1 DATING:1 BIKTIMA:1 ALL:3 YOUR:4 FOR:7 NAME:4 DAYS:5 TRAFFIC:2 LAST:5 THERE:1 NOT:2 WAS:1 END:2 TEST:1 PAGE:2 GAT:1 TAG:1 SHOW:1 VIDEO:1 VIEW:1 DAY:1 ALSO:1 SEARCH:1 CLOSE:2
https://saksingayon.com/galit-ng-mga-pinoy-sa-chinese-agapan-solon/	GALIT:4 MGA:31 SAKSI:3 NGAYON:6 SEPTEMBER:19 NOON:2 POLICE:2 KONGRESO:3 BAKIT:2 WALA:2 NANG:3 MAKUHA:2 PROSEKUSYON:2 PATULOY:2 MINAHAN:2 GUWARDIYA:2 BUWANG:2 SAHOD:2 BALITA:5 METRO:1 PROBINSIYA:1 IBA:2 ISYU:2 NEW:8 YEAR:1 MANALO:1 MAY:10 AND:16 SARA:1 OPINYON:1 KALUSUGAN:1 KAGANDAHAN:1 KULTURA:1 TEKNOLOHIYA:1 PAGKAIN:1 KAINAN:1 PASYALAN:1 BAHAY:1 ESTILO:1 GALAW:1 MERKADO:1 LAGAY:1 PANAHON:1 RED:1 SPECIAL:1 ISANG:1 MAMBABATAS:3 KAPULUNGAN:1 AHENSYA:2 GOBYERNO:3 LALO:4 ANG:20 PALASYO:1 SUMABOG:1 LABAN:3 AAGAW:1 KANILA:2 TRABAHO:3 GINAWA:1 LIST:1 APELA:1 HANAPBUHAY:1 DAHIL:4 KAWALAN:1 BAKA:1 MAGKAROON:1 AYAW:1 NATIN:1 MANGYARI:1 AYON:1 SANGKATERBA:1 UMANO:2 BANSA:4 KAYA:1 ITO:9 HINDI:2 DAPAT:2 BAHALA:1 MAGING:2 MITSA:1 ATING:2 NANINIWALA:1 SAPAT:1 PAPELES:1 PATAGO:1 KAILANGAN:1 DIN:1 KAMPANYA:1 KUNG:1 GUMAWA:1 NITO:1 MALAMANG:1 AGAD:1 RIN:1 NAGUSTUHAN:1 KONGRESISTA:1 ILEGAL:1 TULAD:1 DUMATING:1 BILANG:1 TURISTA:1 PERO:1 PALA:1 KRIMEN:1 BUWIS:1 LANGIS:1 KAGAMITAN:1 NGUNIT:1 MAPAYAPA:1 MAAYOS:2 NAGING:1 PAYAPA:1 KABUUAN:1 AKTIBIDAD:1 GRUPO:1 OPOSISYON:1 SAGUTIN:1 PLEBISITO:1 HUWAG:1 MADALIIN:1 PARA:2 MAS:2 MALINAW:1 PROSESO:1 YOU:4 MUST:1 ADDRESS:2 DILIMAN:2 ILANG:1 KABATAAN:1 RESPONSABLE:1 MATIBAY:1 PAARALAN:1 ALERT:1 DESISYON:1 KASO:1 DATING:1 BIKTIMA:1 ALL:3 YOUR:4 OUR:3 ARE:7 FOR:7 THE:29 NAME:4 DAYS:5 TRAFFIC:2 LAST:5 THERE:1 NOT:2 WAS:1 END:2 TEST:1 PAGE:2 GAT:1 TAG:1 SHOW:1 VIDEO:1 VIEW:1 DAY:1 ALSO:1 SEARCH:1 CLOSE:2
https://saksingayon.com/ping-wag-nang-pansinin-si-joma/	WAG:3 NANG:5 PANSININ:3 SAKSI:3 NGAYON:4 SEPTEMBER:19 NOON:2 POLICE:2 KONGRESO:2 BAKIT:2 WALA:5 MAKUHA:2 PROSEKUSYON:2 PATULOY:2 MINAHAN:2 MGA:14 GUWARDIYA:2 BUWANG:2 SAHOD:2 BALITA:5 METRO:1 PROBINSIYA:1 IBA:2 ISYU:2 NEW:9 YEAR:1 MANALO:1 MAY:11 AND:16 SARA:1 OPINYON:1 KALUSUGAN:1 KAGANDAHAN:1 KULTURA:1 TEKNOLOHIYA:1 PAGKAIN:1 KAINAN:1 PASYALAN:1 BAHAY:1 ESTILO:1 GALAW:1 MERKADO:1 LAGAY:1 PANAHON:1 RED:1 SPECIAL:1 HINDI:4 DAPAT:5 PAMAHALAAN:1 THE:30 PAHAYAG:2 NITO:3 ITO:4 ANG:17 SENADOR:5 KUNG:1 SAAN:1 RIN:2 UMANO:1 PAKINGGAN:2 LIDER:1 GRUPO:3 DIIN:2 KASAMA:2 LAMANG:3 MONEY:1 SUBALIT:2 KASUNDUAN:3 LAHAT:1 NAMAN:6 ADMINISTRASYON:1 DAHIL:1 LAYUNIN:1 GOBYERNO:2 AKO:1 SIYA:4 KASI:1 OUT:1 LANG:6 PAG:2 DOON:1 KASALI:1 KANYA:1 PARTE:1 PERO:2 SYA:1 MASARAP:1 BUHAY:1 NYA:1 PALIWANAG:1 PAGKATIWALAAN:1 DIN:1 MAGING:2 NINA:1 ANIYA:1 PAGKAKAUNAWAAN:1 SILA:2 PROYEKTO:1 USAPIN:1 IPATUPAD:1 MAG:1 USAP:1 IBIG:1 SABIHIN:1 PUMIRMA:1 MERON:1 KOPYA:2 PANGULO:1 KAY:2 TITO:1 NIYA:1 ARAW:1 LUNES:1 KAYA:3 NGA:1 GINAGAWA:1 ALAM:1 AKIN:1 TIGNAN:1 MUNA:1 NATIN:1 LAMAN:1 DAGDAG:1 MAMBABATAS:1 PULIS:1 KAILANGAN:1 KAGAMITAN:1 NGUNIT:1 MAPAYAPA:1 MAAYOS:2 NAGING:1 PAYAPA:1 KABUUAN:1 AKTIBIDAD:1 OPOSISYON:1 SAGUTIN:1 PLEBISITO:1 HUWAG:1 MADALIIN:1 PARA:2 MAS:2 MALINAW:1 PROSESO:1 YOU:4 MUST:1 ADDRESS:2 DILIMAN:2 ILANG:1 KABATAAN:1 RESPONSABLE:1 MATIBAY:1 PAARALAN:1 ALERT:1 DESISYON:1 KASO:1 DATING:1 BIKTIMA:1 ALL:3 YOUR:4 OUR:3 ARE:7 FOR:7 NAME:4 DAYS:5 TRAFFIC:2 LAST:5 THERE:1 NOT:2 WAS:1 END:2 TEST:1 PAGE:2 GAT:1 TAG:1 SHOW:1 VIDEO:1 VIEW:1 DAY:1 ALSO:1 SEARCH:1 CLOSE:2
https://saksingayon.com/ping-p60m-pork-bawat-congressaman-isiningit-sa-2019-budget/	BAWAT:4 SAKSI:3 NGAYON:5 SEPTEMBER:19 NOON:2 POLICE:2 KONGRESO:3 BAKIT:2 WALA:3 NANG:2 MAKUHA:2 PROSEKUSYON:2 PATULOY:2 MINAHAN:2 MGA:13 GUWARDIYA:2 BUWANG:2 SAHOD:2 BALITA:5 METRO:1 PROBINSIYA:1 IBA:2 ISYU:2 NEW:8 YEAR:1 MANALO:1 MAY:12 AND:16 SARA:1 OPINYON:1 KALUSUGAN:1 KAGANDAHAN:1 KULTURA:1 TEKNOLOHIYA:1 PAGKAIN:1 KAINAN:1 PASYALAN:1 BAHAY:1 ESTILO:1 GALAW:1 MERKADO:1 LAGAY:1 PANAHON:2 RED:1 SPECIAL:1 SENADOR:2 NASA:1 UMANO:3 KONGRESISTA:5 ANG:15 KAPULUNGAN:1 MAYROON:1 PANUKALA:3 UPANG:2 MAMBABATAS:2 LAHAT:2 MILYON:1 NILA:4 AWAYAN:1 BILYON:2 MALIBAN:1 PONDO:1 PARA:4 HINDI:4 LANG:2 ALAM:1 DOON:1 PERO:2 MERON:1 KASI:3 WIKA:1 DAHIL:4 DITO:1 HAMON:1 SENADO:2 HANAPIN:1 KUNG:1 SAAN:1 MATAPOS:2 KAMARA:1 NAGKAROON:1 SMALL:1 PAG:1 AMYENDA:1 DAPAT:2 DIRETSO:1 NAMAN:1 MALABO:1 BAGO:1 TAON:1 KAKULANGAN:1 TIYAK:1 MAGING:2 SILA:2 AYAW:1 MARE:1 KANILA:1 YUN:1 MALAMANG:1 DIYAN:1 DIIN:1 PULIS:1 KAILANGAN:1 LAGOT:1 KAGAMITAN:1 NGUNIT:1 MAPAYAPA:1 MAAYOS:2 NAGING:1 PAYAPA:1 KABUUAN:1 AKTIBIDAD:1 GRUPO:1 OPOSISYON:1 SAGUTIN:1 PLEBISITO:1 HUWAG:1 MADALIIN:1 MAS:2 MALINAW:1 PROSESO:1 YOU:4 MUST:1 ADDRESS:2 DILIMAN:2 ILANG:1 KABATAAN:1 RESPONSABLE:1 MATIBAY:1 PAARALAN:1 ALERT:1 DESISYON:1 KASO:1 DATING:1 BIKTIMA:1 ALL:3 YOUR:4 OUR:3 ARE:7 FOR:7 THE:29 NAME:4 DAYS:5 TRAFFIC:2 LAST:5 THERE:1 NOT:2 WAS:1 END:2 TEST:1 PAGE:2 GAT:1 TAG:1 SHOW:1 VIDEO:1 VIEW:1 DAY:1 ALSO:1 SEARCH:1 CLOSE:2
https://saksingayon.com/maitenance-sa-patrol-cars-ng-mga-pulis-kailangan-na/	MGA:23 PULIS:4 KAILANGAN:3 SAKSI:3 NGAYON:5 SEPTEMBER:19 NOON:2 POLICE:4 KONGRESO:3 BAKIT:3 WALA:2 NANG:3 MAKUHA:2 PROSEKUSYON:2 PATULOY:2 MINAHAN:2 GUWARDIYA:2 BUWANG:2 SAHOD:2 BALITA:5 METRO:1 PROBINSIYA:1 IBA:2 ISYU:2 NEW:8 YEAR:1 MANALO:1 MAY:10 AND:18 SARA:1 OPINYON:1 KALUSUGAN:1 KAGANDAHAN:1 KULTURA:1 TEKNOLOHIYA:1 PAGKAIN:1 KAINAN:1 PASYALAN:1 BAHAY:1 ESTILO:1 GALAW:1 MERKADO:1 LAGAY:1 PANAHON:1 RED:1 SPECIAL:1 LIDERATO:1 KAPULUNGAN:1 ANG:21 KUMUHA:4 MAS:5 PARA:4 MAG:1 AYOS:1 DAHIL:3 GINAWA:1 ANDAYA:5 UPANG:2 UMANO:2 ITO:7 KAYA:2 IBINIGAY:1 KANILA:2 KASI:2 TAO:1 MABILIS:1 SASAKYAN:5 BINILI:1 BINIGAY:1 KOTSE:1 TAXI:1 VAN:1 MAHABA:1 KESA:1 DOON:1 PAG:1 ATING:1 PULISYA:1 ANI:3 MAYROON:2 SUBALIT:2 MADALAS:1 AGAD:1 MARAMI:1 DIN:1 ISA:1 KUNG:4 ILAN:1 SIRA:1 HINDI:4 PWEDE:3 REAL:1 PONDO:1 GAS:1 MAMBABATAS:2 KAWALAN:1 MAAYOS:3 MATAGAL:1 PLAN:1 THE:33 ONE:1 DITO:1 POSISYON:1 SILA:2 RIGHT:1 LANG:1 MAGMANEHO:1 PARK:1 BAGAY:1 TAYO:1 TAONG:1 AYON:1 WAG:1 PANSININ:1 BAWAT:1 KAGAMITAN:1 NGUNIT:1 MAPAYAPA:1 NAGING:1 PAYAPA:1 KABUUAN:1 AKTIBIDAD:1 GRUPO:1 OPOSISYON:1 DAPAT:1 SAGUTIN:1 PLEBISITO:1 HUWAG:1 MADALIIN:1 MALINAW:1 PROSESO:1 YOU:4 MUST:1 ADDRESS:2 DILIMAN:2 ILANG:1 KABATAAN:1 MAGING:1 RESPONSABLE:1 MATIBAY:1 PAARALAN:1 ALERT:1 DESISYON:1 KASO:1 DATING:1 BIKTIMA:1 ALL:3 YOUR:4 OUR:3 ARE:7 FOR:7 NAME:4 DAYS:5 TRAFFIC:2 LAST:5 THERE:1 NOT:2 WAS:1 END:2 TEST:1 PAGE:2 GAT:1 TAG:1 SHOW:1 VIDEO:1 VIEW:1 DAY:1 ALSO:1 SEARCH:1 CLOSE:2
https://saksingayon.com/1st-eco-airport-sa-pinas-bubuksan-na/	SAKSI:3 NGAYON:5 SEPTEMBER:19 NOON:2 POLICE:2 KONGRESO:2 BAKIT:2 WALA:2 NANG:6 MAKUHA:2 PROSEKUSYON:2 PATULOY:2 MINAHAN:2 MGA:8 GUWARDIYA:2 BUWANG:2 SAHOD:2 BALITA:5 METRO:1 PROBINSIYA:1 IBA:2 ISYU:2 NEW:8 YEAR:1 MANALO:1 MAY:11 AND:16 SARA:1 OPINYON:1 KALUSUGAN:1 KAGANDAHAN:1 KULTURA:1 TEKNOLOHIYA:1 PAGKAIN:1 KAINAN:1 PASYALAN:1 BAHAY:1 ESTILO:1 GALAW:1 MERKADO:1 LAGAY:1 PANAHON:1 RED:1 SPECIAL:1 BUKSAN:1 ANG:11 BANSA:2 AYON:2 KAY:2 FOR:8 NASA:2 PORSIYENTO:1 TAPOS:1 PALIPARAN:3 BILYON:1 HANDA:1 RIN:2 UMANO:3 MAG:2 MATAPOS:2 INAGURASYON:1 DITO:1 NAMAN:1 LAMANG:2 DETALYE:1 NITO:3 KONSTRUKSIYON:1 NGUNIT:2 DAHIL:1 NAGANAP:1 TAKE:1 OVER:1 SILA:1 KUNG:1 HINDI:1 NILA:1 ITO:3 HANGGANG:1 BAGO:1 KILALA:1 TAWAG:1 THE:30 WORLD:1 MAGIGING:1 BATAY:1 GAGAMIT:1 NATURAL:1 TERMINAL:1 LALAGYAN:1 KAPASIDAD:2 PASAHERO:1 MAHIGIT:1 DOBLE:1 BUWIS:1 LANGIS:1 WAG:1 PANSININ:1 KAGAMITAN:1 MAPAYAPA:1 MAAYOS:2 NAGING:1 PAYAPA:1 KABUUAN:1 AKTIBIDAD:1 GRUPO:1 OPOSISYON:1 DAPAT:1 SAGUTIN:1 PLEBISITO:1 HUWAG:1 MADALIIN:1 PARA:2 MAS:2 MALINAW:1 PROSESO:1 YOU:4 MUST:1 ADDRESS:2 DILIMAN:2 ILANG:1 KABATAAN:1 MAGING:1 RESPONSABLE:1 MATIBAY:1 PAARALAN:1 ALERT:1 DESISYON:1 KASO:1 DATING:1 BIKTIMA:1 ALL:3 YOUR:4 OUR:3 ARE:7 NAME:4 DAYS:5 TRAFFIC:2 LAST:5 THERE:1 NOT:2 WAS:1 END:2 TEST:1 PAGE:2 GAT:1 TAG:1 SHOW:1 VIDEO:1 VIEW:1 DAY:1 ALSO:1 SEARCH:1 CLOSE:2
https://saksingayon.com/pagbasura-ng-buwis-sa-langis-di-iaatras/	BUWIS:4 LANGIS:4 SAKSI:3 NGAYON:4 SEPTEMBER:19 NOON:2 POLICE:2 KONGRESO:2 BAKIT:3 WALA:2 NANG:4 MAKUHA:2 PROSEKUSYON:2 PATULOY:2 MINAHAN:2 MGA:15 GUWARDIYA:2 BUWANG:2 SAHOD:2 BALITA:5 METRO:1 PROBINSIYA:1 IBA:2 ISYU:2 NEW:8 YEAR:1 MANALO:1 MAY:10 AND:18 SARA:1 OPINYON:1 KALUSUGAN:1 KAGANDAHAN:1 KULTURA:1 TEKNOLOHIYA:1 PAGKAIN:2 KAINAN:1 PASYALAN:1 BAHAY:1 ESTILO:1 GALAW:1 MERKADO:1 LAGAY:1 PANAHON:1 RED:1 SPECIAL:1 PLANO:1 ANG:26 OPOSISYON:3 KAMARA:1 BATAS:2 PETROLYO:4 DAHIL:5 ITO:3 UMANO:3 DAHILAN:5 BANSA:1 NAGING:2 KAYA:2 GINAWA:1 PAHAYAG:1 KABILA:1 SUNOD:2 OIL:2 PRESYO:4 KRUDO:1 PAMILIHAN:1 KUNG:2 SAAN:1 ISA:1 BAWAS:1 KAILANGAN:2 RIN:3 NATIN:5 ATING:1 GUSTO:1 LANG:2 BAWIIN:1 TALAGA:2 MATAGAL:1 DITO:1 NGA:1 ANI:3 SIMULA:1 IPATUPAD:2 TRAIN:5 LALO:1 DATING:2 LIBRE:1 HINDI:2 LAMANG:1 KUNDI:1 SERBISYO:1 PUBLIKO:1 TULAD:1 SECOND:1 SUBALIT:1 PARA:3 WELCOME:1 SUSPENSYON:1 NOT:3 KASI:2 GAWIN:1 TANGGALIN:1 IBALIK:1 DON:1 BAGO:1 MULA:1 PAG:1 PORSIYENTO:1 TAON:1 MATIK:1 KANILA:1 THE:30 GANYAN:1 DAPAT:2 MAWALA:1 GALIT:1 KAGAMITAN:1 NGUNIT:1 MAPAYAPA:1 MAAYOS:2 PAYAPA:1 KABUUAN:1 AKTIBIDAD:1 GRUPO:1 SAGUTIN:1 PLEBISITO:1 HUWAG:1 MADALIIN:1 MAS:2 MALINAW:1 PROSESO:1 YOU:4 MUST:1 ADDRESS:2 DILIMAN:2 ILANG:1 KABATAAN:1 MAGING:1 RESPONSABLE:1 MATIBAY:1 PAARALAN:1 ALERT:1 DESISYON:1 KASO:1 BIKTIMA:1 ALL:3 YOUR:4 OUR:3 ARE:7 FOR:7 NAME:4 DAYS:5 TRAFFIC:2 LAST:5 THERE:1 WAS:1 END:2 TEST:1 PAGE:2 GAT:1 TAG:1 SHOW:1 VIDEO:1 VIEW:1 DAY:1 ALSO:1 SEARCH:1 CLOSE:2
https://saksingayon.com/my-destiny-is-different-ahtisa-manalo/	MANALO:5 SAKSI:3 NGAYON:4 SEPTEMBER:19 NOON:2 POLICE:2 KONGRESO:2 BAKIT:2 WALA:3 NANG:4 MAKUHA:2 PROSEKUSYON:2 PATULOY:2 MINAHAN:2 MGA:2 GUWARDIYA:2 BUWANG:2 SAHOD:2 BALITA:2 METRO:1 PROBINSIYA:1 IBA:2 ISYU:1 NEW:8 YEAR:1 MAY:11 AND:21 SARA:1 OPINYON:1 KALUSUGAN:1 KAGANDAHAN:1 KULTURA:1 TEKNOLOHIYA:1 PAGKAIN:1 KAINAN:1 PASYALAN:1 BAHAY:1 ESTILO:1 GALAW:1 MERKADO:1 LAGAY:1 PANAHON:1 RED:1 SPECIAL:2 BAGO:1 ANG:14 MARAMI:2 NANINIWALA:1 PERO:3 KANDIDATA:1 KAHIT:1 MAHUSAY:1 SAGOT:2 INTERVIEW:1 FIRST:1 LAMANG:1 GABI:2 LAST:6 KAYA:1 BIRO:1 KAY:2 KUNG:1 NIYA:1 BAKA:1 SIYA:1 BIG:1 HINDI:2 NATIN:1 ALAM:1 FOR:12 YOU:6 TALAGA:2 DAPAT:1 ALL:5 THE:38 SAID:1 ARE:8 BUT:1 NOT:3 RIN:3 DAGDAG:1 KUWENTO:1 TUNGKOL:2 THERE:3 LIKE:1 BEST:4 THINK:2 WAY:1 CAN:1 JUST:2 ABLE:3 NORMAL:1 PARA:2 SAMANTALA:1 AYON:1 PAPASOK:1 ATENEO:1 OIL:1 TIWALA:1 LANG:1 DATING:2 DIREK:1 DUMALO:1 KAMI:1 BREAK:2 INA:1 NAGING:1 MAILAP:1 SUMAGOT:1 LEON:1 BATANG:1 ITO:1 PAMBANSA:2 PROJECT:1 HANGGANG:1 MUST:1 ADDRESS:1 DILIMAN:1 ILANG:1 KABATAAN:1 MAGING:1 RESPONSABLE:1 MAS:1 MATIBAY:1 PAARALAN:1 ALERT:1 DESISYON:1 KASO:1 BIKTIMA:1 YOUR:4 OUR:3 NAME:4 DAYS:5 TRAFFIC:2 WAS:1 END:2 TEST:1 PAGE:2 GAT:1 TAG:1 SHOW:1 VIDEO:1 VIEW:1 DAY:1 ALSO:1 SEARCH:1 CLOSE:2
https://saksingayon.com/sa-rp-china-oil-exploration-agreement-tiwala-lang-recto/	OIL:4 TIWALA:2 LANG:2 SAKSI:3 NGAYON:4 SEPTEMBER:19 NOON:2 POLICE:2 KONGRESO:2 BAKIT:2 WALA:2 NANG:2 MAKUHA:2 PROSEKUSYON:2 PATULOY:2 MINAHAN:2 MGA:6 GUWARDIYA:2 BUWANG:2 SAHOD:2 BALITA:5 METRO:1 PROBINSIYA:1 IBA:2 ISYU:2 NEW:8 YEAR:1 MANALO:2 MAY:10 AND:17 SARA:1 OPINYON:1 KALUSUGAN:1 KAGANDAHAN:1 KULTURA:1 TEKNOLOHIYA:1 PAGKAIN:1 KAINAN:1 PASYALAN:1 BAHAY:1 ESTILO:1 GALAW:1 MERKADO:1 LAGAY:1 PANAHON:1 RED:1 SPECIAL:1 KUMPIYANSA:1 SENADOR:4 HINDI:1 ANG:5 AYON:2 DAPAT:2 LAHAT:1 KINA:1 CAR:1 DATING:2 ROSARIO:1 INTERES:1 BANSA:2 THE:39 GOOD:1 TWO:1 FOR:8 DAGDAG:1 WAS:2 OUR:4 RIGHT:1 NOT:3 ONE:1 WAY:1 FORWARD:1 SUNDALO:1 RANGGO:1 KAGAMITAN:1 NGUNIT:1 MAPAYAPA:1 MAAYOS:2 NAGING:1 PAYAPA:1 KABUUAN:1 AKTIBIDAD:1 GRUPO:1 OPOSISYON:1 SAGUTIN:1 PLEBISITO:1 HUWAG:1 MADALIIN:1 PARA:2 MAS:2 MALINAW:1 PROSESO:1 YOU:4 MUST:1 ADDRESS:2 DILIMAN:2 ILANG:1 KABATAAN:1 MAGING:1 RESPONSABLE:1 MATIBAY:1 PAARALAN:1 ALERT:1 DESISYON:1 KASO:1 BIKTIMA:1 ALL:3 YOUR:4 ARE:7 NAME:4 DAYS:5 TRAFFIC:2 LAST:5 THERE:1 END:2 TEST:1 PAGE:2 GAT:1 TAG:1 SHOW:1 VIDEO:1 VIEW:1 DAY:1 ALSO:1 SEARCH:1 CLOSE:2
https://saksingayon.com/23-sundalo-sumabak-sa-sulu-clash-itinaas-ng-ranggo/	SUNDALO:5 RANGGO:3 SAKSI:3 NGAYON:4 SEPTEMBER:19 NOON:2 POLICE:2 KONGRESO:2 BAKIT:2 WALA:2 NANG:2 MAKUHA:2 PROSEKUSYON:2 PATULOY:2 MINAHAN:2 MGA:10 GUWARDIYA:2 BUWANG:2 SAHOD:2 BALITA:5 METRO:1 PROBINSIYA:2 IBA:2 ISYU:2 NEW:8 YEAR:1 MANALO:1 MAY:12 AND:16 SARA:1 OPINYON:1 KALUSUGAN:1 KAGANDAHAN:1 KULTURA:1 TEKNOLOHIYA:1 PAGKAIN:1 KAINAN:1 PASYALAN:1 BAHAY:1 ESTILO:1 GALAW:1 MERKADO:1 LAGAY:1 PANAHON:1 RED:1 SPECIAL:1 PAGKILALA:2 ANG:7 NAGANAP:1 PAGITAN:1 MIYEMBRO:1 PAMAMAGITAN:1 RIN:3 ITO:1 ORDER:3 THE:30 KAMPILAN:3 BILANG:1 KATAPANGAN:1 SERBISYO:1 HOSPITAL:2 BUKOD:1 DITO:1 KUNG:1 SAAN:1 KARAMIHAN:1 KANILA:1 ILAN:1 TUMANGGAP:1 AWARD:1 SINA:1 BAR:1 FIRST:1 PAUL:1 IBINIBIGAY:1 INDIBIDWAL:1 ARI:1 DAHIL:1 LAHOK:1 AKSIYON:1 ADBOKASIYA:1 PANGULO:1 MILYON:1 PARA:3 KONSTRUKSIYON:1 LOOB:1 OIL:1 TIWALA:1 LANG:1 DAGDAG:1 PUWERSA:1 SUPORTADO:1 KAGAMITAN:1 NGUNIT:1 MAPAYAPA:1 MAAYOS:2 NAGING:1 PAYAPA:1 KABUUAN:1 AKTIBIDAD:1 GRUPO:1 OPOSISYON:1 DAPAT:1 SAGUTIN:1 PLEBISITO:1 HUWAG:1 MADALIIN:1 MAS:2 MALINAW:1 PROSESO:1 YOU:4 MUST:1 ADDRESS:2 DILIMAN:2 ILANG:1 KABATAAN:1 MAGING:1 RESPONSABLE:1 MATIBAY:1 PAARALAN:1 ALERT:1 DESISYON:1 KASO:1 DATING:1 BIKTIMA:1 ALL:3 YOUR:4 OUR:3 ARE:7 FOR:7 NAME:4 DAYS:5 TRAFFIC:2 LAST:5 THERE:1 NOT:2 WAS:1 END:2 TEST:1 PAGE:2 GAT:1 TAG:1 SHOW:1 VIDEO:1 VIEW:1 DAY:1 ALSO:1 SEARCH:1 CLOSE:2
https://saksingayon.com/dagdag-puwersa-sa-probinsiya-suportado-ni-lacson/	DAGDAG:4 PUWERSA:3 PROBINSIYA:3 SUPORTADO:2 SAKSI:3 NGAYON:4 SEPTEMBER:19 NOON:2 POLICE:2 KONGRESO:2 BAKIT:4 WALA:2 NANG:2 MAKUHA:2 PROSEKUSYON:2 PATULOY:2 MINAHAN:2 MGA:8 GUWARDIYA:2 BUWANG:2 SAHOD:2 BALITA:5 METRO:1 IBA:2 ISYU:2 NEW:8 YEAR:1 MANALO:1 MAY:15 AND:16 SARA:1 OPINYON:1 KALUSUGAN:1 KAGANDAHAN:1 KULTURA:1 TEKNOLOHIYA:1 PAGKAIN:1 KAINAN:1 PASYALAN:1 BAHAY:1 ESTILO:1 GALAW:1 MERKADO:1 LAGAY:1 PANAHON:1 RED:1 SPECIAL:1 MASAMA:1 SENADOR:3 DESISYON:2 AYON:1 KAY:1 KARAPATAN:1 ANG:10 PANGULO:1 BANSA:2 BILANG:1 THE:30 UPANG:1 KAGULUHAN:1 KAPAG:1 DAHILAN:1 PWEDE:2 MAG:2 RIN:1 PAHAYAG:1 INTERVIEW:1 NAMAN:3 KUNG:4 ORDER:1 KAILANGAN:2 HINDI:2 YUN:1 BAKA:1 MERON:1 LUGAR:1 PLANO:1 MAN:1 NGUNIT:2 PANGAMBA:1 PUBLIKO:1 DAHIL:1 SAKOP:1 LAMANG:1 NITO:1 KASO:2 REBELYON:1 SUNDALO:1 RANGGO:1 BAR:1 KAGAMITAN:1 MAPAYAPA:1 MAAYOS:2 NAGING:1 PAYAPA:1 KABUUAN:1 AKTIBIDAD:1 GRUPO:1 OPOSISYON:1 DAPAT:1 SAGUTIN:1 PLEBISITO:1 HUWAG:1 MADALIIN:1 PARA:2 MAS:2 MALINAW:1 PROSESO:1 YOU:4 MUST:1 ADDRESS:2 DILIMAN:2 ILANG:1 KABATAAN:1 MAGING:1 RESPONSABLE:1 MATIBAY:1 PAARALAN:1 ALERT:1 DATING:1 BIKTIMA:1 ALL:3 YOUR:4 OUR:3 ARE:7 FOR:7 NAME:4 DAYS:5 TRAFFIC:2 LAST:5 THERE:1 NOT:2 WAS:1 END:2 TEST:1 PAGE:2 GAT:1 TAG:1 SHOW:1 VIDEO:1 VIEW:1 DAY:1 ALSO:1 SEARCH:1 CLOSE:2
https://saksingayon.com/2018-bar-exams-generally-peaceful-mpd/	BAR:8 SAKSI:3 NGAYON:5 SEPTEMBER:19 NOON:2 POLICE:4 KONGRESO:2 BAKIT:2 WALA:2 NANG:2 MAKUHA:2 PROSEKUSYON:2 PATULOY:2 MINAHAN:2 MGA:13 GUWARDIYA:2 BUWANG:2 SAHOD:2 BALITA:5 METRO:5 PROBINSIYA:2 IBA:2 ISYU:1 NEW:8 YEAR:1 MANALO:1 MAY:10 AND:18 SARA:1 OPINYON:1 KALUSUGAN:1 KAGANDAHAN:1 KULTURA:1 TEKNOLOHIYA:1 PAGKAIN:1 KAINAN:1 PASYALAN:1 BAHAY:1 ESTILO:1 GALAW:1 MERKADO:1 LAGAY:1 PANAHON:1 RED:1 SPECIAL:1 MAPAYAPA:1 ANG:15 APAT:1 LINGGO:3 SAMPALOC:1 ITO:1 MANILA:1 SENIOR:1 KAHAPON:2 PAGSUSULIT:5 NATIN:1 UMAGA:1 ATING:1 FIRST:1 SECOND:1 THIRD:1 SUNDAY:1 NAGING:2 DIN:3 NAMAN:5 AYON:2 KAY:1 MAS:2 MAHIGPIT:2 SEGURIDAD:4 DAHIL:2 BILANG:2 TAONG:1 DOON:1 RIN:4 PULIS:2 PARA:3 MAGBIGAY:1 LUGAR:1 BARIKADA:1 BANGKETA:1 DAMI:1 TAGASUPORTA:1 MAHIGIT:1 TAUHAN:3 BOMB:1 UNIBERSIDAD:2 UPANG:1 ARAW:1 KUMUHA:3 TAON:2 NITO:1 DATING:4 HINDI:1 ALAS:1 HAPON:1 NAGKAROON:1 DALOY:2 TRAPIKO:2 MATAPOS:1 ISARA:1 BAHAGI:1 MULA:1 HANGGANG:2 MATAGUMPAY:1 GAYUNDIN:1 MAGING:2 JAIL:1 NASA:1 LABAS:1 SUPORTA:1 DAGDAG:1 PUWERSA:1 SUPORTADO:1 HUMINGA:1 MAMATAY:1 SELDA:1 DESISYON:3 KASO:2 ONE:1 BALIGTARIN:1 BIKTIMA:3 ISANG:1 YOU:4 MUST:1 ADDRESS:2 DILIMAN:2 ILANG:1 KABATAAN:1 RESPONSABLE:1 MATIBAY:1 PAARALAN:1 ALERT:1 ALL:3 YOUR:4 OUR:3 ARE:7 FOR:7 THE:29 NAME:4 DAYS:5 TRAFFIC:2 LAST:5 THERE:1 NOT:2 WAS:1 END:2 TEST:1 PAGE:2 GAT:1 TAG:1 SHOW:1 VIDEO:1 VIEW:1 DAY:1 ALSO:1 SEARCH:1 CLOSE:2
https://saksingayon.com/riding-in-tandem-lagot-na/	LAGOT:2 SAKSI:3 NGAYON:6 SEPTEMBER:19 NOON:2 POLICE:2 KONGRESO:3 BAKIT:2 WALA:2 NANG:2 MAKUHA:2 PROSEKUSYON:2 PATULOY:2 MINAHAN:2 MGA:26 GUWARDIYA:2 BUWANG:2 SAHOD:2 BALITA:5 METRO:1 PROBINSIYA:1 IBA:2 ISYU:2 NEW:8 YEAR:1 MANALO:1 MAY:11 AND:16 SARA:1 OPINYON:1 KALUSUGAN:1 KAGANDAHAN:1 KULTURA:1 TEKNOLOHIYA:1 PAGKAIN:1 KAINAN:1 PASYALAN:1 BAHAY:1 ESTILO:1 GALAW:1 MERKADO:1 LAGAY:1 PANAHON:1 RED:1 SPECIAL:1 ANG:24 ARAW:1 KRIMINAL:3 DAHIL:4 HINDI:6 MOTORSIKLO:6 ITO:5 PLAKA:6 SASAKYAN:3 ORAS:1 IKATLO:1 GUMAMIT:1 NILA:2 HALOS:1 MAKITA:1 KALIITAN:2 GINAWA:1 PANUKALA:2 KRIMEN:2 TULAD:1 PAGPATAY:1 KUNG:1 ANO:1 URI:1 KRIMINALIDAD:1 HANGGANG:4 USO:1 SUBALIT:1 HABULIN:1 NITO:1 ETO:1 UMANO:1 LOOB:1 KAYA:2 LAHAT:1 UPANG:1 KAPAG:2 MADALI:1 SILANG:1 NANINIWALA:1 MAMBABATAS:2 PARA:3 DUMAL:1 GAWAIN:1 BUHAY:1 ARI:1 MAMAMAYAN:1 LIKURAN:1 GUMAGAMIT:1 MALAKI:1 MULA:2 NAMAN:1 TAON:1 MULTA:1 DIN:1 AGAD:1 BATAS:1 BAWAT:1 KAGAMITAN:1 NGUNIT:1 MAPAYAPA:1 MAAYOS:2 NAGING:1 PAYAPA:1 KABUUAN:1 AKTIBIDAD:1 GRUPO:1 OPOSISYON:1 DAPAT:1 SAGUTIN:1 PLEBISITO:1 HUWAG:1 MADALIIN:1 MAS:2 MALINAW:1 PROSESO:1 YOU:4 MUST:1 ADDRESS:2 DILIMAN:2 ILANG:1 KABATAAN:1 MAGING:1 RESPONSABLE:1 MATIBAY:1 PAARALAN:1 ALERT:1 DESISYON:1 KASO:1 DATING:1 BIKTIMA:1 ALL:3 YOUR:4 OUR:3 ARE:7 FOR:7 THE:29 NAME:4 DAYS:5 TRAFFIC:2 LAST:5 THERE:1 NOT:2 WAS:1 END:2 TEST:1 PAGE:2 GAT:1 TAG:1 SHOW:1 VIDEO:1 VIEW:1 DAY:1 ALSO:1 SEARCH:1 CLOSE:2
https://saksingayon.com/nahirapang-huminga-hanggang-mamatay-sa-selda/	HUMINGA:4 HANGGANG:2 MAMATAY:2 SELDA:4 SAKSI:3 NGAYON:4 SEPTEMBER:19 NOON:2 POLICE:3 KONGRESO:2 BAKIT:2 WALA:3 NANG:2 MAKUHA:2 PROSEKUSYON:2 PATULOY:2 MINAHAN:2 MGA:2 GUWARDIYA:2 BUWANG:2 SAHOD:2 BALITA:5 METRO:5 PROBINSIYA:1 IBA:2 ISYU:1 NEW:8 YEAR:1 MANALO:1 MAY:11 AND:16 SARA:1 OPINYON:1 KALUSUGAN:1 KAGANDAHAN:1 KULTURA:1 TEKNOLOHIYA:1 PAGKAIN:1 KAINAN:1 PASYALAN:1 BAHAY:1 ESTILO:1 GALAW:1 MERKADO:1 LAGAY:1 PANAHON:1 RED:1 SPECIAL:1 NAMATAY:1 ANG:10 ISANG:2 BILANGGO:1 MATAPOS:1 MAHIRAPAN:1 LUMABAS:1 DUGO:3 KAHAPON:1 ARAW:2 MANILA:1 ANYOS:1 UNA:1 BIKTIMA:7 DAHIL:1 DROGA:1 ALAMAN:1 NITO:3 LUMALABAS:1 BIBIG:2 KAYA:1 AGAD:1 HUMINGI:1 TULONG:1 MABILIS:1 PAGAMUTAN:1 PERO:1 HINDI:1 ITO:1 NAMAN:1 BAKAS:1 MALIBAN:1 DINALA:1 BANGKAY:1 PARA:2 AWTOPSIYA:1 KUNG:1 ANO:1 SANHI:1 KAMATAYAN:1 BAR:1 BINATILYO:1 AGAW:1 BUHAY:1 DATING:3 DESISYON:3 KASO:2 ONE:1 BALIGTARIN:1 YOU:4 MUST:1 ADDRESS:2 DILIMAN:2 ILANG:1 KABATAAN:1 MAGING:1 RESPONSABLE:1 MAS:1 MATIBAY:1 PAARALAN:1 ALERT:1 ALL:3 YOUR:4 OUR:3 ARE:7 FOR:7 THE:29 NAME:4 DAYS:5 TRAFFIC:2 LAST:5 THERE:1 NOT:2 WAS:1 END:2 TEST:1 PAGE:2 GAT:1 TAG:1 SHOW:1 VIDEO:1 VIEW:1 DAY:1 ALSO:1 SEARCH:1 CLOSE:2
https://saksingayon.com/binatilyo-agaw-buhay-sa-pananaksak/	BINATILYO:3 AGAW:2 BUHAY:2 SAKSI:3 NGAYON:6 SEPTEMBER:19 NOON:2 POLICE:3 KONGRESO:2 BAKIT:2 WALA:2 NANG:4 MAKUHA:2 PROSEKUSYON:2 PATULOY:3 MINAHAN:2 MGA:6 GUWARDIYA:2 BUWANG:2 SAHOD:2 BALITA:5 METRO:5 PROBINSIYA:1 IBA:2 ISYU:1 NEW:8 YEAR:1 MANALO:1 MAY:11 AND:16 SARA:1 OPINYON:1 KALUSUGAN:1 KAGANDAHAN:1 KULTURA:1 TEKNOLOHIYA:1 PAGKAIN:1 KAINAN:1 PASYALAN:1 BAHAY:1 ESTILO:1 GALAW:1 MERKADO:1 LAGAY:1 PANAHON:1 RED:1 SPECIAL:1 CHE:1 KASALUKUYAN:2 KAY:1 KAMATAYAN:1 ANG:13 ISANG:3 ANYOS:2 MATAPOS:1 HABAS:1 SAKSAKIN:2 LANG:2 NILA:1 LUNGSOD:3 KAHAPON:1 ARAW:2 ULAT:1 GANAP:2 ALAS:1 PASADO:1 INSIDENTE:1 KAHABAAN:1 BARANGAY:2 UMANO:2 NAGLALAKAD:1 GRADE:1 ESTUDYANTE:1 RESIDENTE:1 KASAMA:3 BIGLA:1 LAMANG:2 LIKURAN:2 SUSPEK:4 ALYAS:1 SINTO:2 LUGAR:1 ANO:1 SIYA:4 BAHAGI:1 BAGAMAT:1 TAMA:1 MABILIS:1 TUMAKBO:1 BIKTIMA:5 RIN:3 KAKLASE:1 NGUNIT:1 NITO:1 HANGGANG:2 MANAWA:1 IKOT:1 SAKA:1 DOON:1 NIYA:1 NASA:1 KRITIKAL:1 RING:1 KALAGAYAN:1 AGAD:1 DIN:1 TUMAKAS:1 PATUNGO:1 HINDI:1 DIREKSIYON:1 PULISYA:1 NAMAN:1 ITO:1 HUMINGA:1 MAMATAY:1 SELDA:1 KAIBIGAN:1 TALAGA:1 DATING:3 DESISYON:3 KASO:2 ONE:1 BALIGTARIN:1 YOU:4 MUST:1 ADDRESS:2 DILIMAN:2 ILANG:1 KABATAAN:1 MAGING:1 RESPONSABLE:1 PARA:1 MAS:1 MATIBAY:1 PAARALAN:1 ALERT:1 ALL:3 YOUR:4 OUR:3 ARE:7 FOR:7 THE:29 NAME:4 DAYS:5 TRAFFIC:2 LAST:5 THERE:1 NOT:2 WAS:1 END:2 TEST:1 PAGE:2 GAT:1 TAG:1 SHOW:1 VIDEO:1 VIEW:1 DAY:1 ALSO:1 SEARCH:1 CLOSE:2
https://saksingayon.com/ateneo-dinurog-ang-feu/	ATENEO:8 ANG:22 SAKSI:3 NGAYON:4 SEPTEMBER:19 NOON:2 POLICE:2 KONGRESO:2 BAKIT:2 WALA:3 NANG:5 MAKUHA:2 PROSEKUSYON:2 PATULOY:2 MINAHAN:2 MGA:3 GUWARDIYA:2 BUWANG:2 SAHOD:2 BALITA:2 METRO:1 PROBINSIYA:1 IBA:2 ISYU:1 NEW:9 YEAR:1 MANALO:2 MAY:12 AND:16 SARA:1 OPINYON:1 KALUSUGAN:1 KAGANDAHAN:1 KULTURA:1 TEKNOLOHIYA:1 PAGKAIN:1 KAINAN:1 PASYALAN:1 BAHAY:1 ESTILO:1 GALAW:1 MERKADO:1 LAGAY:1 PANAHON:1 RED:1 SPECIAL:3 SEASON:4 KAHAPON:1 TOP:2 BLUE:4 AGAD:2 SUNOD:2 PUNTOS:3 UMPISA:1 LARO:1 KASAMA:1 DAHILAN:1 PARA:4 RING:1 MAG:1 OUT:2 COACH:1 FIRST:1 LEAD:1 MARAMI:1 PERO:2 THIRD:2 UMISKOR:2 PALAKIHIN:1 ABANTE:1 KARIBAL:1 INA:1 KORONA:1 LABAN:1 LAMANG:1 HANGGANG:1 MULA:1 DOON:1 HINDI:1 DAHIL:1 PANALO:1 LANG:2 PAGITAN:1 THE:34 ISANG:1 DIN:1 IKA:1 KAMPEONATO:1 KAPATID:1 DATING:2 SEVEN:2 TWO:1 BAGO:2 FOURTH:1 NAMAN:1 ANGELO:1 HABANG:2 SINA:1 DOUBLE:1 ISKOR:1 BLACK:1 HOME:1 FOR:8 RIGHT:1 SPEED:2 YOU:4 MUST:1 ADDRESS:1 DILIMAN:1 ILANG:1 KABATAAN:1 MAGING:1 RESPONSABLE:1 MAS:1 MATIBAY:1 PAARALAN:1 ALERT:1 DESISYON:1 KASO:1 BIKTIMA:1 ALL:3 YOUR:4 OUR:3 ARE:7 NAME:4 DAYS:5 TRAFFIC:2 LAST:5 THERE:1 NOT:2 WAS:1 END:2 TEST:1 PAGE:2 GAT:1 TAG:1 SHOW:1 VIDEO:1 VIEW:1 DAY:1 ALSO:1 SEARCH:1 CLOSE:2
https://saksingayon.com/phl-team-sa-semis-azkals-indons-0-0/	SAKSI:3 NGAYON:4 SEPTEMBER:19 NOON:2 POLICE:2 KONGRESO:2 BAKIT:2 WALA:2 NANG:3 MAKUHA:2 PROSEKUSYON:2 PATULOY:2 MINAHAN:2 MGA:3 GUWARDIYA:2 BUWANG:2 SAHOD:2 BALITA:2 METRO:1 PROBINSIYA:1 IBA:2 ISYU:1 NEW:9 YEAR:1 MANALO:1 MAY:12 AND:16 SARA:1 OPINYON:1 KALUSUGAN:1 KAGANDAHAN:1 KULTURA:1 TEKNOLOHIYA:1 PAGKAIN:1 KAINAN:1 PASYALAN:1 BAHAY:1 ESTILO:1 GALAW:1 MERKADO:1 LAGAY:1 PANAHON:1 RED:1 SPECIAL:3 ANG:13 KONTRA:1 LINGGO:1 GABI:1 DAHIL:1 LARO:2 NITO:2 SECOND:2 SPOT:1 EIGHT:1 BUNGA:2 TALSIK:1 HABANG:2 GRUPO:1 NAGING:1 KATUNAYAN:1 ULO:1 AGAD:1 DINALA:1 PAGAMUTAN:1 TSANSA:1 PERO:1 ITO:1 MAHUSAY:1 DUMATING:1 NAMAN:1 MAI:1 LAGOT:1 ATENEO:1 THE:33 HOME:1 FOR:8 RIGHT:1 SPEED:2 PARA:2 YOU:4 MUST:1 ADDRESS:1 DILIMAN:1 ILANG:1 KABATAAN:1 MAGING:1 RESPONSABLE:1 MAS:1 MATIBAY:1 PAARALAN:1 ALERT:1 DESISYON:1 KASO:1 DATING:1 BIKTIMA:1 ALL:3 YOUR:4 OUR:3 ARE:7 NAME:4 DAYS:5 TRAFFIC:2 LAST:5 THERE:1 NOT:2 WAS:1 END:2 TEST:1 PAGE:2 GAT:1 TAG:1 SHOW:1 VIDEO:1 VIEW:1 DAY:1 ALSO:1 SEARCH:1 CLOSE:2
https://saksingayon.com/kaibigan-ba-talaga-ang-china/	KAIBIGAN:3 TALAGA:3 ANG:22 SAKSI:3 NGAYON:5 SEPTEMBER:19 NOON:2 POLICE:2 KONGRESO:2 BAKIT:3 WALA:2 NANG:3 MAKUHA:2 PROSEKUSYON:2 PATULOY:3 MINAHAN:2 MGA:15 GUWARDIYA:2 BUWANG:2 SAHOD:2 BALITA:5 METRO:1 PROBINSIYA:1 IBA:2 ISYU:2 NEW:8 YEAR:1 MANALO:1 MAY:10 AND:16 SARA:1 OPINYON:1 KALUSUGAN:1 KAGANDAHAN:1 KULTURA:1 TEKNOLOHIYA:1 PAGKAIN:1 KAINAN:1 PASYALAN:1 BAHAY:1 ESTILO:1 GALAW:1 MERKADO:1 LAGAY:1 PANAHON:1 RED:2 SPECIAL:1 TURING:1 ITO:6 LIST:1 HABANG:2 BILANG:1 TAO:1 NILA:1 TAYONG:1 DAYUHAN:1 SARILI:1 BAYAN:1 NATIN:1 SILA:1 NAMAN:2 PINALALAYAS:1 TAYO:1 ATING:4 TERITORYO:2 GANYAN:1 PAGKAKAIBIGAN:1 GIIT:1 ANI:1 RIN:2 GINAWA:1 ILANG:2 ARAW:1 PAGKATAPOS:1 STATE:1 MAMBABATAS:3 MANGINGISDA:1 KASAMA:1 MAG:1 DOKUMENTARYO:1 PANATAG:1 DAHIL:3 PAALAM:1 NASA:1 LOOB:2 UMANO:4 WATER:1 KUNG:1 SAAN:1 MADALAS:1 MANGISDA:1 SUBALIT:1 OUR:5 DOON:1 THE:30 AYON:2 KAY:1 TAON:1 MAAYOS:3 NGUNIT:2 KABABAYAN:2 KAHIT:2 MILITARY:1 HINDI:3 MALAMBOT:1 NITO:1 DAPAT:2 KAHALAGAHAN:1 SEGURIDAD:1 BANSA:1 DAGDAG:1 BINATILYO:1 AGAW:1 BUHAY:1 KASAL:1 DARATING:1 KAYA:1 ATE:1 KAGAMITAN:1 MAPAYAPA:1 NAGING:1 PAYAPA:1 KABUUAN:1 AKTIBIDAD:1 GRUPO:1 OPOSISYON:1 SAGUTIN:1 PLEBISITO:1 HUWAG:1 MADALIIN:1 PARA:2 MAS:2 MALINAW:1 PROSESO:1 YOU:4 MUST:1 ADDRESS:2 DILIMAN:2 KABATAAN:1 MAGING:1 RESPONSABLE:1 MATIBAY:1 PAARALAN:1 ALERT:1 DESISYON:1 KASO:1 DATING:1 BIKTIMA:1 ALL:3 YOUR:4 ARE:7 FOR:7 NAME:4 DAYS:5 TRAFFIC:2 LAST:5 THERE:1 NOT:2 WAS:1 END:2 TEST:1 PAGE:2 GAT:1 TAG:1 SHOW:1 VIDEO:1 VIEW:1 DAY:1 ALSO:1 SEARCH:1 CLOSE:2
https://saksingayon.com/andrea-torres-may-pasabog-na-2019-calendar/	MAY:18 PASABOG:3 SAKSI:3 NGAYON:6 SEPTEMBER:19 NOON:2 POLICE:2 KONGRESO:2 BAKIT:2 WALA:4 NANG:5 MAKUHA:2 PROSEKUSYON:2 PATULOY:3 MINAHAN:2 MGA:8 GUWARDIYA:2 BUWANG:2 SAHOD:2 BALITA:2 METRO:1 PROBINSIYA:1 IBA:3 ISYU:1 NEW:8 YEAR:1 MANALO:1 AND:16 SARA:1 OPINYON:1 KALUSUGAN:1 KAGANDAHAN:1 KULTURA:1 TEKNOLOHIYA:1 PAGKAIN:1 KAINAN:1 PASYALAN:1 BAHAY:1 ESTILO:1 GALAW:1 MERKADO:1 LAGAY:1 PANAHON:1 RED:1 SPECIAL:1 ISANG:1 PARA:5 ANG:6 PROYEKTO:1 PUWEDE:2 MAG:2 ORDER:2 ITO:4 PERO:4 HINDI:8 PALA:1 PARANG:4 PAREHO:1 LANG:2 DATI:1 MERON:1 BANG:1 KALENDARYO:3 MAGTANGGOL:1 BAKA:1 AKO:1 PANSININ:2 DAPAT:1 TWO:1 SABI:1 KAYA:2 SIYA:4 FOR:8 KASI:1 MAGKAKAROON:1 MAS:2 BASTA:1 BIBILI:1 KUWENTO:1 TUNGKOL:2 NIYA:1 TAPOS:2 STAND:1 POSTER:2 ANO:1 ILAGAY:2 TABLE:3 MAHIRAP:1 KUWARTO:1 VERSION:2 LAKI:1 OPO:1 DIN:1 ESPESYAL:1 TIYAK:1 GABI:1 KALALAKIHAN:1 KASAL:1 DARATING:1 ATE:1 EDAD:1 NANAY:1 DATING:2 DIREK:1 DUMALO:1 KAMI:1 BREAK:2 RIN:1 INA:1 NAGING:1 MAILAP:1 SUMAGOT:1 LEON:1 BATANG:1 PAMBANSA:2 PROJECT:1 HANGGANG:1 YOU:4 MUST:1 ADDRESS:1 DILIMAN:1 ILANG:1 KABATAAN:1 MAGING:1 RESPONSABLE:1 MATIBAY:1 PAARALAN:1 ALERT:1 DESISYON:1 KASO:1 BIKTIMA:1 ALL:3 YOUR:4 OUR:3 ARE:7 THE:29 NAME:4 DAYS:5 TRAFFIC:2 LAST:5 THERE:1 NOT:2 WAS:1 END:2 TEST:1 PAGE:2 GAT:1 TAG:1 SHOW:1 VIDEO:1 VIEW:1 DAY:1 ALSO:1 SEARCH:1 CLOSE:2
https://saksingayon.com/sa-kasal-ni-lotlot-darating-kaya-si-ate-guy/	KASAL:4 DARATING:4 KAYA:2 ATE:3 SAKSI:3 NGAYON:4 SEPTEMBER:19 NOON:2 POLICE:2 KONGRESO:2 BAKIT:2 WALA:3 NANG:6 MAKUHA:2 PROSEKUSYON:2 PATULOY:2 MINAHAN:2 MGA:4 GUWARDIYA:2 BUWANG:2 SAHOD:2 BALITA:2 METRO:1 PROBINSIYA:1 IBA:2 ISYU:1 NEW:8 YEAR:1 MANALO:1 MAY:12 AND:17 SARA:1 OPINYON:1 KALUSUGAN:1 KAGANDAHAN:1 KULTURA:1 TEKNOLOHIYA:1 PAGKAIN:1 KAINAN:1 PASYALAN:1 BAHAY:1 ESTILO:1 GALAW:1 MERKADO:1 LAGAY:1 PANAHON:1 RED:1 SPECIAL:1 RING:1 FOR:8 LEON:3 MAGIGING:1 GANAP:1 THE:30 SAN:1 AWAY:1 MANILA:1 ANG:12 ESPESYAL:1 ARAW:1 ITO:2 BUHAY:1 AKTRES:1 KAY:1 ANAK:3 WAS:2 SINA:2 APAT:1 ONE:1 ARE:8 NOT:3 MUCH:1 TANGGAP:1 INA:2 SAMANTALA:1 AMINADO:1 SIYA:1 PARA:2 MULA:1 RAW:1 HANGGANG:2 NIYA:1 TILA:1 HINDI:2 TIYAK:1 KUNG:1 INANG:1 NORA:1 CAN:1 PIN:1 KUMPIRMADO:1 AMANG:1 KANYA:1 ALTAR:1 HABANG:1 DIN:1 KAPATID:1 KAIBIGAN:1 TALAGA:1 PASABOG:1 DATING:2 DIREK:1 DUMALO:1 KAMI:1 BREAK:2 RIN:1 NAGING:1 MAILAP:1 SUMAGOT:1 BATANG:1 TUNGKOL:1 PAMBANSA:2 PROJECT:1 YOU:4 MUST:1 ADDRESS:1 DILIMAN:1 ILANG:1 KABATAAN:1 MAGING:1 RESPONSABLE:1 MAS:1 MATIBAY:1 PAARALAN:1 ALERT:1 DESISYON:1 KASO:1 BIKTIMA:1 ALL:3 YOUR:4 OUR:3 NAME:4 DAYS:5 TRAFFIC:2 LAST:5 THERE:1 END:2 TEST:1 PAGE:2 GAT:1 TAG:1 SHOW:1 VIDEO:1 VIEW:1 DAY:1 ALSO:1 SEARCH:1 CLOSE:2
https://saksingayon.com/rita-daniela-binasted-ang-married-suitor-na-kasing-edad-ng-nanay-nya/	ANG:10 EDAD:3 NANAY:3 SAKSI:3 NGAYON:5 SEPTEMBER:19 NOON:2 POLICE:2 KONGRESO:2 BAKIT:4 WALA:7 NANG:5 MAKUHA:2 PROSEKUSYON:2 PATULOY:2 MINAHAN:2 MGA:6 GUWARDIYA:2 BUWANG:2 SAHOD:2 BALITA:2 METRO:1 PROBINSIYA:1 IBA:3 ISYU:1 NEW:8 YEAR:1 MANALO:1 MAY:17 AND:16 SARA:1 OPINYON:1 KALUSUGAN:1 KAGANDAHAN:1 KULTURA:1 TEKNOLOHIYA:1 PAGKAIN:1 KAINAN:1 PASYALAN:1 BAHAY:1 ESTILO:1 GALAW:1 MERKADO:1 LAGAY:1 PANAHON:1 RED:1 SPECIAL:3 DAHIL:2 HUSAY:1 NIYA:4 BILANG:4 TATAY:2 ASAWA:2 KARIBAL:1 STAR:1 ISA:1 RIN:2 HALILI:1 NAMAN:7 HINDI:8 MAHUSAY:1 AKTRES:1 MAGANDA:1 SIYA:9 TANGGAP:1 KONTRABIDA:1 DITO:1 MARS:1 BLUE:2 BULALAS:1 SHOW:2 MATINGKAD:1 KARAKTER:1 KEN:2 YUN:4 NGA:2 TALAGA:4 ANO:4 KAMI:4 DIREK:2 KASI:5 PARANG:3 THE:31 FIRST:1 LANG:2 SABI:1 DAW:2 NILA:1 SAGUTAN:1 DIN:4 KAHIT:1 SILA:2 KAYA:1 MAS:2 SIGURO:1 AKO:2 MERON:2 DALAWA:1 GUMAWA:1 TSAKA:1 TAPOS:1 TARAY:1 NITO:2 TEH:1 MAHILIG:1 MAYAMAN:3 TUNAY:1 BUHAY:1 MAGSABI:1 PUWEDE:2 OPO:1 PAANO:1 LIKE:1 BUT:1 YOU:5 KNOW:1 MAGING:3 PAMILYA:1 ISANG:1 LALAKI:2 PULITIKO:1 WAG:1 SENADOR:1 ITO:2 NAGING:3 REAKSIYON:1 SIYEMPRE:1 KANYA:2 BIRO:1 NAMIN:1 KAY:1 SANA:1 MUNA:3 KOTSE:1 BAGO:1 HANGGANG:2 PERO:1 NAGMULA:1 HULI:1 PASABOG:1 ALBAYALDE:1 PAGITAN:1 DATING:2 DUMALO:1 BREAK:2 INA:1 MAILAP:1 SUMAGOT:1 LEON:1 BATANG:1 TUNGKOL:1 PAMBANSA:2 PROJECT:1 MUST:1 ADDRESS:1 DILIMAN:1 ILANG:1 KABATAAN:1 RESPONSABLE:1 PARA:1 MATIBAY:1 PAARALAN:1 ALERT:1 DESISYON:1 KASO:1 BIKTIMA:1 ALL:3 YOUR:4 OUR:3 ARE:7 FOR:7 NAME:4 DAYS:5 TRAFFIC:2 LAST:5 THERE:1 NOT:2 WAS:1 END:2 TEST:1 PAGE:2 GAT:1 TAG:1 VIDEO:1 VIEW:1 DAY:1 ALSO:1 SEARCH:1 CLOSE:2
https://saksingayon.com/coco-martin-at-gen-albayalde-nagharap-na-mou-sa-pagitan-ng-abs-cbn-pnp-at-mtrcb-nilagdaan/	ALBAYALDE:5 PAGITAN:3 SAKSI:4 NGAYON:4 SEPTEMBER:19 NOON:2 POLICE:2 KONGRESO:2 BAKIT:2 WALA:3 NANG:4 MAKUHA:2 PROSEKUSYON:2 PATULOY:2 MINAHAN:2 MGA:4 GUWARDIYA:2 BUWANG:2 SAHOD:2 BALITA:2 METRO:1 PROBINSIYA:1 IBA:2 ISYU:1 NEW:8 YEAR:1 MANALO:1 MAY:11 AND:16 SARA:1 OPINYON:1 KALUSUGAN:1 KAGANDAHAN:1 KULTURA:1 TEKNOLOHIYA:1 PAGKAIN:1 KAINAN:1 PASYALAN:1 BAHAY:1 ESTILO:1 GALAW:1 MERKADO:1 LAGAY:1 PANAHON:1 RED:1 SPECIAL:1 AYON:1 KOLUMNISTA:1 BOMBA:1 LUNES:2 ANG:10 NINA:2 NAGANAP:2 NGA:1 HINDI:3 LANG:1 NAGKAROON:1 KASAMA:2 RIN:2 NAGING:2 BIDA:1 PROBINSIYANO:1 DAHIL:1 OPISYAL:1 KAPULISAN:1 PROGRAMA:2 EDAD:1 NANAY:1 PATAKARAN:1 TANGGAP:1 PAMUNUAN:1 DATING:2 DIREK:1 DUMALO:1 KAMI:1 BREAK:2 INA:1 MAILAP:1 SUMAGOT:1 LEON:1 BATANG:1 ITO:1 TUNGKOL:1 PAMBANSA:2 PROJECT:1 HANGGANG:1 YOU:4 MUST:1 ADDRESS:1 DILIMAN:1 ILANG:1 KABATAAN:1 MAGING:1 RESPONSABLE:1 PARA:1 MAS:1 MATIBAY:1 PAARALAN:1 ALERT:1 DESISYON:1 KASO:1 BIKTIMA:1 ALL:3 YOUR:4 OUR:3 ARE:7 FOR:7 THE:29 NAME:4 DAYS:5 TRAFFIC:2 LAST:5 THERE:1 NOT:2 WAS:1 END:2 TEST:1 PAGE:2 GAT:1 TAG:1 SHOW:1 VIDEO:1 VIEW:1 DAY:1 ALSO:1 SEARCH:1 CLOSE:2
https://saksingayon.com/ph-rep-sa-manhunt-international-off-to-australia/	SAKSI:3 NGAYON:4 SEPTEMBER:19 NOON:2 POLICE:2 KONGRESO:2 BAKIT:3 WALA:3 NANG:4 MAKUHA:2 PROSEKUSYON:2 PATULOY:2 MINAHAN:2 MGA:9 GUWARDIYA:2 BUWANG:2 SAHOD:2 BALITA:2 METRO:1 PROBINSIYA:1 IBA:2 ISYU:2 NEW:8 YEAR:1 MANALO:2 MAY:12 AND:23 SARA:1 OPINYON:1 KALUSUGAN:1 KAGANDAHAN:1 KULTURA:1 TEKNOLOHIYA:1 PAGKAIN:1 KAINAN:1 PASYALAN:1 BAHAY:1 ESTILO:1 GALAW:1 MERKADO:1 LAGAY:1 PANAHON:1 RED:1 SPECIAL:1 PANGYAYARI:1 BUHAY:1 LANG:1 NIYA:3 MULA:1 LAS:1 PERO:2 GABI:1 LILIPAD:1 SIYA:6 PARA:2 MAGING:2 MODELO:1 DITO:1 SANAY:1 KAYA:2 HINDI:3 RAW:1 KABA:1 FIRST:2 LIKE:4 WAS:4 FOR:9 THE:39 END:3 GET:1 PAHAYAG:1 CONTEST:1 KINDA:3 SEE:4 CAN:3 OUT:3 YOU:8 KNOW:6 ARTISTA:1 STUFF:1 GONNA:1 NOW:1 COME:1 BEEN:3 DAHIL:2 MAINIT:1 SEXUAL:2 KUNG:1 ALAM:2 WORLD:1 BUT:1 ANG:4 KAPWA:1 ALAGA:1 ILAN:1 SINA:2 NASA:1 MABUTI:1 PANGANGALAGA:1 PART:1 WHY:1 GOOD:1 PAPASUKIN:1 RIN:2 PAG:1 PATAKARAN:1 TANGGAP:1 PAMUNUAN:1 KAPUSO:1 DATING:2 DIREK:1 DUMALO:1 KAMI:1 BREAK:2 INA:1 NAGING:1 MAILAP:1 SUMAGOT:1 LEON:1 BATANG:1 ITO:1 TUNGKOL:1 PAMBANSA:2 PROJECT:1 HANGGANG:1 MUST:1 ADDRESS:1 DILIMAN:1 ILANG:1 KABATAAN:1 RESPONSABLE:1 MAS:1 MATIBAY:1 PAARALAN:1 ALERT:1 DESISYON:1 KASO:1 BIKTIMA:1 ALL:3 YOUR:4 OUR:3 ARE:7 NAME:4 DAYS:5 TRAFFIC:2 LAST:5 THERE:1 NOT:2 TEST:1 PAGE:2 GAT:1 TAG:1 SHOW:1 VIDEO:1 VIEW:1 DAY:1 ALSO:1 SEARCH:1 CLOSE:2
https://saksingayon.com/paolo-contis-loyal-kapuso-because-theyre-loyal-to-me/	KAPUSO:5 SAKSI:3 NGAYON:9 SEPTEMBER:19 NOON:3 POLICE:2 KONGRESO:2 BAKIT:4 WALA:7 NANG:4 MAKUHA:2 PROSEKUSYON:2 PATULOY:2 MINAHAN:2 MGA:12 GUWARDIYA:2 BUWANG:2 SAHOD:2 BALITA:2 METRO:1 PROBINSIYA:1 IBA:4 ISYU:1 NEW:8 YEAR:1 MANALO:1 MAY:16 AND:24 SARA:1 OPINYON:1 KALUSUGAN:1 KAGANDAHAN:1 KULTURA:1 TEKNOLOHIYA:1 PAGKAIN:1 KAINAN:1 PASYALAN:1 BAHAY:1 ESTILO:1 GALAW:1 MERKADO:1 LAGAY:1 PANAHON:3 RED:1 SPECIAL:1 TAON:2 KAYA:2 NAMIN:6 SIYA:13 KUNG:2 LALO:4 USO:1 ANG:27 LIPATAN:1 MABILIS:1 SAGOT:1 HINDI:10 NAMAN:13 LINGID:1 KAALAMAN:1 TAO:3 AKO:10 WAS:5 THE:32 DIYAN:1 NANGYARI:1 PARTE:1 BUHAY:2 BUT:1 GIVE:1 ILANG:5 PERO:11 RAW:1 MASAYA:3 NIYA:16 KAILAN:1 KASAL:1 NILA:3 ONE:1 DAY:5 SOON:2 ANO:7 BASTA:1 PAG:5 PUWEDE:1 MUNA:2 YUN:10 BUNTIS:2 UNA:1 ANAK:1 MAGIGING:1 TATAY:1 LOOB:1 BUWAN:1 MAG:2 RIN:3 KONTI:1 ISANG:1 ARAW:1 LANG:7 USAPAN:1 SIYEMPRE:1 NINONG:1 AUTOMATIC:1 KASI:5 GUSTO:1 MAGING:5 BUO:1 PAMILYA:1 NGA:6 SITWASYON:1 AKIN:9 SAMANTALA:1 MAS:9 GINAWA:2 PANGARAP:2 HOLDAP:4 BAGO:1 PAANO:1 TANGGAPIN:1 PELIKULA:6 ALAM:7 DITO:1 MAGANDA:5 GAWIN:2 TAPOS:3 BINASA:2 DIN:2 AKTRES:1 OVER:1 PALABAS:2 TAGAL:1 NGANG:1 ETO:3 SAAN:1 EMOSYON:1 MAHIRAP:1 DALAWA:2 KAMI:3 KATULONG:1 APAT:1 GOOD:1 PART:1 REAL:1 PARA:7 KOMEDYANTE:1 SILA:2 TAKE:1 GINAGAWA:3 EKSENA:1 KAY:2 LAHAT:1 NAGANAP:2 DIREK:2 THERE:2 PATAS:1 IKA:1 BAWAT:1 ISA:1 DAHIL:2 TWIST:1 NAGING:2 MABUTI:1 GUMAWA:1 DIREKTOR:1 FIRST:2 TALAMPAS:1 LONG:1 SABI:2 KUWENTO:1 DIRETSO:1 MATALINO:2 GETS:2 PLUS:1 PEPE:2 BESES:2 SINA:1 BATA:1 KILALA:1 DRAMA:1 SUWERTE:3 LIKE:1 GANG:1 NASA:1 SIGURO:2 TONG:1 PAPEL:1 BILANG:1 SINEHAN:1 IWAN:2 YOU:5 CAN:1 MAHAL:3 BAKA:1 OIL:1 NABASA:1 PALASYO:1 DATING:2 DUMALO:1 BREAK:2 INA:1 MAILAP:1 SUMAGOT:1 LEON:1 BATANG:1 ITO:1 TUNGKOL:1 PAMBANSA:2 PROJECT:1 HANGGANG:1 MUST:1 ADDRESS:1 DILIMAN:1 KABATAAN:1 RESPONSABLE:1 MATIBAY:1 PAARALAN:1 ALERT:1 DESISYON:1 KASO:1 BIKTIMA:1 ALL:3 YOUR:4 OUR:3 ARE:7 FOR:7 NAME:4 DAYS:5 TRAFFIC:2 LAST:5 NOT:2 END:2 TEST:1 PAGE:2 GAT:1 TAG:1 SHOW:1 VIDEO:1 VIEW:1 ALSO:1 SEARCH:1 CLOSE:2
https://saksingayon.com/boc-chief-pinapurihan-sa-bagong-kautusan-sa-alerted-shipments/	PATAKARAN:3 TANGGAP:3 PAMUNUAN:3 SAKSI:3 NGAYON:4 SEPTEMBER:19 NOON:2 POLICE:2 KONGRESO:2 BAKIT:2 WALA:2 NANG:2 MAKUHA:2 PROSEKUSYON:2 PATULOY:2 MINAHAN:2 MGA:6 GUWARDIYA:2 BUWANG:2 SAHOD:2 BALITA:5 METRO:1 PROBINSIYA:4 IBA:2 ISYU:1 NEW:8 YEAR:1 MANALO:1 MAY:9 AND:16 SARA:1 OPINYON:1 KALUSUGAN:1 KAGANDAHAN:1 KULTURA:1 TEKNOLOHIYA:1 PAGKAIN:1 KAINAN:1 PASYALAN:1 BAHAY:1 ESTILO:1 GALAW:1 MERKADO:1 LAGAY:1 PANAHON:1 RED:1 SPECIAL:1 ANG:10 KAUTUSAN:1 HINGGIL:1 PARA:3 AHENSIYA:1 BATAY:1 ORDER:3 HINDI:2 MAKIALAM:1 THE:31 PAG:1 INSPEKSYON:1 KARGAMENTO:3 BILANG:1 RIN:1 DOKUMENTO:1 MAG:1 MAAYOS:1 BASE:1 ALITUNTUNIN:1 PAMANTAYAN:1 ALINSUNOD:1 ANUMAN:1 MAGING:2 RESULTA:1 EKSAMINASYON:2 ALERT:3 KASAMA:1 NITO:1 NABUBULOK:2 REKOMENDASYON:1 LOOB:1 ISA:1 ARAW:2 KUNG:1 MULA:1 MATAPOS:1 ALBAYALDE:1 PAGITAN:1 MAYOR:3 LABAN:1 KAY:1 ALI:1 PARK:1 SAN:3 SINA:1 PANDAY:2 BAYANIHAN:2 BUO:1 SUPORTA:2 KANAN:1 TODO:1 YOU:4 MUST:1 ADDRESS:2 DILIMAN:2 ILANG:1 KABATAAN:1 RESPONSABLE:1 MAS:1 MATIBAY:1 PAARALAN:1 DESISYON:1 KASO:1 DATING:1 BIKTIMA:1 ALL:3 YOUR:4 OUR:3 ARE:7 FOR:7 NAME:4 DAYS:5 TRAFFIC:2 LAST:5 THERE:1 NOT:2 WAS:1 END:2 TEST:1 PAGE:2 GAT:1 TAG:1 SHOW:1 VIDEO:1 VIEW:1 DAY:1 ALSO:1 SEARCH:1 CLOSE:2
https://saksingayon.com/ex-kapitan-niyari-ng-riding-tandem-agaw-buhay/	KAPITAN:2 AGAW:3 BUHAY:3 SAKSI:3 NGAYON:5 SEPTEMBER:19 NOON:2 POLICE:2 KONGRESO:2 BAKIT:3 WALA:2 NANG:3 MAKUHA:2 PROSEKUSYON:2 PATULOY:2 MINAHAN:2 MGA:2 GUWARDIYA:2 BUWANG:2 SAHOD:2 BALITA:5 METRO:5 PROBINSIYA:1 IBA:2 ISYU:1 NEW:8 YEAR:1 MANALO:1 MAY:9 AND:16 SARA:1 OPINYON:1 KALUSUGAN:1 KAGANDAHAN:1 KULTURA:1 TEKNOLOHIYA:1 PAGKAIN:1 KAINAN:1 PASYALAN:1 BAHAY:3 ESTILO:1 GALAW:1 MERKADO:1 LAGAY:1 PANAHON:1 RED:1 SPECIAL:1 PAGAMUTAN:1 ANG:7 ISANG:3 DATING:4 BARANGAY:1 BARILIN:1 MOTORSIKLO:2 SUSPEK:1 HARAP:1 LINGGO:1 UMAGA:1 BIKTIMA:5 TAMA:1 BALA:1 BATOK:1 ANYO:1 LUNGSOD:1 AYON:1 LABAS:1 PAWANG:1 HELMET:1 MABILIS:1 TUMAKAS:1 MATAPOS:1 PAMAMARIL:2 PAMILYA:1 KUNG:1 MAYBAHAY:1 LUGAR:1 OIL:1 NABASA:1 PALASYO:1 PATAY:1 DESISYON:3 KASO:2 ONE:1 BALIGTARIN:1 YOU:4 MUST:1 ADDRESS:2 DILIMAN:2 ILANG:1 KABATAAN:1 MAGING:1 RESPONSABLE:1 PARA:1 MAS:1 MATIBAY:1 PAARALAN:1 ALERT:1 ALL:3 YOUR:4 OUR:3 ARE:7 FOR:7 THE:29 NAME:4 DAYS:5 TRAFFIC:2 LAST:5 THERE:1 NOT:2 WAS:1 END:2 TEST:1 PAGE:2 GAT:1 TAG:1 SHOW:1 VIDEO:1 VIEW:1 DAY:1 ALSO:1 SEARCH:1 CLOSE:2
https://saksingayon.com/2-patay-sa-pamamaril/	PATAY:3 PAMAMARIL:5 SAKSI:4 NGAYON:4 SEPTEMBER:19 NOON:2 POLICE:3 KONGRESO:2 BAKIT:2 WALA:2 NANG:3 MAKUHA:2 PROSEKUSYON:2 PATULOY:2 MINAHAN:2 MGA:5 GUWARDIYA:2 BUWANG:2 SAHOD:2 BALITA:5 METRO:5 PROBINSIYA:1 IBA:2 ISYU:1 NEW:8 YEAR:1 MANALO:1 MAY:10 AND:16 SARA:1 OPINYON:1 KALUSUGAN:1 KAGANDAHAN:1 KULTURA:1 TEKNOLOHIYA:1 PAGKAIN:1 KAINAN:1 PASYALAN:1 BAHAY:2 ESTILO:1 GALAW:1 MERKADO:1 LAGAY:1 PANAHON:1 RED:1 SPECIAL:1 ANG:13 DALAWA:1 KATAO:1 INSIDENTE:2 LINGGO:1 GABI:1 ISANG:4 AGAD:1 BINAWIAN:1 BUHAY:2 LAMANG:1 KAPATID:1 MULAWIN:1 AYON:1 RESIDENTE:1 LUGAR:2 SILA:1 HINDI:5 BABABA:1 PUTOK:1 BARIL:1 NGUNIT:2 NILA:1 KUNG:2 SINO:1 ILAN:1 SUSPEK:2 AWTORIDAD:1 MOTIBO:1 KRIMEN:1 ALAMAN:1 DATING:4 BIKTIMA:5 DAHIL:1 ILEGAL:1 DROGA:1 SAMANTALA:1 BABAE:1 NAMAN:1 HANGGANG:1 MAPATAY:1 ILANG:2 HARAP:1 TINDAHAN:1 DAYO:1 LANG:1 PAG:1 RIN:1 KONEKSIYON:1 KAPITAN:1 AGAW:1 BINATA:1 BALA:1 DESISYON:3 KASO:2 ONE:1 BALIGTARIN:1 YOU:4 MUST:1 ADDRESS:2 DILIMAN:2 KABATAAN:1 MAGING:1 RESPONSABLE:1 PARA:1 MAS:1 MATIBAY:1 PAARALAN:1 ALERT:1 ALL:3 YOUR:4 OUR:3 ARE:7 FOR:7 THE:29 NAME:4 DAYS:5 TRAFFIC:2 LAST:5 THERE:1 NOT:2 WAS:1 END:2 TEST:1 PAGE:2 GAT:1 TAG:1 SHOW:1 VIDEO:1 VIEW:1 DAY:1 ALSO:1 SEARCH:1 CLOSE:2
https://saksingayon.com/2-binata-pinaulanan-ng-bala-sinaksak-pa/	BINATA:4 BALA:3 SAKSI:3 NGAYON:6 SEPTEMBER:19 NOON:2 POLICE:3 KONGRESO:2 BAKIT:2 WALA:2 NANG:4 MAKUHA:2 PROSEKUSYON:2 PATULOY:3 MINAHAN:2 MGA:10 GUWARDIYA:2 BUWANG:2 SAHOD:2 BALITA:5 METRO:5 PROBINSIYA:1 IBA:2 ISYU:1 NEW:8 YEAR:1 MANALO:1 MAY:10 AND:16 SARA:1 OPINYON:1 KALUSUGAN:1 KAGANDAHAN:1 KULTURA:1 TEKNOLOHIYA:1 PAGKAIN:1 KAINAN:1 PASYALAN:1 BAHAY:1 ESTILO:1 GALAW:1 MERKADO:1 LAGAY:1 PANAHON:1 RED:1 SPECIAL:1 CHE:1 NASA:3 KRITIKAL:2 KALAGAYAN:2 ANG:13 ISANG:3 BINATILYO:1 GRUPO:2 KALALAKIHAN:1 SAKSAKIN:1 ISA:2 ITO:2 TAPAT:2 HOTEL:4 LUNGSOD:4 KAHAPON:1 ARAW:2 ULAT:1 GANAP:1 ALAS:1 PASADO:1 MAGANAP:1 INSIDENTE:1 MISMO:1 BARANGAY:3 LABAS:1 ANYOS:2 DAMPALIT:1 MALABON:1 KASAMA:3 DUHAT:1 BIGLA:1 LAMANG:1 BATO:1 ILANG:3 SUSPEK:2 LUMAPIT:1 LIKOD:1 SAKA:1 MABILIS:1 AGAD:1 MANILA:1 HOSPITAL:1 BIKTIMA:5 ALAMAN:1 NAMAN:1 TAMBAY:1 DIN:1 LUGAR:1 TALAGA:1 TRIP:1 IYON:1 TUWING:1 LUMALABAS:1 UMANO:1 SIGURO:1 GALING:1 NITO:1 LOOB:1 KAYA:1 SILA:1 KASALUKUYAN:1 HABANG:1 RING:1 PATAY:1 PAMAMARIL:1 ULO:1 DATING:3 DESISYON:3 KASO:2 ONE:1 BALIGTARIN:1 YOU:4 MUST:1 ADDRESS:2 DILIMAN:2 KABATAAN:1 MAGING:1 RESPONSABLE:1 PARA:1 MAS:1 MATIBAY:1 PAARALAN:1 ALERT:1 ALL:3 YOUR:4 OUR:3 ARE:7 FOR:7 THE:29 NAME:4 DAYS:5 TRAFFIC:2 LAST:5 THERE:1 NOT:2 WAS:1 END:2 TEST:1 PAGE:2 GAT:1 TAG:1 SHOW:1 VIDEO:1 VIEW:1 DAY:1 ALSO:1 SEARCH:1 CLOSE:2
https://saksingayon.com/tricycle-driver-tinadtad-ng-bala-sa-ulo/	BALA:4 ULO:4 SAKSI:3 NGAYON:4 SEPTEMBER:19 NOON:2 POLICE:3 KONGRESO:2 BAKIT:2 WALA:5 NANG:6 MAKUHA:2 PROSEKUSYON:2 PATULOY:3 MINAHAN:2 MGA:3 GUWARDIYA:2 BUWANG:2 SAHOD:2 BALITA:5 METRO:5 PROBINSIYA:1 IBA:2 ISYU:1 NEW:8 YEAR:1 MANALO:1 MAY:9 AND:16 SARA:1 OPINYON:1 KALUSUGAN:1 KAGANDAHAN:1 KULTURA:1 TEKNOLOHIYA:1 PAGKAIN:1 KAINAN:1 PASYALAN:1 BAHAY:2 ESTILO:1 GALAW:1 MERKADO:1 LAGAY:1 PANAHON:1 RED:1 SPECIAL:1 CHE:1 ISANG:2 ANG:13 PATAY:2 MATAPOS:2 HABAS:1 HINDI:2 SALARIN:1 LOOB:2 MISMO:3 SILID:5 NITO:4 LUNGSOD:2 KAHAPON:1 ARAW:2 ULAT:1 GANAP:1 ALA:1 MAGANAP:1 INSIDENTE:1 ANYOS:1 BINATA:2 RESIDENTE:1 BARANGAY:1 AYON:1 KASAMA:1 KASALUKUYAN:1 UMANO:1 SIYA:2 TELEBISYON:1 KANYA:1 RING:1 SUNOD:2 PUTOK:1 BARIL:2 BIKTIMA:7 AGAD:2 NIYA:1 INUSISA:1 PUNTAHAN:1 BUHAY:2 TADTAD:1 TAMA:1 NGUNIT:1 NAMAN:1 TAO:1 DOON:1 MARAHIL:1 MABILIS:2 DING:2 TUMAKAS:1 DIN:1 HUMINGI:1 SAKLOLO:1 HIMPILAN:1 AGARAN:1 THE:30 NASA:1 MULA:1 KALIBRE:1 KRIMEN:1 DINALA:1 KAHILINGAN:1 RIN:2 INANG:1 UPANG:1 KUNG:3 ANO:1 IMBESTIGASYON:1 PULISYA:1 MAGING:2 KOPYA:1 LUGAR:1 SUSPEK:1 SAAN:1 ITO:1 DUMAAN:1 PAANO:1 PAMAMARIL:1 DATING:3 DESISYON:3 KASO:2 ONE:1 BALIGTARIN:1 YOU:4 MUST:1 ADDRESS:2 DILIMAN:2 ILANG:1 KABATAAN:1 RESPONSABLE:1 PARA:1 MAS:1 MATIBAY:1 PAARALAN:1 ALERT:1 ALL:3 YOUR:4 OUR:3 ARE:7 FOR:7 NAME:4 DAYS:5 TRAFFIC:2 LAST:5 THERE:1 NOT:2 WAS:1 END:2 TEST:1 PAGE:2 GAT:1 TAG:1 SHOW:1 VIDEO:1 VIEW:1 DAY:1 ALSO:1 SEARCH:1 CLOSE:2
https://saksingayon.com/brgy-captain-patay-sa-pamamaril/	PATAY:4 PAMAMARIL:4 SAKSI:3 NGAYON:4 SEPTEMBER:19 NOON:2 POLICE:4 KONGRESO:2 BAKIT:2 WALA:4 NANG:2 MAKUHA:2 PROSEKUSYON:2 PATULOY:5 MINAHAN:3 MGA:5 GUWARDIYA:3 BUWANG:4 SAHOD:3 BALITA:5 METRO:1 PROBINSIYA:5 IBA:2 ISYU:1 NEW:8 YEAR:1 MANALO:1 MAY:9 AND:16 SARA:1 OPINYON:1 KALUSUGAN:1 KAGANDAHAN:1 KULTURA:1 TEKNOLOHIYA:1 PAGKAIN:1 KAINAN:1 PASYALAN:1 BAHAY:1 ESTILO:1 GALAW:1 MERKADO:1 LAGAY:1 PANAHON:1 RED:1 SPECIAL:1 LIPA:2 ANG:9 ISANG:1 BARANGAY:3 HINDI:1 SUSPEK:2 LINGGO:1 IMBESTIGASYON:1 KAPITAN:2 HABANG:1 LULAN:1 SASAKYAN:1 ANTIPOLO:1 NORTE:1 AGAD:1 TUMAKAS:1 MATAPOS:1 PAGAMUTAN:1 NGUNIT:1 AYON:1 NAMAN:1 MISIS:1 SILANG:1 KILALA:1 RIN:1 DAW:1 BUHAY:1 AWTORIDAD:1 INSIDENTE:1 BALA:1 ULO:1 PUGANTE:1 PUWERSA:1 ILANG:3 KABATAAN:2 MAGING:3 RESPONSABLE:3 PAMUNUAN:1 PUBLIKO:1 PAGGAMIT:1 GRUPO:1 YOU:4 MUST:1 ADDRESS:2 DILIMAN:2 PARA:1 MAS:1 MATIBAY:1 PAARALAN:1 ALERT:1 DESISYON:1 KASO:1 DATING:1 BIKTIMA:1 ALL:3 YOUR:4 OUR:3 ARE:7 FOR:7 THE:29 NAME:4 DAYS:5 TRAFFIC:2 LAST:5 THERE:1 NOT:2 WAS:1 END:2 TEST:1 PAGE:2 GAT:1 TAG:1 SHOW:1 VIDEO:1 VIEW:1 DAY:1 ALSO:1 SEARCH:1 CLOSE:2
https://saksingayon.com/pugante-patay-sa-buy-bust/	PUGANTE:2 PATAY:5 SAKSI:3 NGAYON:4 SEPTEMBER:19 NOON:2 POLICE:5 KONGRESO:2 BAKIT:2 WALA:2 NANG:3 MAKUHA:2 PROSEKUSYON:2 PATULOY:4 MINAHAN:3 MGA:6 GUWARDIYA:3 BUWANG:4 SAHOD:3 BALITA:5 METRO:1 PROBINSIYA:5 IBA:2 ISYU:1 NEW:8 YEAR:1 MANALO:1 MAY:9 AND:16 SARA:1 OPINYON:1 KALUSUGAN:1 KAGANDAHAN:1 KULTURA:1 TEKNOLOHIYA:1 PAGKAIN:1 KAINAN:1 PASYALAN:1 BAHAY:1 ESTILO:1 GALAW:1 MERKADO:1 LAGAY:1 PANAHON:1 RED:1 SPECIAL:1 ANG:8 ISANG:2 SUSPECT:1 DATING:2 PRESO:1 MATAPOS:1 MANLABAN:1 UMANO:3 PULIS:2 KANYA:1 GALERA:1 LINGGO:1 ANIM:1 MULA:2 SAN:1 TAON:1 NANLABAN:1 MALAMAN:1 TRANSAKSIYON:1 NIYA:1 DEAL:1 SUSPEK:1 SHABU:1 MONEY:1 HALAGA:1 KALIBRE:1 BARIL:1 PAMAMARIL:1 KOTSE:1 DAGAT:1 PUWERSA:1 ILANG:3 KABATAAN:2 MAGING:3 RESPONSABLE:3 PAMUNUAN:1 PUBLIKO:1 PAGGAMIT:1 GRUPO:1 YOU:4 MUST:1 ADDRESS:2 DILIMAN:2 PARA:1 MAS:1 MATIBAY:1 PAARALAN:1 ALERT:1 DESISYON:1 KASO:1 BIKTIMA:1 ALL:3 YOUR:4 OUR:3 ARE:7 FOR:7 THE:29 NAME:4 DAYS:5 TRAFFIC:2 LAST:5 THERE:1 NOT:2 WAS:1 END:2 TEST:1 PAGE:2 GAT:1 TAG:1 SHOW:1 VIDEO:1 VIEW:1 DAY:1 ALSO:1 SEARCH:1 CLOSE:2
https://saksingayon.com/kotse-nag-dive-sa-dagat-driver-patay/	KOTSE:3 DAGAT:4 PATAY:4 SAKSI:3 NGAYON:4 SEPTEMBER:19 NOON:2 POLICE:4 KONGRESO:2 BAKIT:2 WALA:2 NANG:3 MAKUHA:2 PROSEKUSYON:2 PATULOY:4 MINAHAN:3 MGA:7 GUWARDIYA:3 BUWANG:4 SAHOD:3 BALITA:5 METRO:1 PROBINSIYA:5 IBA:2 ISYU:1 NEW:8 YEAR:1 MANALO:1 MAY:9 AND:16 SARA:1 OPINYON:1 KALUSUGAN:1 KAGANDAHAN:1 KULTURA:1 TEKNOLOHIYA:1 PAGKAIN:1 KAINAN:1 PASYALAN:1 BAHAY:1 ESTILO:1 GALAW:1 MERKADO:1 LAGAY:1 PANAHON:1 RED:1 SPECIAL:1 NORTE:1 HINDI:1 ANG:11 ISANG:3 LALAKI:1 BINAWIAN:1 BUHAY:1 MAHULOG:1 SASAKYAN:2 DISTRITO:1 LINGGO:1 GABI:1 SANA:1 NGUNIT:2 ITO:2 TAONG:1 BARKO:1 BAGO:2 MULA:1 OSPITAL:1 DING:1 HABANG:1 NIYA:1 MEDYO:1 MAHIRAP:1 RIN:1 PAG:1 RESCUE:1 DAHIL:1 MALAKAS:1 AWAY:1 SIYA:1 ANI:1 KOMANDER:1 AMINADO:1 NAMAN:1 KAANAK:1 DUMALO:1 NAKAINOM:1 NANGYARI:1 INSIDENTE:1 PAGKA:1 PASAHERO:1 PUGANTE:1 PARAK:1 PUWERSA:1 ILANG:3 KABATAAN:2 MAGING:3 RESPONSABLE:3 PAMUNUAN:1 PUBLIKO:1 PAGGAMIT:1 GRUPO:1 YOU:4 MUST:1 ADDRESS:2 DILIMAN:2 PARA:1 MAS:1 MATIBAY:1 PAARALAN:1 ALERT:1 DESISYON:1 KASO:1 DATING:1 BIKTIMA:1 ALL:3 YOUR:4 OUR:3 ARE:7 FOR:7 THE:29 NAME:4 DAYS:5 TRAFFIC:2 LAST:5 THERE:1 NOT:2 WAS:1 END:2 TEST:1 PAGE:2 GAT:1 TAG:1 SHOW:1 VIDEO:1 VIEW:1 DAY:1 ALSO:1 SEARCH:1 CLOSE:2
https://saksingayon.com/2-retiradong-parak-patay-sa-ambush/	PARAK:2 PATAY:3 SAKSI:3 NGAYON:4 SEPTEMBER:19 NOON:2 POLICE:6 KONGRESO:2 BAKIT:2 WALA:2 NANG:3 MAKUHA:2 PROSEKUSYON:2 PATULOY:4 MINAHAN:3 MGA:6 GUWARDIYA:3 BUWANG:4 SAHOD:3 BALITA:5 METRO:1 PROBINSIYA:5 IBA:2 ISYU:1 NEW:8 YEAR:1 MANALO:1 MAY:9 AND:16 SARA:1 OPINYON:1 KALUSUGAN:1 KAGANDAHAN:1 KULTURA:1 TEKNOLOHIYA:1 PAGKAIN:1 KAINAN:1 PASYALAN:1 BAHAY:1 ESTILO:1 GALAW:1 MERKADO:1 LAGAY:1 PANAHON:1 RED:1 SPECIAL:1 TALISAY:3 HANGGANG:1 MAPATAY:1 ANG:8 PULIS:1 HINDI:1 SUSPEK:3 BARANGAY:1 LINGGO:1 GABI:1 AYON:2 MOTORSIKLO:1 SINA:1 GALING:1 KAPIHAN:1 SILA:2 KAY:1 ANIYA:1 BARIL:1 KAYA:1 DIN:1 SIYA:1 DATING:2 BIKTIMA:2 NGUNIT:1 BAGO:1 POSISYON:1 UMANO:1 BILANG:1 IMBESTIGADOR:1 HINALA:1 PERSONAL:1 MOTIBO:1 INSIDENTE:1 PULISYA:1 ISANG:1 MALAPIT:1 PAMAMARIL:1 UPANG:1 KOTSE:1 DAGAT:1 BUHAY:1 TAON:1 PUWERSA:1 ILANG:3 KABATAAN:2 MAGING:3 RESPONSABLE:3 PAMUNUAN:1 PUBLIKO:1 PAGGAMIT:1 GRUPO:1 YOU:4 MUST:1 ADDRESS:2 DILIMAN:2 PARA:1 MAS:1 MATIBAY:1 PAARALAN:1 ALERT:1 DESISYON:1 KASO:1 ALL:3 YOUR:4 OUR:3 ARE:7 FOR:7 THE:29 NAME:4 DAYS:5 TRAFFIC:2 LAST:5 THERE:1 NOT:2 WAS:1 END:2 TEST:1 PAGE:2 GAT:1 TAG:1 SHOW:1 VIDEO:1 VIEW:1 DAY:1 ALSO:1 SEARCH:1 CLOSE:2
https://saksingayon.com/buhay-ng-2018-budget-extended-ng-1-taon/	BUHAY:4 TAON:5 SAKSI:3 NGAYON:4 SEPTEMBER:19 NOON:2 POLICE:2 KONGRESO:3 BAKIT:2 WALA:2 NANG:2 MAKUHA:2 PROSEKUSYON:2 PATULOY:2 MINAHAN:2 MGA:8 GUWARDIYA:2 BUWANG:2 SAHOD:2 BALITA:5 METRO:1 PROBINSIYA:1 IBA:2 ISYU:2 NEW:8 YEAR:1 MANALO:1 MAY:10 AND:16 SARA:1 OPINYON:1 KALUSUGAN:1 KAGANDAHAN:1 KULTURA:1 TEKNOLOHIYA:1 PAGKAIN:1 KAINAN:1 PASYALAN:1 BAHAY:1 ESTILO:1 GALAW:1 MERKADO:1 LAGAY:1 PANAHON:2 RED:1 SPECIAL:1 KAPULUNGAN:1 ANG:16 UPANG:1 HINDI:6 MADISKARIL:1 PROYEKTO:1 TULAD:1 BOTONG:1 PABOR:1 ZERO:1 IKATLO:1 KAMARA:1 KUNG:1 SAAN:1 HANGGANG:4 ILALIM:1 BATAS:1 LAMANG:1 IBABALIK:1 DAHIL:2 ITO:2 NINA:1 ANDAYA:1 PONDO:3 PATAPOS:1 PARA:3 REHABILITASYON:1 SUBALIT:1 UMANO:1 KAYA:1 MAHIGIT:1 GOBYERNO:1 MULA:2 DATING:2 ADMINISTRASYON:2 HALAGA:1 DITO:1 HABANG:1 HALOS:1 NAMAN:1 NITO:1 PARAK:1 PATAY:1 BUKAS:1 DAPAT:2 ILAW:1 ARAW:1 KAGAMITAN:1 NGUNIT:1 MAPAYAPA:1 MAAYOS:2 NAGING:1 PAYAPA:1 KABUUAN:1 AKTIBIDAD:1 GRUPO:1 OPOSISYON:1 SAGUTIN:1 PLEBISITO:1 HUWAG:1 MADALIIN:1 MAS:2 MALINAW:1 PROSESO:1 YOU:4 MUST:1 ADDRESS:2 DILIMAN:2 ILANG:1 KABATAAN:1 MAGING:1 RESPONSABLE:1 MATIBAY:1 PAARALAN:1 ALERT:1 DESISYON:1 KASO:1 BIKTIMA:1 ALL:3 YOUR:4 OUR:3 ARE:7 FOR:7 THE:29 NAME:4 DAYS:5 TRAFFIC:2 LAST:5 THERE:1 NOT:2 WAS:1 END:2 TEST:1 PAGE:2 GAT:1 TAG:1 SHOW:1 VIDEO:1 VIEW:1 DAY:1 ALSO:1 SEARCH:1 CLOSE:2
https://saksingayon.com/bukas-dapat-ang-ilaw-gabit-araw/	BUKAS:4 DAPAT:3 ANG:18 ILAW:5 ARAW:3 SAKSI:3 NGAYON:4 SEPTEMBER:19 NOON:2 POLICE:2 KONGRESO:4 BAKIT:2 WALA:2 NANG:2 MAKUHA:2 PROSEKUSYON:2 PATULOY:2 MINAHAN:2 MGA:20 GUWARDIYA:2 BUWANG:2 SAHOD:2 BALITA:5 METRO:2 PROBINSIYA:1 IBA:2 ISYU:2 NEW:8 YEAR:1 MANALO:1 MAY:11 AND:20 SARA:1 OPINYON:1 KALUSUGAN:1 KAGANDAHAN:1 KULTURA:1 TEKNOLOHIYA:1 PAGKAIN:1 KAINAN:1 PASYALAN:1 BAHAY:1 ESTILO:1 GALAW:1 MERKADO:1 LAGAY:1 PANAHON:1 RED:1 SPECIAL:1 BUKOD:1 PLAKA:2 LAHAT:1 HINDI:5 LANG:3 GABI:1 KAHIT:1 DAHIL:2 KUNG:1 ITO:2 HANGGANG:2 MULTA:1 MATAPOS:1 IKATLO:1 KAPULUNGAN:1 THE:31 ALL:6 OPERA:1 DAY:2 GINAWA:1 PANUKALA:1 UPANG:2 KUNDI:2 MAN:1 LAMANG:1 MANILA:1 BANSA:3 ISA:2 DAHILAN:1 MAMBABATAS:1 DITO:2 KAMARA:1 NITO:1 SENADO:1 UMANO:1 PARA:3 LANSANGAN:1 MALIBAN:1 DIN:1 MOTORSIKLO:2 MAGBENTA:1 SASAKYAN:1 SINUMAN:1 SUSUNOD:1 BATAS:1 LISENSYA:1 KAMAKALAWA:1 GUMAMIT:1 OPERASYON:1 BUHAY:1 TAON:1 KAGAMITAN:1 NGUNIT:1 MAPAYAPA:1 MAAYOS:2 NAGING:1 PAYAPA:1 KABUUAN:1 AKTIBIDAD:1 GRUPO:1 OPOSISYON:1 SAGUTIN:1 PLEBISITO:1 HUWAG:1 MADALIIN:1 MAS:2 MALINAW:1 PROSESO:1 YOU:4 MUST:1 ADDRESS:2 DILIMAN:2 ILANG:1 KABATAAN:1 MAGING:1 RESPONSABLE:1 MATIBAY:1 PAARALAN:1 ALERT:1 DESISYON:1 KASO:1 DATING:1 BIKTIMA:1 YOUR:4 OUR:3 ARE:7 FOR:7 NAME:4 DAYS:5 TRAFFIC:2 LAST:5 THERE:1 NOT:2 WAS:1 END:2 TEST:1 PAGE:2 GAT:1 TAG:1 SHOW:1 VIDEO:1 VIEW:1 ALSO:1 SEARCH:1 CLOSE:2
https://saksingayon.com/mangingisdang-pinoy-tiniyak-na-di-mahaharas-ng-china-panelo/	SAKSI:3 NGAYON:4 SEPTEMBER:19 NOON:3 POLICE:2 KONGRESO:2 BAKIT:2 WALA:3 NANG:3 MAKUHA:2 PROSEKUSYON:2 PATULOY:2 MINAHAN:2 MGA:9 GUWARDIYA:2 BUWANG:2 SAHOD:2 BALITA:5 METRO:1 PROBINSIYA:1 IBA:2 ISYU:2 NEW:8 YEAR:1 MANALO:1 MAY:13 AND:16 SARA:1 OPINYON:1 KALUSUGAN:1 KAGANDAHAN:1 KULTURA:1 TEKNOLOHIYA:1 PAGKAIN:1 KAINAN:1 PASYALAN:1 BAHAY:1 ESTILO:1 GALAW:1 MERKADO:1 LAGAY:1 PANAHON:1 RED:1 SPECIAL:1 BUNSOD:1 ULAT:1 INSIDENTE:1 KAMAKAILAN:1 HINGGIL:1 ISANG:1 PANATAG:1 PAMAHALAAN:2 HINDI:2 ANG:11 MULA:1 AYON:1 KAY:1 MAGANAP:1 DAHIL:1 PAMUNUAN:1 PONG:1 HAKBANG:1 DITO:1 BOY:1 WIKA:1 MAN:1 PANGULO:1 DAPAT:3 MAAYOS:3 BUKOD:1 RITO:1 DIN:1 GOBYERNO:1 UNA:1 KABILA:1 AYAW:1 KINAUUKULAN:1 GITNA:1 PANININDIGAN:1 SILA:1 ARI:1 MANGINGISDA:1 BUKAS:1 ILAW:1 ARAW:1 MAHIGPIT:1 SEGURIDAD:1 BATA:1 KAGAMITAN:1 NGUNIT:1 MAPAYAPA:1 NAGING:1 PAYAPA:1 KABUUAN:1 AKTIBIDAD:1 GRUPO:1 OPOSISYON:1 SAGUTIN:1 PLEBISITO:1 HUWAG:1 MADALIIN:1 PARA:2 MAS:2 MALINAW:1 PROSESO:1 YOU:4 MUST:1 ADDRESS:2 DILIMAN:2 ILANG:1 KABATAAN:1 MAGING:1 RESPONSABLE:1 MATIBAY:1 PAARALAN:1 ALERT:1 DESISYON:1 KASO:1 DATING:1 BIKTIMA:1 ALL:3 YOUR:4 OUR:3 ARE:7 FOR:7 THE:29 NAME:4 DAYS:5 TRAFFIC:2 LAST:5 THERE:1 NOT:2 WAS:1 END:2 TEST:1 PAGE:2 GAT:1 TAG:1 SHOW:1 VIDEO:1 VIEW:1 DAY:1 ALSO:1 SEARCH:1 CLOSE:2
https://saksingayon.com/mahigpit-na-seguridad-sa-mga-bata-pinagtibay/	MAHIGPIT:3 SEGURIDAD:4 MGA:18 BATA:6 SAKSI:3 NGAYON:4 SEPTEMBER:19 NOON:2 POLICE:2 KONGRESO:3 BAKIT:2 WALA:2 NANG:2 MAKUHA:2 PROSEKUSYON:2 PATULOY:2 MINAHAN:2 GUWARDIYA:2 BUWANG:2 SAHOD:2 BALITA:5 METRO:1 PROBINSIYA:1 IBA:2 ISYU:2 NEW:8 YEAR:1 MANALO:1 MAY:11 AND:19 SARA:1 OPINYON:1 KALUSUGAN:1 KAGANDAHAN:1 KULTURA:1 TEKNOLOHIYA:1 PAGKAIN:1 KAINAN:1 PASYALAN:1 BAHAY:1 ESTILO:1 GALAW:1 MERKADO:1 LAGAY:1 PANAHON:1 RED:1 SPECIAL:2 SENADO:2 KAPULUNGAN:1 ANG:13 PATAKARAN:1 PAGDINIG:1 SENADOR:3 KONGRESISTA:1 KAMPANYA:1 AKSIDENTE:1 LANSANGAN:2 SINA:1 CESAR:1 DAGDAGAN:1 PROBISYON:1 THE:33 VERSION:1 ILALIM:1 FOR:9 MOTOR:1 BATAS:1 PARA:3 PROTEKSYON:1 TAO:1 KABATAAN:2 RITO:1 SASAKYAN:2 EDAD:1 ANYOS:1 PABABA:1 HABANG:1 NASA:1 GAMIT:1 RIN:1 SUMAKAY:1 HARAP:1 SABI:1 TAMA:1 POLISYA:1 AKSYON:1 KAGAMITAN:1 NGUNIT:1 MAPAYAPA:1 MAAYOS:2 NAGING:1 PAYAPA:1 KABUUAN:1 AKTIBIDAD:1 GRUPO:1 OPOSISYON:1 DAPAT:1 SAGUTIN:1 PLEBISITO:1 HUWAG:1 MADALIIN:1 MAS:2 MALINAW:1 PROSESO:1 YOU:4 MUST:1 ADDRESS:2 DILIMAN:2 ILANG:1 MAGING:1 RESPONSABLE:1 MATIBAY:1 PAARALAN:1 ALERT:1 DESISYON:1 KASO:1 DATING:1 BIKTIMA:1 ALL:3 YOUR:4 OUR:3 ARE:7 NAME:4 DAYS:5 TRAFFIC:2 LAST:5 THERE:1 NOT:2 WAS:1 END:2 TEST:1 PAGE:2 GAT:1 TAG:1 SHOW:1 VIDEO:1 VIEW:1 DAY:1 ALSO:1 SEARCH:1 CLOSE:2
https://saksingayon.com/tama-na-ang-polisya-aksyon-na-gma/	TAMA:2 ANG:21 POLISYA:2 AKSYON:3 SAKSI:3 NGAYON:5 SEPTEMBER:19 NOON:2 POLICE:2 KONGRESO:7 BAKIT:2 WALA:2 NANG:2 MAKUHA:2 PROSEKUSYON:2 PATULOY:2 MINAHAN:2 MGA:19 GUWARDIYA:2 BUWANG:2 SAHOD:2 BALITA:5 METRO:1 PROBINSIYA:1 IBA:2 ISYU:2 NEW:9 YEAR:1 MANALO:1 MAY:11 AND:19 SARA:1 OPINYON:1 KALUSUGAN:1 KAGANDAHAN:1 KULTURA:1 TEKNOLOHIYA:1 PAGKAIN:2 KAINAN:1 PASYALAN:1 BAHAY:1 ESTILO:1 GALAW:1 MERKADO:2 LAGAY:1 PANAHON:3 RED:1 SPECIAL:1 PARA:6 MAMAMAYAN:5 BATAS:6 GINAWA:3 ADMINISTRASYON:2 LALO:1 ORAS:1 ITO:4 MAMA:1 DAHIL:4 HANGGANG:1 HINDI:3 RAMDAM:2 BUNGA:1 UMANO:6 MAGING:3 TAUMBAYAN:1 THE:46 FIRST:1 PUT:1 FOR:10 PART:1 SUPPORT:2 ANI:2 GAYUNPAMAN:1 GOBYERNO:1 KAYA:1 NITO:1 UPANG:1 MARAMDAMAN:1 TAON:1 THERE:2 BUT:1 THINK:1 MUST:2 DITO:1 PAMAMAGITAN:1 PAGPAPATUPAD:1 GIVE:1 WAY:1 EXERCISE:1 DAGDAG:1 NAIS:2 KABILA:1 PRESYO:2 DATING:2 PANGULO:1 KUNG:1 DAGDAGAN:1 SUPPLY:1 SAGOT:1 PROBLEMA:1 MAHIGPIT:1 SEGURIDAD:1 BATA:1 KARANASAN:1 BANSA:1 KAGAMITAN:1 NGUNIT:1 MAPAYAPA:1 MAAYOS:2 NAGING:1 PAYAPA:1 KABUUAN:1 AKTIBIDAD:1 GRUPO:1 OPOSISYON:1 DAPAT:1 SAGUTIN:1 PLEBISITO:1 HUWAG:1 MADALIIN:1 MAS:2 MALINAW:1 PROSESO:1 YOU:4 ADDRESS:2 DILIMAN:2 ILANG:1 KABATAAN:1 RESPONSABLE:1 MATIBAY:1 PAARALAN:1 ALERT:1 DESISYON:1 KASO:1 BIKTIMA:1 ALL:3 YOUR:4 OUR:3 ARE:7 NAME:4 DAYS:5 TRAFFIC:2 LAST:5 NOT:2 WAS:1 END:2 TEST:1 PAGE:2 GAT:1 TAG:1 SHOW:1 VIDEO:1 VIEW:1 DAY:1 ALSO:1 SEARCH:1 CLOSE:2
https://saksingayon.com/negatibong-karanasan-ng-ibang-bansa-sa-chinese-projects-ramdam-na-sa-pinas/	KARANASAN:3 BANSA:5 RAMDAM:4 SAKSI:3 NGAYON:7 SEPTEMBER:19 NOON:2 POLICE:2 KONGRESO:2 BAKIT:3 WALA:2 NANG:2 MAKUHA:2 PROSEKUSYON:2 PATULOY:2 MINAHAN:2 MGA:26 GUWARDIYA:2 BUWANG:2 SAHOD:2 BALITA:5 METRO:1 PROBINSIYA:1 IBA:3 ISYU:2 NEW:8 YEAR:1 MANALO:1 MAY:11 AND:20 SARA:1 OPINYON:1 KALUSUGAN:1 KAGANDAHAN:1 KULTURA:1 TEKNOLOHIYA:1 PAGKAIN:1 KAINAN:1 PASYALAN:1 BAHAY:1 ESTILO:1 GALAW:1 MERKADO:1 LAGAY:1 PANAHON:1 RED:1 SPECIAL:1 HINDI:6 MAN:1 ANG:17 MANGGAGAWA:1 ILALIM:1 ITO:3 PAHAYAG:2 ULAT:1 LAMANG:1 LALO:2 AYON:1 MAMBABATAS:1 KARAMIHAN:1 PARA:3 IMPRASTRAKTURA:1 MAMAMAYAN:1 KUNDI:1 THE:32 GOBYERNO:4 HINGGIL:1 ANI:2 UMANO:3 KUNG:2 AGAD:1 KUMILOS:1 AHENSYA:1 KAILANGAN:1 MILYON:1 HANAPBUHAY:1 KATUWIRAN:1 ISA:1 DAHILAN:1 DAHIL:2 MUST:2 CALL:1 MORE:1 OUR:4 HOME:1 HANGGANG:1 TAMA:1 POLISYA:1 AKSYON:1 KAGAMITAN:1 NGUNIT:1 MAPAYAPA:1 MAAYOS:2 NAGING:1 PAYAPA:1 KABUUAN:1 AKTIBIDAD:1 GRUPO:1 OPOSISYON:1 DAPAT:1 SAGUTIN:1 PLEBISITO:1 HUWAG:1 MADALIIN:1 MAS:2 MALINAW:1 PROSESO:1 YOU:4 ADDRESS:2 DILIMAN:2 ILANG:1 KABATAAN:1 MAGING:1 RESPONSABLE:1 MATIBAY:1 PAARALAN:1 ALERT:1 DESISYON:1 KASO:1 DATING:1 BIKTIMA:1 ALL:3 YOUR:4 ARE:7 FOR:7 NAME:4 DAYS:5 TRAFFIC:2 LAST:5 THERE:1 NOT:2 WAS:1 END:2 TEST:1 PAGE:2 GAT:1 TAG:1 SHOW:1 VIDEO:1 VIEW:1 DAY:1 ALSO:1 SEARCH:1 CLOSE:2
https://saksingayon.com/dole-bi-sinabon-sa-pagdagsa-ng-chinese-nationals/	SAKSI:3 NGAYON:4 SEPTEMBER:19 NOON:2 POLICE:2 KONGRESO:2 BAKIT:4 WALA:2 NANG:2 MAKUHA:2 PROSEKUSYON:2 PATULOY:2 MINAHAN:2 MGA:30 GUWARDIYA:2 BUWANG:2 SAHOD:2 BALITA:5 METRO:1 PROBINSIYA:1 IBA:2 ISYU:2 NEW:8 YEAR:2 MANALO:1 MAY:12 AND:18 SARA:1 OPINYON:1 KALUSUGAN:1 KAGANDAHAN:1 KULTURA:1 TEKNOLOHIYA:1 PAGKAIN:1 KAINAN:1 PASYALAN:1 BAHAY:1 ESTILO:1 GALAW:1 MERKADO:1 LAGAY:1 PANAHON:1 RED:1 SPECIAL:2 SENADOR:8 ANG:19 OPISYALES:2 USAPIN:1 DAYUHAN:3 BANSA:10 PAGDINIG:1 HINGGIL:1 KUNG:6 SINO:1 DAPAT:3 MANAGOT:1 NINA:1 MALUWAG:1 PROSESO:2 AHENSYA:1 PAMAHALAAN:1 BILANG:3 NAGIGING:1 KAAGAW:1 TRABAHO:2 PABAHAY:1 MULA:1 TAONG:1 HANGGANG:1 IBINIGAY:1 SAAN:3 NAMAN:1 BASE:1 HAWAK:1 DATOS:1 NASA:2 PUMASOK:2 ITO:1 POSIBLE:1 PANIG:1 DIN:1 KARAMIHAN:2 TURISTA:1 SUBALIT:1 KALAUNAN:1 PARA:3 HALOS:1 KALAHATI:1 NITO:3 NAKAKAALARMA:1 DAHIL:2 OUT:1 FOR:8 JUST:1 ONE:1 GUSTO:1 YAN:1 DITO:2 ATIN:1 PALIWANAG:1 GIIT:1 MAGSAGAWA:1 LUGAR:1 LUNGSOD:1 MAKATI:1 MISTULA:1 UPANG:1 KLARO:1 TIRAHAN:1 OPORTUNIDAD:1 SABI:1 KARANASAN:1 RAMDAM:1 KAGAMITAN:1 NGUNIT:1 MAPAYAPA:1 MAAYOS:2 NAGING:1 PAYAPA:1 KABUUAN:1 AKTIBIDAD:1 GRUPO:1 OPOSISYON:1 SAGUTIN:1 PLEBISITO:1 HUWAG:1 MADALIIN:1 MAS:2 MALINAW:1 YOU:4 MUST:1 ADDRESS:2 DILIMAN:2 ILANG:1 KABATAAN:1 MAGING:1 RESPONSABLE:1 MATIBAY:1 PAARALAN:1 ALERT:1 DESISYON:1 KASO:1 DATING:1 BIKTIMA:1 ALL:3 YOUR:4 OUR:3 ARE:7 THE:29 NAME:4 DAYS:5 TRAFFIC:2 LAST:5 THERE:1 NOT:2 WAS:1 END:2 TEST:1 PAGE:2 GAT:1 TAG:1 SHOW:1 VIDEO:1 VIEW:1 DAY:1 ALSO:1 SEARCH:1 CLOSE:2
https://saksingayon.com/political-assassins-pinatatarget-sa-mo-32/	SAKSI:3 NGAYON:4 SEPTEMBER:19 NOON:2 POLICE:3 KONGRESO:2 BAKIT:2 WALA:2 NANG:2 MAKUHA:2 PROSEKUSYON:2 PATULOY:2 MINAHAN:2 MGA:16 GUWARDIYA:2 BUWANG:2 SAHOD:2 BALITA:5 METRO:1 PROBINSIYA:1 IBA:2 ISYU:2 NEW:9 YEAR:1 MANALO:1 MAY:11 AND:19 SARA:1 OPINYON:1 KALUSUGAN:1 KAGANDAHAN:1 KULTURA:1 TEKNOLOHIYA:1 PAGKAIN:1 KAINAN:1 PASYALAN:1 BAHAY:1 ESTILO:1 GALAW:1 MERKADO:1 LAGAY:1 PANAHON:2 RED:1 SPECIAL:1 ISANG:1 THE:31 ANG:16 PAG:3 LALAWIGAN:4 ILALIM:1 ORDER:1 AYON:2 KAY:2 LALO:2 ELEKSYON:1 TUWING:1 MAGKAKAROON:1 UMANO:2 HALALAN:2 NAGIGING:1 SEASON:1 ARE:8 ANI:1 DAHIL:1 DITO:1 MAMBABATAS:1 BUMUO:1 UPANG:2 ITO:2 DUGO:1 HINDI:1 LAMANG:1 KUNDI:1 ISA:1 DAHILAN:1 ATAKE:1 KAYA:1 PUWERSA:2 MILITARY:1 PULISYA:1 SUBALIT:1 NAIS:1 MOVE:1 MORE:2 WELCOME:2 FOR:10 GAYUNPAMAN:1 MAG:1 INGAT:1 GANG:1 MAGTAGUMPAY:1 BUT:1 ALSO:2 BAKA:1 NAMAN:1 AMIN:1 MAYROON:1 PALANG:1 ANAK:1 KAIBIGAN:1 KAKILALA:1 KAILANGAN:1 PARA:3 ESTUDYANTE:1 KAGAMITAN:1 NGUNIT:1 MAPAYAPA:1 MAAYOS:2 NAGING:1 PAYAPA:1 KABUUAN:1 AKTIBIDAD:1 GRUPO:1 OPOSISYON:1 DAPAT:1 SAGUTIN:1 PLEBISITO:1 HUWAG:1 MADALIIN:1 MAS:2 MALINAW:1 PROSESO:1 YOU:4 MUST:1 ADDRESS:2 DILIMAN:2 ILANG:1 KABATAAN:1 MAGING:1 RESPONSABLE:1 MATIBAY:1 PAARALAN:1 ALERT:1 DESISYON:1 KASO:1 DATING:1 BIKTIMA:1 ALL:3 YOUR:4 OUR:3 NAME:4 DAYS:5 TRAFFIC:2 LAST:5 THERE:1 NOT:2 WAS:1 END:2 TEST:1 PAGE:2 GAT:1 TAG:1 SHOW:1 VIDEO:1 VIEW:1 DAY:1 SEARCH:1 CLOSE:2
https://saksingayon.com/rotc-kailangan-para-madisiplina-ang-mga-estudyante/	KAILANGAN:3 PARA:5 ANG:18 MGA:14 ESTUDYANTE:6 SAKSI:3 NGAYON:4 SEPTEMBER:19 NOON:2 POLICE:4 KONGRESO:2 BAKIT:2 WALA:2 NANG:2 MAKUHA:2 PROSEKUSYON:2 PATULOY:2 MINAHAN:2 GUWARDIYA:2 BUWANG:2 SAHOD:2 BALITA:5 METRO:1 PROBINSIYA:1 IBA:2 ISYU:2 NEW:8 YEAR:1 MANALO:1 MAY:10 AND:19 SARA:1 OPINYON:1 KALUSUGAN:1 KAGANDAHAN:1 KULTURA:1 TEKNOLOHIYA:1 PAGKAIN:1 KAINAN:1 PASYALAN:1 BAHAY:1 ESTILO:1 GALAW:1 MERKADO:1 LAGAY:1 PANAHON:1 RED:1 SPECIAL:1 BUHAYIN:3 UPANG:2 ISIP:1 DISIPLINA:2 HANAY:1 MAGKAROON:2 IDEA:1 MILITARY:4 ITO:3 PAHAYAG:1 ORDER:1 ANTIPOLO:1 PLANO:1 THE:37 GET:1 ARE:9 OUR:4 ANI:1 BASE:1 NAIS:2 MANGYARI:1 GRADE:2 ISA:1 BAGO:1 SILA:1 PUMASOK:1 KOLEHIYO:2 MAIBALIK:2 UMANO:2 MAKA:1 BAYAN:1 KABATAAN:2 HINDI:1 NAGING:2 MATAPOS:2 MAGING:2 BATAS:2 MAPATAY:1 ISANG:1 GAYUNPAMAN:1 ILANG:2 MAMBABATAS:1 KASAMA:1 DAHIL:1 MAHALAGA:1 TALAGA:1 BUT:1 SAAN:1 KUNDI:1 AYON:1 KAY:1 MILITAR:1 MALABO:1 KAGAMITAN:1 NGUNIT:1 MAPAYAPA:1 MAAYOS:2 PAYAPA:1 KABUUAN:1 AKTIBIDAD:1 GRUPO:1 OPOSISYON:1 DAPAT:1 SAGUTIN:1 PLEBISITO:1 HUWAG:1 MADALIIN:1 MAS:2 MALINAW:1 PROSESO:1 YOU:4 MUST:1 ADDRESS:2 DILIMAN:2 RESPONSABLE:1 MATIBAY:1 PAARALAN:1 ALERT:1 DESISYON:1 KASO:1 DATING:1 BIKTIMA:1 ALL:3 YOUR:4 FOR:7 NAME:4 DAYS:5 TRAFFIC:2 LAST:5 THERE:1 NOT:2 WAS:1 END:2 TEST:1 PAGE:2 GAT:1 TAG:1 SHOW:1 VIDEO:1 VIEW:1 DAY:1 ALSO:1 SEARCH:1 CLOSE:2
https://saksingayon.com/batas-militar-malabo-honasan/	BATAS:3 MILITAR:4 MALABO:2 SAKSI:3 NGAYON:4 SEPTEMBER:19 NOON:2 POLICE:2 KONGRESO:2 BAKIT:2 WALA:2 NANG:3 MAKUHA:2 PROSEKUSYON:2 PATULOY:2 MINAHAN:2 MGA:11 GUWARDIYA:2 BUWANG:2 SAHOD:2 BALITA:5 METRO:1 PROBINSIYA:1 IBA:2 ISYU:2 NEW:8 YEAR:1 MANALO:1 MAY:10 AND:20 SARA:1 OPINYON:1 KALUSUGAN:1 KAGANDAHAN:1 KULTURA:1 TEKNOLOHIYA:1 PAGKAIN:1 KAINAN:1 PASYALAN:1 BAHAY:1 ESTILO:1 GALAW:1 MERKADO:1 LAGAY:1 PANAHON:1 RED:1 SPECIAL:1 BALIKAT:1 ISANG:1 SENADOR:2 ANG:17 PANGAMBA:2 ILANG:2 GRUPO:2 TAS:1 BANSA:4 TAKOT:1 DEKLARASYON:2 ATAS:1 MAGDAGDAG:1 SUNDALO:3 PULIS:3 NITO:1 SAPAT:1 BATAYAN:1 KUNG:1 SAAN:1 BAHAGI:1 LAMANG:2 KONSTITUSYON:1 DAPAT:5 MAMBABATAS:1 DATING:2 RESPONSIBILIDAD:1 GOBYERNO:2 ORDER:2 LAHAT:1 PABOR:1 PROTEKSYON:1 BUHAY:1 KALAYAAN:1 ARI:1 THE:32 ALL:4 MUST:2 ARE:8 NOW:1 SAMANTALA:1 NAMAN:1 PANGILINAN:3 KAUTUSAN:1 PANGULO:1 LALO:1 KASALUKUYAN:1 MARAMI:1 RAPE:1 MURDER:1 HANAY:1 YAN:1 ADMINISTRASYON:1 HINDI:1 DAGDAG:1 MAMAMAYAN:1 SAAD:1 KAILANGAN:1 PARA:3 ESTUDYANTE:1 BIR:1 NEGOSYANTE:1 KAGAMITAN:1 NGUNIT:1 MAPAYAPA:1 MAAYOS:2 NAGING:1 PAYAPA:1 KABUUAN:1 AKTIBIDAD:1 OPOSISYON:1 SAGUTIN:1 PLEBISITO:1 HUWAG:1 MADALIIN:1 MAS:2 MALINAW:1 PROSESO:1 YOU:4 ADDRESS:2 DILIMAN:2 KABATAAN:1 MAGING:1 RESPONSABLE:1 MATIBAY:1 PAARALAN:1 ALERT:1 DESISYON:1 KASO:1 BIKTIMA:1 YOUR:4 OUR:3 FOR:7 NAME:4 DAYS:5 TRAFFIC:2 LAST:5 THERE:1 NOT:2 WAS:1 END:2 TEST:1 PAGE:2 GAT:1 TAG:1 SHOW:1 VIDEO:1 VIEW:1 DAY:1 ALSO:1 SEARCH:1 CLOSE:2
https://saksingayon.com/mou-sa-oil-exploration-di-nabasa-ni-sison-palasyo/	OIL:3 NABASA:3 PALASYO:3 SAKSI:3 NGAYON:4 SEPTEMBER:19 NOON:2 POLICE:2 KONGRESO:2 BAKIT:2 WALA:2 NANG:3 MAKUHA:2 PROSEKUSYON:2 PATULOY:2 MINAHAN:2 MGA:7 GUWARDIYA:2 BUWANG:2 SAHOD:2 BALITA:5 METRO:1 PROBINSIYA:1 IBA:2 ISYU:2 NEW:8 YEAR:1 MANALO:1 MAY:11 AND:16 SARA:1 OPINYON:1 KALUSUGAN:1 KAGANDAHAN:1 KULTURA:1 TEKNOLOHIYA:1 PAGKAIN:1 KAINAN:1 PASYALAN:1 BAHAY:1 ESTILO:1 GALAW:1 MERKADO:1 LAGAY:1 PANAHON:1 RED:1 SPECIAL:1 HINDI:1 THE:30 ANG:8 MAN:1 PAGITAN:2 USAPIN:1 ITO:2 PAHAYAG:1 LEGAL:1 REAKSYON:1 LAMANG:3 SABIHIN:1 ISANG:3 PAGTATAKSIL:2 BAYAN:2 NEGATIBO:1 PAGLILINAW:1 KATUNAYAN:1 ILANG:2 TAGA:1 OPOSISYON:2 AYON:1 DIN:1 KASUNDUAN:2 PARA:3 MAG:1 BAGAY:1 KAHIT:1 SENIOR:1 TANG:1 MASAMA:1 HAKBANG:1 ADMINISTRASYON:1 KAPUSO:1 KAPITAN:1 AGAW:1 BUHAY:1 KAGAMITAN:1 NGUNIT:1 MAPAYAPA:1 MAAYOS:2 NAGING:1 PAYAPA:1 KABUUAN:1 AKTIBIDAD:1 GRUPO:1 DAPAT:1 SAGUTIN:1 PLEBISITO:1 HUWAG:1 MADALIIN:1 MAS:2 MALINAW:1 PROSESO:1 YOU:4 MUST:1 ADDRESS:2 DILIMAN:2 KABATAAN:1 MAGING:1 RESPONSABLE:1 MATIBAY:1 PAARALAN:1 ALERT:1 DESISYON:1 KASO:1 DATING:1 BIKTIMA:1 ALL:3 YOUR:4 OUR:3 ARE:7 FOR:7 NAME:4 DAYS:5 TRAFFIC:2 LAST:5 THERE:1 NOT:2 WAS:1 END:2 TEST:1 PAGE:2 GAT:1 TAG:1 SHOW:1 VIDEO:1 VIEW:1 DAY:1 ALSO:1 SEARCH:1 CLOSE:2
https://saksingayon.com/pagkampi-ng-bir-sa-negosyante-binatikos/	BIR:11 NEGOSYANTE:5 SAKSI:3 NGAYON:4 SEPTEMBER:19 NOON:2 POLICE:2 KONGRESO:2 BAKIT:2 WALA:2 NANG:2 MAKUHA:2 PROSEKUSYON:2 PATULOY:2 MINAHAN:2 MGA:17 GUWARDIYA:2 BUWANG:2 SAHOD:2 BALITA:5 METRO:1 PROBINSIYA:1 IBA:2 ISYU:2 NEW:8 YEAR:1 MANALO:1 MAY:10 AND:18 SARA:1 OPINYON:1 KALUSUGAN:1 KAGANDAHAN:1 KULTURA:1 TEKNOLOHIYA:1 PAGKAIN:1 KAINAN:1 PASYALAN:1 BAHAY:1 ESTILO:1 GALAW:1 MERKADO:1 LAGAY:1 PANAHON:1 RED:1 SPECIAL:1 ANG:20 DAHIL:4 NITO:2 KAUTUSAN:3 BAYAD:2 BAHAGI:2 MANGGAGAWA:5 SABI:1 PANGULO:3 TULAD:1 PARA:3 MULA:2 MAHIGIT:2 OBRERO:3 KASAPI:1 UNYON:1 BANSA:1 ILANG:2 LINGGO:1 BAGO:1 EVEN:1 EDUCATION:1 THE:30 TAKE:1 HOME:1 OUR:5 HINDI:4 ALAM:1 TUNAY:1 KALAGAYAN:1 MAMAMAYAN:1 TUGON:1 RIN:2 ALYANSA:1 PEDERASYON:1 SAMAHAN:1 KUNG:1 MABUTI:1 REYALIDAD:1 KAPITALISTA:1 PAG:1 HULI:1 NIYA:1 AYON:1 DESPERADO:1 LUMAKI:1 KITA:1 PAMAHALAAN:1 KAYA:1 ISINAMA:1 KASAMA:1 TRAIN:1 RATSADA:1 DIN:1 NAMAN:1 LAHAT:1 GASTOS:1 OSPITAL:1 BATAS:1 MILITAR:1 MALABO:1 YAMAN:1 LANGIS:1 KAGAMITAN:1 NGUNIT:1 MAPAYAPA:1 MAAYOS:2 NAGING:1 PAYAPA:1 KABUUAN:1 AKTIBIDAD:1 GRUPO:1 OPOSISYON:1 DAPAT:1 SAGUTIN:1 PLEBISITO:1 HUWAG:1 MADALIIN:1 MAS:2 MALINAW:1 PROSESO:1 YOU:4 MUST:1 ADDRESS:2 DILIMAN:2 KABATAAN:1 MAGING:1 RESPONSABLE:1 MATIBAY:1 PAARALAN:1 ALERT:1 DESISYON:1 KASO:1 DATING:1 BIKTIMA:1 ALL:3 YOUR:4 ARE:7 FOR:7 NAME:4 DAYS:5 TRAFFIC:2 LAST:5 THERE:1 NOT:2 WAS:1 END:2 TEST:1 PAGE:2 GAT:1 TAG:1 SHOW:1 VIDEO:1 VIEW:1 DAY:1 ALSO:1 SEARCH:1 CLOSE:2
https://saksingayon.com/wps-kasing-yaman-ng-uae-sa-langis/	YAMAN:2 LANGIS:6 SAKSI:3 NGAYON:4 SEPTEMBER:19 NOON:2 POLICE:2 KONGRESO:3 BAKIT:2 WALA:3 NANG:2 MAKUHA:2 PROSEKUSYON:2 PATULOY:4 MINAHAN:2 MGA:10 GUWARDIYA:2 BUWANG:2 SAHOD:2 BALITA:5 METRO:1 PROBINSIYA:1 IBA:2 ISYU:2 NEW:8 YEAR:1 MANALO:1 MAY:10 AND:16 SARA:1 OPINYON:1 KALUSUGAN:1 KAGANDAHAN:1 KULTURA:1 TEKNOLOHIYA:1 PAGKAIN:1 KAINAN:1 PASYALAN:1 BAHAY:1 ESTILO:1 GALAW:1 MERKADO:1 LAGAY:1 PANAHON:1 RED:1 SPECIAL:1 ANG:19 KUNG:3 DIN:3 LAMANG:2 PAG:4 ITO:4 KAPULUNGAN:1 HINGGIL:1 BILANG:1 OIL:2 ANI:2 ISA:1 DAIGDIG:1 KAYA:1 HIGIT:1 SILANG:1 MALAPIT:1 DITO:1 KAYSA:1 LALO:1 BUKOD:2 HALAGA:1 DAGAT:1 MAWALA:1 KAPAG:1 FOR:8 THE:35 THERE:3 ARE:9 AYON:1 KAY:1 HINDI:2 TERITORYO:3 MAGING:2 UMANO:1 BAHAGI:1 UNA:1 SAAN:1 ONE:1 MAHISTRADO:1 NIYA:1 KARAPATAN:1 DAHIL:1 BATAY:1 DOKUMENTO:1 EBIDENSYA:1 NILA:2 KARAGATAN:1 YOU:6 OWN:1 NOT:3 CLOSE:3 SHOW:2 PART:1 KATUNAYAN:1 ILALIM:1 WASHINGTON:1 LAHAT:1 TUGON:1 MAPA:1 BIR:1 NEGOSYANTE:1 PANGARAP:1 KAGAMITAN:1 NGUNIT:1 MAPAYAPA:1 MAAYOS:2 NAGING:1 PAYAPA:1 KABUUAN:1 AKTIBIDAD:1 GRUPO:1 OPOSISYON:1 DAPAT:1 SAGUTIN:1 PLEBISITO:1 HUWAG:1 MADALIIN:1 PARA:2 MAS:2 MALINAW:1 PROSESO:1 MUST:1 ADDRESS:2 DILIMAN:2 ILANG:1 KABATAAN:1 RESPONSABLE:1 MATIBAY:1 PAARALAN:1 ALERT:1 DESISYON:1 KASO:1 DATING:1 BIKTIMA:1 ALL:3 YOUR:4 OUR:3 NAME:4 DAYS:5 TRAFFIC:2 LAST:5 WAS:1 END:2 TEST:1 PAGE:2 GAT:1 TAG:1 VIDEO:1 VIEW:1 DAY:1 ALSO:1 SEARCH:1
https://saksingayon.com/naholdap-na-pangarap-ng-holdap/	PANGARAP:7 SAKSI:3 NGAYON:4 SEPTEMBER:19 NOON:2 POLICE:2 KONGRESO:2 BAKIT:2 WALA:3 NANG:4 MAKUHA:3 PROSEKUSYON:2 PATULOY:2 MINAHAN:2 MGA:9 GUWARDIYA:2 BUWANG:2 SAHOD:2 BALITA:2 METRO:1 PROBINSIYA:1 IBA:2 ISYU:1 NEW:8 YEAR:1 MANALO:1 MAY:14 AND:18 SARA:1 OPINYON:1 KALUSUGAN:1 KAGANDAHAN:1 KULTURA:1 TEKNOLOHIYA:1 PAGKAIN:1 KAINAN:1 PASYALAN:1 BAHAY:1 ESTILO:1 GALAW:1 MERKADO:1 LAGAY:1 PANAHON:1 RED:1 SPECIAL:1 ANG:22 TUNGKOL:2 ITO:5 TANGANG:1 HOLDAPER:2 PEPE:3 RESPETO:1 KAPWA:1 NILA:1 BARANGAY:1 PARA:3 MAGDAGDAG:1 ISA:1 MIYEMBRO:1 BAHAGI:1 PANAYAM:1 KAY:1 TALAMPAS:1 KONTROBERSIYAL:2 HOLDAP:13 PELIKULA:3 DAHIL:3 USAP:1 USAPAN:1 PAHAYAG:1 PAGE:4 DAY:3 FOR:10 GET:1 THE:43 GIVE:1 GOOD:2 OUR:5 OWN:1 WAY:2 LITE:1 MORE:1 THINK:1 REAL:1 KUNG:1 SAAN:1 SILA:2 HINDI:2 BIGYAN:1 SINEHAN:4 BANSA:1 NGA:2 TUNOG:1 NEGA:1 PAMAGAT:1 MALAMAN:1 KUDA:1 CAST:1 BUT:1 ARE:9 MAS:3 MATALINO:1 YUN:2 LANG:1 NAMAN:3 PAKAY:1 NAMIN:1 AMIN:1 DAGDAG:1 KAYA:3 PAKIUSAP:1 LET:1 YOU:5 NOT:3 BAKA:1 BUMABA:1 KASI:2 KAHIT:2 MASAMA:1 SIGE:1 PAPASUKIN:1 KAMI:2 PAG:1 GINAWA:1 PANALO:1 LAHAT:1 TAYO:1 ISANG:1 ARAW:1 MATAPOS:1 MAG:1 LUMABAS:1 YOUR:5 SUPPORT:1 CAN:1 LONG:1 LIST:1 SCREEN:1 MALL:2 PALA:1 MAHILIG:1 TULAD:1 NITO:1 YAMAN:1 LANGIS:1 YOUNG:1 DATING:2 DIREK:1 DUMALO:1 BREAK:2 RIN:1 INA:1 NAGING:1 MAILAP:1 SUMAGOT:1 LEON:1 BATANG:1 PAMBANSA:2 PROJECT:1 HANGGANG:1 MUST:1 ADDRESS:1 DILIMAN:1 ILANG:1 KABATAAN:1 MAGING:1 RESPONSABLE:1 MATIBAY:1 PAARALAN:1 ALERT:1 DESISYON:1 KASO:1 BIKTIMA:1 ALL:3 NAME:4 DAYS:5 TRAFFIC:2 LAST:5 THERE:1 WAS:1 END:2 TEST:1 GAT:1 TAG:1 SHOW:1 VIDEO:1 VIEW:1 ALSO:1 SEARCH:1 CLOSE:2
https://saksingayon.com/empress-schuck-happy-young-mom/	YOUNG:3 SAKSI:3 NGAYON:4 SEPTEMBER:19 NOON:2 POLICE:2 KONGRESO:2 BAKIT:2 WALA:7 NANG:6 MAKUHA:2 PROSEKUSYON:2 PATULOY:2 MINAHAN:2 MGA:3 GUWARDIYA:2 BUWANG:2 SAHOD:2 BALITA:2 METRO:1 PROBINSIYA:1 IBA:2 ISYU:1 NEW:8 YEAR:1 MANALO:1 MAY:12 AND:17 SARA:1 OPINYON:1 KALUSUGAN:1 KAGANDAHAN:1 KULTURA:1 TEKNOLOHIYA:1 PAGKAIN:1 KAINAN:1 PASYALAN:1 BAHAY:1 ESTILO:1 GALAW:1 MERKADO:1 LAGAY:1 PANAHON:1 RED:1 SPECIAL:1 KUNG:3 HINDI:2 LANG:3 SANA:2 ANG:7 GANDA:1 ESTADO:2 BUT:2 BANGGIT:1 NIYA:8 KAHIT:1 AYAW:2 SAAN:1 ISA:1 PROYEKTO:1 THE:32 GOYO:1 PAKIRAMDAM:1 PARANG:2 SIYA:5 KAYA:1 IPINANGANAK:1 BABY:4 GIRL:1 ANAK:2 KAY:1 AMINADO:1 PAG:1 NILA:1 SILA:1 SILANG:2 MAG:2 INA:2 MANILA:2 MINSAN:1 PARA:2 TATLO:1 PLANO:1 YAN:1 KASI:1 DAHIL:3 KAMI:2 GET:2 NAMIN:1 SABI:1 AMIN:1 TAGA:1 FOR:8 ALSO:2 PANGARAP:1 TIKAS:1 DATING:2 DIREK:1 DUMALO:1 BREAK:2 RIN:1 NAGING:1 MAILAP:1 SUMAGOT:1 LEON:1 BATANG:1 ITO:1 TUNGKOL:1 PAMBANSA:2 PROJECT:1 HANGGANG:1 YOU:4 MUST:1 ADDRESS:1 DILIMAN:1 ILANG:1 KABATAAN:1 MAGING:1 RESPONSABLE:1 MAS:1 MATIBAY:1 PAARALAN:1 ALERT:1 DESISYON:1 KASO:1 BIKTIMA:1 ALL:3 YOUR:4 OUR:3 ARE:7 NAME:4 DAYS:5 TRAFFIC:2 LAST:5 THERE:1 NOT:2 WAS:1 END:2 TEST:1 PAGE:2 GAT:1 TAG:1 SHOW:1 VIDEO:1 VIEW:1 DAY:1 SEARCH:1 CLOSE:2
https://saksingayon.com/tikas-ng-petron-di-kinaya-ng-foton/	TIKAS:3 SAKSI:3 NGAYON:4 SEPTEMBER:19 NOON:2 POLICE:2 KONGRESO:2 BAKIT:2 WALA:2 NANG:3 MAKUHA:2 PROSEKUSYON:2 PATULOY:2 MINAHAN:2 MGA:3 GUWARDIYA:2 BUWANG:2 SAHOD:2 BALITA:2 METRO:1 PROBINSIYA:1 IBA:2 ISYU:1 NEW:9 YEAR:1 MANALO:2 MAY:13 AND:16 SARA:1 OPINYON:1 KALUSUGAN:1 KAGANDAHAN:1 KULTURA:1 TEKNOLOHIYA:1 PAGKAIN:1 KAINAN:1 PASYALAN:1 BAHAY:1 ESTILO:1 GALAW:1 MERKADO:1 LAGAY:1 PANAHON:1 RED:1 SPECIAL:3 LAYUNIN:1 ANG:16 ITO:1 UPANG:1 HINDI:2 KAGABI:2 NGUNIT:2 LABAN:2 AKALA:1 NITO:2 PERO:1 MULI:1 HANGGANG:1 SUMUNOD:1 KAYA:2 ALL:4 MULA:1 PARA:5 SIYAM:1 LARO:3 PAGTATAPOS:1 ROUND:2 MAGING:3 KAMI:2 SECOND:3 GOOD:1 LAHAD:1 COACH:1 DELOS:1 AMBAG:1 SINA:2 HABANG:3 SISI:1 PUNTOS:1 NAMAN:2 PAMAMAGITAN:1 KONTRA:1 ATAKE:1 TUNGO:1 SUNOD:1 PANALO:1 MALAKI:1 RIN:1 BUKOD:1 SAMANTALA:1 WAYS:1 TALUNIN:1 BUKAS:1 YOUNG:1 THE:33 HOME:1 FOR:8 RIGHT:1 SPEED:2 YOU:4 MUST:1 ADDRESS:1 DILIMAN:1 ILANG:1 KABATAAN:1 RESPONSABLE:1 MAS:1 MATIBAY:1 PAARALAN:1 ALERT:1 DESISYON:1 KASO:1 DATING:1 BIKTIMA:1 YOUR:4 OUR:3 ARE:7 NAME:4 DAYS:5 TRAFFIC:2 LAST:5 THERE:1 NOT:2 WAS:1 END:2 TEST:1 PAGE:2 GAT:1 TAG:1 SHOW:1 VIDEO:1 VIEW:1 DAY:1 ALSO:1 SEARCH:1 CLOSE:2
https://saksingayon.com/the-latest-darna-remake-bakit-ito-indefinitely-postponed/	THE:34 BAKIT:5 ITO:3 SAKSI:3 NGAYON:4 SEPTEMBER:19 NOON:3 POLICE:2 KONGRESO:2 WALA:4 NANG:5 MAKUHA:2 PROSEKUSYON:2 PATULOY:2 MINAHAN:2 MGA:7 GUWARDIYA:2 BUWANG:2 SAHOD:2 BALITA:2 METRO:1 PROBINSIYA:1 IBA:2 ISYU:1 NEW:8 YEAR:1 MANALO:1 MAY:11 AND:16 SARA:1 OPINYON:1 KALUSUGAN:1 KAGANDAHAN:1 KULTURA:1 TEKNOLOHIYA:1 PAGKAIN:1 KAINAN:1 PASYALAN:1 BAHAY:1 ESTILO:1 GALAW:1 MERKADO:1 LAGAY:1 PANAHON:1 RED:1 SPECIAL:1 DING:2 ANG:8 BATO:1 TEH:1 HINDI:2 ITAGO:1 LANG:2 FOR:9 GANITO:1 TAKBO:1 PAG:1 MAGKAPATID:1 MARS:1 HERO:1 SOBERANO:2 ILALIM:2 STAR:2 BALITANG:1 ISINANTABI:1 MUNA:1 GIVE:1 WAY:1 BASE:1 DAW:1 TAON:1 PARA:3 ATAKE:1 PERO:1 BUNGA:1 PAGITAN:1 DIREK:3 KAPWA:1 SILA:1 PROJECT:2 DIREKTOR:1 UMANO:1 BAGAY:1 PAGKAKAUNAWAAN:1 TWO:1 NGA:1 PANSAMANTALA:1 MULA:1 KAHILINGAN:1 TAGAHANGA:1 NINA:1 KASI:1 CAST:1 SUMAILALIM:1 DAHIL:1 SUPPORT:1 DATING:2 DUMALO:1 KAMI:1 BREAK:2 RIN:1 INA:1 NAGING:1 MAILAP:1 SUMAGOT:1 LEON:1 BATANG:1 TUNGKOL:1 PAMBANSA:2 HANGGANG:1 YOU:4 MUST:1 ADDRESS:1 DILIMAN:1 ILANG:1 KABATAAN:1 MAGING:1 RESPONSABLE:1 MAS:1 MATIBAY:1 PAARALAN:1 ALERT:1 DESISYON:1 KASO:1 BIKTIMA:1 ALL:3 YOUR:4 OUR:3 ARE:7 NAME:4 DAYS:5 TRAFFIC:2 LAST:5 THERE:1 NOT:2 WAS:1 END:2 TEST:1 PAGE:2 GAT:1 TAG:1 SHOW:1 VIDEO:1 VIEW:1 DAY:1 ALSO:1 SEARCH:1 CLOSE:2
https://saksingayon.com/kathyn-inspired-dahil-sa-pinapakitang-support-ni-daniel/	DAHIL:3 SUPPORT:2 SAKSI:3 NGAYON:4 SEPTEMBER:19 NOON:3 POLICE:2 KONGRESO:2 BAKIT:3 WALA:3 NANG:6 MAKUHA:2 PROSEKUSYON:2 PATULOY:2 MINAHAN:2 MGA:3 GUWARDIYA:2 BUWANG:2 SAHOD:2 BALITA:3 METRO:1 PROBINSIYA:1 IBA:2 ISYU:1 NEW:10 YEAR:1 MANALO:1 MAY:11 AND:20 SARA:1 OPINYON:1 KALUSUGAN:1 KAGANDAHAN:1 KULTURA:1 TEKNOLOHIYA:1 PAGKAIN:1 KAINAN:1 PASYALAN:1 BAHAY:1 ESTILO:1 GALAW:1 MERKADO:1 LAGAY:1 PANAHON:1 RED:2 SPECIAL:1 TRABAHO:1 LALO:1 SUPORTADO:1 SIYA:1 BINATA:3 ANG:8 DALAGA:5 PASABI:1 NILA:4 LIBRE:1 NAMAN:2 NIYA:2 FOR:8 DAYS:6 KASI:1 TAONG:1 MAHAL:1 GINAGAWA:1 KUWENTO:1 USAPAN:1 PELIKULA:3 LAST:6 SHARON:2 SWEET:2 BUKAS:2 BUMIYAHE:1 PARA:3 NARITO:1 OBRA:1 DIREK:2 USA:1 OSLO:1 TRIP:1 RIN:2 DALAWA:1 THE:30 ITO:2 INSPIRASYON:1 DATING:2 DUMALO:1 KAMI:1 BREAK:2 HINDI:1 INA:1 NAGING:1 MAILAP:1 SUMAGOT:1 LEON:1 BATANG:1 TUNGKOL:1 PAMBANSA:2 PROJECT:1 HANGGANG:1 YOU:4 MUST:1 ADDRESS:1 DILIMAN:1 ILANG:1 KABATAAN:1 MAGING:1 RESPONSABLE:1 MAS:1 MATIBAY:1 PAARALAN:1 ALERT:1 DESISYON:1 KASO:1 BIKTIMA:1 ALL:3 YOUR:4 OUR:3 ARE:7 NAME:4 TRAFFIC:2 THERE:1 NOT:2 WAS:1 END:2 TEST:1 PAGE:2 GAT:1 TAG:1 SHOW:1 VIDEO:1 VIEW:1 DAY:1 ALSO:1 SEARCH:1 CLOSE:2
https://saksingayon.com/ang-bagong-inspirasyon-ni-aiko/	ANG:11 INSPIRASYON:2 SAKSI:4 NGAYON:5 SEPTEMBER:19 NOON:2 POLICE:2 KONGRESO:2 BAKIT:2 WALA:3 NANG:4 MAKUHA:2 PROSEKUSYON:2 PATULOY:2 MINAHAN:2 MGA:3 GUWARDIYA:2 BUWANG:2 SAHOD:2 BALITA:2 METRO:1 PROBINSIYA:1 IBA:2 ISYU:1 NEW:8 YEAR:2 MANALO:1 MAY:13 AND:16 SARA:1 OPINYON:1 KALUSUGAN:1 KAGANDAHAN:1 KULTURA:1 TEKNOLOHIYA:1 PAGKAIN:1 KAINAN:1 PASYALAN:1 BAHAY:1 ESTILO:1 GALAW:1 MERKADO:1 LAGAY:1 PANAHON:1 RED:1 SPECIAL:1 ISA:2 DIN:1 INSPIRADO:1 DAHIL:4 BUHAY:2 PAG:1 IBIG:1 AKTRES:6 MULI:1 MAS:2 GUSTO:1 TULUNGAN:1 MAYOR:5 THE:31 FOR:8 LOOB:1 NIYA:1 KAMPANYA:1 HINDI:2 RAW:1 ITO:2 DALAWA:2 FIRST:1 RELASYON:1 DATING:3 MISTER:1 LAST:7 RIGHT:1 TILA:1 SUWERTE:1 DALA:1 PART:1 AKSYON:1 SERYE:1 SIMULA:1 KUWENTO:1 SILA:1 KUNG:1 GAANO:1 SWEET:1 SUPPORT:1 NAMI:1 KAY:1 DIREK:1 DUMALO:1 KAMI:1 BREAK:2 RIN:1 INA:1 NAGING:1 MAILAP:1 SUMAGOT:1 LEON:1 BATANG:1 TUNGKOL:1 PAMBANSA:2 PROJECT:1 HANGGANG:1 YOU:4 MUST:1 ADDRESS:1 DILIMAN:1 ILANG:1 KABATAAN:1 MAGING:1 RESPONSABLE:1 PARA:1 MATIBAY:1 PAARALAN:1 ALERT:1 DESISYON:1 KASO:1 BIKTIMA:1 ALL:3 YOUR:4 OUR:3 ARE:7 NAME:4 DAYS:5 TRAFFIC:2 THERE:1 NOT:2 WAS:1 END:2 TEST:1 PAGE:2 GAT:1 TAG:1 SHOW:1 VIDEO:1 VIEW:1 DAY:1 ALSO:1 SEARCH:1 CLOSE:2
https://saksingayon.com/ang-nadiskubre-at-nami-miss-ni-janine-kay-alden/	ANG:11 NAMI:3 KAY:5 SAKSI:3 NGAYON:5 SEPTEMBER:19 NOON:2 POLICE:2 KONGRESO:2 BAKIT:2 WALA:3 NANG:4 MAKUHA:2 PROSEKUSYON:2 PATULOY:2 MINAHAN:2 MGA:14 GUWARDIYA:2 BUWANG:2 SAHOD:2 BALITA:2 METRO:1 PROBINSIYA:1 IBA:2 ISYU:1 NEW:8 YEAR:1 MANALO:1 MAY:14 AND:17 SARA:1 OPINYON:1 KALUSUGAN:1 KAGANDAHAN:1 KULTURA:1 TEKNOLOHIYA:1 PAGKAIN:2 KAINAN:1 PASYALAN:1 BAHAY:1 ESTILO:1 GALAW:1 MERKADO:1 LAGAY:1 PANAHON:1 RED:1 SPECIAL:2 NAGING:4 PARTE:3 SIYA:4 MAGTANGGOL:3 KAYA:1 NGA:1 DIN:5 AKO:4 TAPING:2 NAMIN:1 KASI:7 SAYA:1 TALAGA:9 MAGKASUNDO:1 LAHAT:6 TAO:4 PARANG:3 HINDI:6 NAMAN:2 SIGURO:2 LANG:4 NAGKATAON:1 MABABAIT:1 ARTISTA:2 SHOW:5 YUN:4 SAMAHAN:1 KASAMA:2 SINA:1 SILA:3 MABIBIGAT:1 GINAWA:1 EKSENA:1 KAHIT:1 MAINIT:1 ARAW:1 GAAN:1 PAKIRAMDAM:1 DAHIL:1 KATRABAHO:1 PAGBABALIK:1 TANAW:1 ANO:3 BUKOD:2 MABAIT:1 BINATA:1 TRABAHO:1 UMPISA:1 KAMI:2 DALAWA:1 PLUS:1 TITA:1 TAPOS:6 MASAYA:2 SIYEMPRE:1 BIYAHE:1 BANSA:1 MAHILIG:1 KAPAG:1 BREAK:3 KAKAIN:1 LABAS:1 ORDER:1 MASARAP:1 SABI:4 NIYA:7 NOT:3 GOOD:1 SARAP:1 GALING:1 GANYAN:1 YAN:1 PAG:1 DAPAT:1 MAS:2 KUNG:3 LAGYAN:1 PALA:1 MALILIIT:1 ALAM:1 BAGO:1 UMERE:1 HANGGANG:2 ITO:3 KOMENTO:1 MULA:1 PAANO:1 PARA:2 MAGING:2 MATIBAY:2 MAMI:1 CAST:1 ISA:1 DITO:1 AKIN:1 TAGA:1 SUPORTA:1 RAMDAM:3 SUPPORT:1 NILA:4 MAPANGHUSGA:1 NINA:1 MAINE:1 RIN:2 OPO:1 DAMI:1 PAGMAMAHAL:1 AMIN:2 WIKA:1 REGULAR:1 DAY:2 TATAY:1 LEAD:1 KEN:1 INSPIRASYON:1 MAG:1 DATING:2 DIREK:1 DUMALO:1 INA:1 MAILAP:1 SUMAGOT:1 LEON:1 BATANG:1 TUNGKOL:1 PAMBANSA:2 PROJECT:1 YOU:4 MUST:1 ADDRESS:1 DILIMAN:1 ILANG:1 KABATAAN:1 RESPONSABLE:1 PAARALAN:1 ALERT:1 DESISYON:1 KASO:1 BIKTIMA:1 ALL:3 YOUR:4 OUR:3 ARE:7 FOR:7 THE:29 NAME:4 DAYS:5 TRAFFIC:2 LAST:5 THERE:1 WAS:1 END:2 TEST:1 PAGE:2 GAT:1 TAG:1 VIDEO:1 VIEW:1 ALSO:1 SEARCH:1 CLOSE:2
https://saksingayon.com/lj-hindi-ko-na-po-kayang-mag-taping/	HINDI:10 MAG:4 TAPING:2 SAKSI:3 NGAYON:6 SEPTEMBER:19 NOON:2 POLICE:2 KONGRESO:2 BAKIT:2 WALA:5 NANG:4 MAKUHA:2 PROSEKUSYON:2 PATULOY:2 MINAHAN:2 MGA:8 GUWARDIYA:2 BUWANG:2 SAHOD:2 BALITA:2 METRO:1 PROBINSIYA:1 IBA:4 ISYU:1 NEW:8 YEAR:2 MANALO:1 MAY:12 AND:19 SARA:1 OPINYON:2 KALUSUGAN:1 KAGANDAHAN:1 KULTURA:1 TEKNOLOHIYA:1 PAGKAIN:1 KAINAN:1 PASYALAN:1 BAHAY:1 ESTILO:1 GALAW:1 MERKADO:1 LAGAY:1 PANAHON:1 RED:1 SPECIAL:1 ANG:13 UNA:2 ANAK:1 KAPAG:1 HANDA:1 KAPUSO:2 AKTRES:1 NAMAN:10 LAHAT:1 SILA:2 PATIENT:1 PARANG:4 SABIHAN:1 LANG:6 KAMI:3 KUNG:2 ULI:1 KASI:5 HANGGANG:2 LAST:6 MERON:2 SABI:3 KAYA:1 HALATA:1 AKO:5 KUWENTO:1 NAMIN:2 BILANG:1 TUNGKOL:2 PAGLIPAT:1 ISTASYON:1 MAHIRAP:1 DIN:4 GAWIN:1 YUN:9 SIYEMPRE:2 AMIN:1 KABILA:1 DAPAT:1 SIGURO:2 LOOB:1 ANO:1 TALAGA:6 BUHAY:1 RIN:5 MASABI:1 MALAY:1 PAG:1 TUMANDA:1 ALAM:3 MEAN:1 ALSO:2 PUMUNTA:1 SAAN:2 TRABAHO:1 TOTOO:2 NGA:5 SANA:2 TAYO:2 KAHIT:1 MAGPUNTA:1 GALING:1 FOR:9 AKTOR:2 DIREKTOR:1 ALL:4 KONTRATA:1 DAHILAN:1 PARA:2 NAGING:2 SECOND:1 HOME:1 SIYA:4 TAPOS:2 RAMDAM:1 SUPORTA:1 NILA:2 AKIN:2 TSAKA:1 PAGMAMAHAL:1 HIRAP:1 MASAYA:1 PELIKULA:2 DAY:3 PALABAS:1 SINEHAN:1 PANGARAP:1 HOLDAP:1 OPEN:1 MATAGAL:1 GUMAWA:1 MUNA:2 WAG:1 PERO:1 MAGAGANDA:1 NIYA:3 DAHIL:1 TAONG:1 PAGDATING:1 DRAMA:1 NAMI:1 KAY:1 DUMALO:2 DATING:2 DIREK:1 BREAK:2 INA:1 MAILAP:1 SUMAGOT:1 LEON:1 BATANG:1 ITO:1 PAMBANSA:2 PROJECT:1 YOU:4 MUST:1 ADDRESS:1 DILIMAN:1 ILANG:1 KABATAAN:1 MAGING:1 RESPONSABLE:1 MAS:1 MATIBAY:1 PAARALAN:1 ALERT:1 DESISYON:1 KASO:1 BIKTIMA:1 YOUR:4 OUR:3 ARE:7 THE:29 NAME:4 DAYS:5 TRAFFIC:2 THERE:1 NOT:2 WAS:1 END:2 TEST:1 PAGE:2 GAT:1 TAG:1 SHOW:1 VIDEO:1 VIEW:1 SEARCH:1 CLOSE:2
https://saksingayon.com/ang-wish-ni-lotlot-sa-wedding-day-niya-sana-dumalo-si-mommy-guy/	ANG:9 DAY:3 NIYA:2 SANA:3 DUMALO:3 SAKSI:3 NGAYON:4 SEPTEMBER:19 NOON:2 POLICE:2 KONGRESO:2 BAKIT:2 WALA:4 NANG:4 MAKUHA:2 PROSEKUSYON:2 PATULOY:2 MINAHAN:2 MGA:5 GUWARDIYA:2 BUWANG:2 SAHOD:2 BALITA:3 METRO:1 PROBINSIYA:1 IBA:2 ISYU:1 NEW:8 YEAR:1 MANALO:1 MAY:11 AND:16 SARA:1 OPINYON:1 KALUSUGAN:1 KAGANDAHAN:1 KULTURA:1 TEKNOLOHIYA:1 PAGKAIN:1 KAINAN:1 PASYALAN:1 BAHAY:1 ESTILO:1 GALAW:1 MERKADO:1 LAGAY:1 PANAHON:1 RED:1 SPECIAL:1 KUNG:3 NORA:2 KASAL:3 LEON:5 NITO:1 ISANG:1 RESORT:1 KUMPIRMADO:1 NAMAN:2 DARATING:2 RAW:1 ITO:3 KANYA:2 ALTAR:1 NYA:2 SINA:3 KAPATID:1 DIN:2 SYEMPRE:1 ABAY:1 ISA:1 RIN:3 BEST:1 MAS:2 MAGIGING:1 MASAYA:1 SIGURO:1 ARAW:2 ATE:2 YUN:2 PARA:2 MERON:1 SILA:1 REMEMBER:1 PAG:1 HINDI:3 KAYA:2 SYA:1 AKO:1 MAG:2 MAHAL:2 TAPING:1 KAHIT:1 PWEDE:1 MAGING:2 LAKI:1 DATING:2 DIREK:1 KAMI:1 BREAK:2 INA:1 NAGING:1 MAILAP:1 SUMAGOT:1 BATANG:1 TUNGKOL:1 PAMBANSA:2 PROJECT:1 HANGGANG:1 YOU:4 MUST:1 ADDRESS:1 DILIMAN:1 ILANG:1 KABATAAN:1 RESPONSABLE:1 MATIBAY:1 PAARALAN:1 ALERT:1 DESISYON:1 KASO:1 BIKTIMA:1 ALL:3 YOUR:4 OUR:3 ARE:7 FOR:7 THE:29 NAME:4 DAYS:5 TRAFFIC:2 LAST:5 THERE:1 NOT:2 WAS:1 END:2 TEST:1 PAGE:2 GAT:1 TAG:1 SHOW:1 VIDEO:1 VIEW:1 ALSO:1 SEARCH:1 CLOSE:2
https://saksingayon.com/kahit-benign-ang-cyst-pwede-ito-maging-kasing-laki-ng-boobs-thea-tolentino/	KAHIT:5 ANG:8 PWEDE:2 ITO:3 MAGING:3 LAKI:4 SAKSI:3 NGAYON:5 SEPTEMBER:19 NOON:2 POLICE:2 KONGRESO:2 BAKIT:2 WALA:4 NANG:5 MAKUHA:2 PROSEKUSYON:2 PATULOY:2 MINAHAN:2 MGA:3 GUWARDIYA:2 BUWANG:2 SAHOD:2 BALITA:2 METRO:1 PROBINSIYA:1 IBA:3 ISYU:1 NEW:8 YEAR:1 MANALO:1 MAY:17 AND:16 SARA:1 OPINYON:1 KALUSUGAN:1 KAGANDAHAN:1 KULTURA:1 TEKNOLOHIYA:1 PAGKAIN:1 KAINAN:1 PASYALAN:1 BAHAY:1 ESTILO:1 GALAW:1 MERKADO:1 LAGAY:1 PANAHON:1 RED:1 SPECIAL:1 MULA:1 OPERASYON:2 NIYA:5 TAONG:1 SIYA:9 DIBDIB:1 NAMAN:10 AKO:4 DATI:1 TANGGAL:1 AKIN:2 TAPOS:2 LAST:6 ANIM:1 KAY:1 KAMAKAILAN:1 DAHIL:1 LAHAT:1 HINDI:8 NASA:1 LAHI:1 RAW:2 NILA:2 PERO:4 TANGGALIN:3 TALAGA:3 ANO:2 LANG:4 KASI:6 GANITO:3 ONE:1 PESO:1 MAS:4 MALAKI:1 DOBLE:1 PISO:2 GANYAN:1 ISANG:2 MALILIIT:1 DAW:4 KAILANGAN:1 MERON:4 KUWENTO:1 ASAWA:2 KARIBAL:2 HABANG:1 OPO:2 GISING:1 TAKOT:2 SABI:2 EWAN:1 PAG:2 BUKOL:1 PUT:1 LUGAR:1 HIWA:2 PAGKATAPOS:1 HALATA:1 PINUPUNTAHAN:1 DIN:1 SILA:1 RATSADA:1 TAPING:1 KUNG:1 SAAN:1 LOVE:1 NINA:1 DAY:2 SANA:1 DUMALO:2 DATING:2 DIREK:1 KAMI:1 BREAK:2 RIN:1 INA:1 NAGING:1 MAILAP:1 SUMAGOT:1 LEON:1 BATANG:1 TUNGKOL:1 PAMBANSA:2 PROJECT:1 HANGGANG:1 YOU:4 MUST:1 ADDRESS:1 DILIMAN:1 ILANG:1 KABATAAN:1 RESPONSABLE:1 PARA:1 MATIBAY:1 PAARALAN:1 ALERT:1 DESISYON:1 KASO:1 BIKTIMA:1 ALL:3 YOUR:4 OUR:3 ARE:7 FOR:7 THE:29 NAME:4 DAYS:5 TRAFFIC:2 THERE:1 NOT:2 WAS:1 END:2 TEST:1 PAGE:2 GAT:1 TAG:1 SHOW:1 VIDEO:1 VIEW:1 ALSO:1 SEARCH:1 CLOSE:2
https://saksingayon.com/vico-sotto-walang-takot-banggain-ang-eusebio/	TAKOT:3 ANG:19 SAKSI:3 NGAYON:4 SEPTEMBER:19 NOON:2 POLICE:2 KONGRESO:2 BAKIT:2 WALA:3 NANG:5 MAKUHA:2 PROSEKUSYON:2 PATULOY:2 MINAHAN:2 MGA:13 GUWARDIYA:2 BUWANG:2 SAHOD:2 BALITA:2 METRO:2 PROBINSIYA:1 IBA:2 ISYU:1 NEW:8 YEAR:1 MANALO:1 MAY:12 AND:18 SARA:1 OPINYON:1 KALUSUGAN:1 KAGANDAHAN:1 KULTURA:1 TEKNOLOHIYA:1 PAGKAIN:1 KAINAN:1 PASYALAN:1 BAHAY:1 ESTILO:1 GALAW:1 MERKADO:1 LAGAY:1 PANAHON:1 RED:1 SPECIAL:1 PASIG:3 ANAK:2 NINA:1 PERO:3 MAYOR:2 ISA:2 ANGKAN:1 DOON:2 THE:31 SALIN:1 LANG:3 MIYEMBRO:1 NITO:1 KAPANGYARIHAN:1 MUCH:1 PAMILYA:1 PART:1 RING:1 PULITIKA:2 MULA:1 KAY:1 TITO:1 BILANG:1 SUMUNOD:1 YAPAK:1 NIYA:1 ONE:1 BISE:1 ALKALDE:1 LUNGSOD:1 GAANO:1 BALITANG:1 MALAKAS:1 DIN:1 HATAK:1 HIGIT:1 HITSURA:1 DATING:3 MAS:2 NGA:1 KESA:1 DAHIL:1 DAMAY:1 PATI:1 BULAGA:2 BOSSING:1 FOR:9 ALL:5 BARANGAY:1 LOOB:1 LABAS:1 MANILA:1 NASA:1 HABANG:2 TRIO:1 MAINE:1 NILA:1 ITO:3 AYON:1 KAHIT:2 LIBLIB:1 LUGAR:1 HINDI:3 RAW:1 DABARKADS:1 MAN:1 KASI:1 BAHAGI:1 PRESENSIYA:1 AMA:1 SAPAT:1 ENGGANYO:1 PARA:3 BOTANTE:1 ROON:1 SUPORTAHAN:1 UNA:1 PWEDE:1 MAGING:2 LAKI:1 DIREK:1 DUMALO:1 KAMI:1 BREAK:2 RIN:1 INA:1 NAGING:1 MAILAP:1 SUMAGOT:1 LEON:1 BATANG:1 TUNGKOL:1 PAMBANSA:2 PROJECT:1 HANGGANG:1 YOU:4 MUST:1 ADDRESS:1 DILIMAN:1 ILANG:1 KABATAAN:1 RESPONSABLE:1 MATIBAY:1 PAARALAN:1 ALERT:1 DESISYON:1 KASO:1 BIKTIMA:1 YOUR:4 OUR:3 ARE:7 NAME:4 DAYS:5 TRAFFIC:2 LAST:5 THERE:1 NOT:2 WAS:1 END:2 TEST:1 PAGE:2 GAT:1 TAG:1 SHOW:1 VIDEO:1 VIEW:1 DAY:1 ALSO:1 SEARCH:1 CLOSE:2
https://saksingayon.com/jake-zyrus-and-non-showbiz-gf-engaged-na/	AND:24 SAKSI:3 NGAYON:4 SEPTEMBER:19 NOON:2 POLICE:2 KONGRESO:2 BAKIT:5 WALA:3 NANG:5 MAKUHA:2 PROSEKUSYON:2 PATULOY:2 MINAHAN:2 MGA:3 GUWARDIYA:2 BUWANG:2 SAHOD:2 BALITA:2 METRO:1 PROBINSIYA:1 IBA:4 ISYU:1 NEW:8 YEAR:3 MANALO:1 MAY:13 SARA:1 OPINYON:1 KALUSUGAN:1 KAGANDAHAN:1 KULTURA:1 TEKNOLOHIYA:1 PAGKAIN:1 KAINAN:1 PASYALAN:1 BAHAY:2 ESTILO:1 GALAW:1 MERKADO:1 LAGAY:1 PANAHON:1 RED:1 SPECIAL:2 ANG:10 ISANG:2 KNOW:1 RIGHT:2 SHOW:4 KAPAMILYA:1 SIYA:2 GIRLFRIEND:1 THE:35 ITO:3 UMERE:1 WAS:5 MEDYO:1 TANONG:1 ANIYA:1 COURSE:1 BUT:2 FIRST:3 NGA:3 PARA:3 KAY:2 NAMIN:2 KASI:2 LIKE:2 PABEBE:1 LANG:5 NAGING:2 KUMPORTABLE:1 AKO:8 KANYA:2 DAGDAG:1 PARANG:4 ONE:2 TAYO:1 PERO:2 TAON:1 KITA:2 KILALA:1 PLUS:1 PERFECT:1 BANG:1 KUNG:2 FOR:8 THERE:2 ALL:4 TOP:1 ALAGA:1 AKIN:1 PAANO:1 NIYA:3 DESISYON:2 MAG:1 GONNA:1 SEE:1 ANO:1 GANYAN:1 JUST:1 MAHAL:1 IKAW:1 PAG:1 DETALYE:1 REGALO:1 NIYO:2 AMIN:1 YUN:1 MUCH:1 MASAYA:2 ALAM:2 KAMI:2 TAKOT:1 BAHO:1 DATING:2 DIREK:1 DUMALO:1 BREAK:2 HINDI:1 RIN:1 INA:1 MAILAP:1 SUMAGOT:1 LEON:1 BATANG:1 TUNGKOL:1 PAMBANSA:2 PROJECT:1 HANGGANG:1 YOU:4 MUST:1 ADDRESS:1 DILIMAN:1 ILANG:1 KABATAAN:1 MAGING:1 RESPONSABLE:1 MAS:1 MATIBAY:1 PAARALAN:1 ALERT:1 KASO:1 BIKTIMA:1 YOUR:4 OUR:3 ARE:7 NAME:4 DAYS:5 TRAFFIC:2 LAST:5 NOT:2 END:2 TEST:1 PAGE:2 GAT:1 TAG:1 VIDEO:1 VIEW:1 DAY:1 ALSO:1 SEARCH:1 CLOSE:2
https://saksingayon.com/baho-ng-mislatel-nabunyag/	BAHO:2 SAKSI:3 NGAYON:4 SEPTEMBER:19 NOON:2 POLICE:2 KONGRESO:2 BAKIT:2 WALA:2 NANG:2 MAKUHA:2 PROSEKUSYON:2 PATULOY:2 MINAHAN:2 MGA:8 GUWARDIYA:2 BUWANG:2 SAHOD:2 BALITA:5 METRO:1 PROBINSIYA:1 IBA:2 ISYU:2 NEW:8 YEAR:1 MANALO:1 MAY:11 AND:18 SARA:1 OPINYON:1 KALUSUGAN:1 KAGANDAHAN:1 KULTURA:1 TEKNOLOHIYA:1 PAGKAIN:1 KAINAN:1 PASYALAN:1 BAHAY:1 ESTILO:1 GALAW:1 MERKADO:1 LAGAY:1 PANAHON:1 RED:1 SPECIAL:1 HINDI:3 ISIP:1 ANG:22 BAWIIN:1 DESISYON:2 INDUSTRIYA:2 KUNG:1 TOTOO:1 LABAN:1 DITO:2 ITO:5 PAGDINIG:3 SENADO:4 HINGGIL:2 PAG:4 SAPAGKAT:1 SUMUNOD:1 LAHAT:1 DOKUMENTO:1 KAGAWARAN:1 ONE:1 LUIS:1 SIMULA:2 DAHIL:2 MAYROON:1 DIN:3 KONTRATA:1 KUMPANYA:1 MALIBAN:1 UMANO:1 LAMANG:1 UPANG:1 MAG:1 PRANGKISA:1 SABIHIN:1 UMAMIN:1 SILA:1 SENADORA:1 PAPEL:1 PAMAHALAAN:1 BILANG:2 BAHAGI:2 PLANO:1 BANSA:4 PARA:3 KAPAKANAN:1 KALABAN:1 TRAFFIC:3 SAMANTALA:1 SENADOR:1 DUMALO:1 AYON:1 TAGAPAGSALITA:1 OUT:1 BOSS:1 NAGING:2 KINATAWAN:1 DAPAT:3 MAGPALIWANAG:1 KUWALIPIKASYON:1 BILIS:3 TAON:2 OPERASYON:1 NITO:1 NAMAN:1 KAPAG:1 NANGYARI:1 PAREHAS:1 PAMANTAYAN:1 REHIYON:1 PASYENTE:1 PANALO:1 KAGAMITAN:1 NGUNIT:1 MAPAYAPA:1 MAAYOS:2 PAYAPA:1 KABUUAN:1 AKTIBIDAD:1 GRUPO:1 OPOSISYON:1 SAGUTIN:1 PLEBISITO:1 HUWAG:1 MADALIIN:1 MAS:2 MALINAW:1 PROSESO:1 YOU:4 MUST:1 ADDRESS:2 DILIMAN:2 ILANG:1 KABATAAN:1 MAGING:1 RESPONSABLE:1 MATIBAY:1 PAARALAN:1 ALERT:1 KASO:1 DATING:1 BIKTIMA:1 ALL:3 YOUR:4 OUR:3 ARE:7 FOR:7 THE:29 NAME:4 DAYS:5 LAST:5 THERE:1 NOT:2 WAS:1 END:2 TEST:1 PAGE:2 GAT:1 TAG:1 SHOW:1 VIDEO:1 VIEW:1 DAY:1 ALSO:1 SEARCH:1 CLOSE:2
https://saksingayon.com/pobreng-pasyente-panalo-sa-universal-health-care-act/	PASYENTE:2 PANALO:2 SAKSI:3 NGAYON:4 SEPTEMBER:19 NOON:2 POLICE:2 KONGRESO:4 BAKIT:2 WALA:2 NANG:2 MAKUHA:2 PROSEKUSYON:2 PATULOY:3 MINAHAN:2 MGA:13 GUWARDIYA:2 BUWANG:2 SAHOD:2 BALITA:5 METRO:1 PROBINSIYA:1 IBA:2 ISYU:2 NEW:8 YEAR:1 MANALO:1 MAY:10 AND:18 SARA:1 OPINYON:1 KALUSUGAN:1 KAGANDAHAN:1 KULTURA:1 TEKNOLOHIYA:1 PAGKAIN:1 KAINAN:1 PASYALAN:1 BAHAY:1 ESTILO:1 GALAW:1 MERKADO:1 LAGAY:1 PANAHON:1 RED:1 SPECIAL:1 ANG:12 DAGDAG:1 SULIRANIN:1 SAKIT:1 MAMAMAYAN:1 LALO:1 BAYARIN:1 OSPITAL:4 KAPAG:1 MAGING:3 BATAS:3 ARAW:1 KAPULUNGAN:1 PANUKALA:3 MATAPOS:1 ITO:1 PAGKATAPOS:1 NITO:1 LAGDA:1 LAMANG:1 PARA:3 GANAP:1 AYON:1 KAY:1 HINDI:1 UTANG:1 KUNG:2 SILA:1 DAHIL:2 PATAKARAN:1 THE:36 SAAD:1 AGAD:1 RATIPIKASYON:1 BASE:1 LAHAT:1 MIYEMBRO:1 MAGBAYAD:1 ISA:1 GOBYERNO:1 GASTUSIN:1 DIN:1 PAANO:1 NILA:1 NOW:1 LEGAL:1 FOR:9 EVEN:1 ALL:4 CAN:1 MAMBABATAS:1 BAHO:1 LALAKI:1 SAKSAK:1 KAPITBAHAY:1 KAGAMITAN:1 NGUNIT:1 MAPAYAPA:1 MAAYOS:2 NAGING:1 PAYAPA:1 KABUUAN:1 AKTIBIDAD:1 GRUPO:1 OPOSISYON:1 DAPAT:1 SAGUTIN:1 PLEBISITO:1 HUWAG:1 MADALIIN:1 MAS:2 MALINAW:1 PROSESO:1 YOU:4 MUST:1 ADDRESS:2 DILIMAN:2 ILANG:1 KABATAAN:1 RESPONSABLE:1 MATIBAY:1 PAARALAN:1 ALERT:1 DESISYON:1 KASO:1 DATING:1 BIKTIMA:1 YOUR:4 OUR:3 ARE:7 NAME:4 DAYS:5 TRAFFIC:2 LAST:5 THERE:1 NOT:2 WAS:1 END:2 TEST:1 PAGE:2 GAT:1 TAG:1 SHOW:1 VIDEO:1 VIEW:1 DAY:1 ALSO:1 SEARCH:1 CLOSE:2
https://saksingayon.com/lalaki-binurdahan-ng-saksak-ng-kapitbahay/	LALAKI:3 SAKSAK:4 KAPITBAHAY:5 SAKSI:3 NGAYON:5 SEPTEMBER:19 NOON:2 POLICE:3 KONGRESO:2 BAKIT:2 WALA:2 NANG:4 MAKUHA:2 PROSEKUSYON:2 PATULOY:3 MINAHAN:2 MGA:4 GUWARDIYA:2 BUWANG:2 SAHOD:2 BALITA:5 METRO:5 PROBINSIYA:1 IBA:2 ISYU:1 NEW:8 YEAR:1 MANALO:1 MAY:9 AND:16 SARA:1 OPINYON:1 KALUSUGAN:1 KAGANDAHAN:1 KULTURA:1 TEKNOLOHIYA:1 PAGKAIN:1 KAINAN:1 PASYALAN:1 BAHAY:1 ESTILO:1 GALAW:1 MERKADO:1 LAGAY:1 PANAHON:1 RED:1 SPECIAL:1 CHE:1 PATAY:1 ANG:12 ISANG:2 MATAPOS:1 HABAS:1 KANILA:1 HINDI:3 MALAMANG:1 LUNGSOD:2 KAMAKALAWA:1 GABI:2 ULAT:1 GANAP:1 ALAS:1 MAGANAP:1 INSIDENTE:1 KAHABAAN:1 BARANGAY:1 LEON:1 PAPUNTA:1 UMANO:1 TINDAHAN:1 RING:3 LUGAR:2 ABAYAN:1 ANYOS:1 BINATA:1 HANAP:1 BUHAY:1 BITBIT:2 BOTE:1 BEER:1 UPANG:2 BUMILI:1 BIGLA:1 SUNGGABAN:1 SUSPEK:5 ALYAS:1 LANG:1 BIKTIMA:7 BAHAGI:1 KATAWAN:1 KAHIT:1 TADTAD:1 SARILI:1 NGUNIT:2 RIN:3 NITO:2 DAHIL:1 ILANG:2 KANTO:1 ITO:1 KUMARIPAS:1 NAMAN:2 TAKBO:1 ARMAS:1 MABILIS:1 MABUHAY:1 HABANG:1 LUNAS:1 MURDER:1 BLANGKO:1 PAMILYA:1 HINGGIL:1 MOTIBO:1 PAGPATAY:1 PASYENTE:1 PANALO:1 KRITIKAL:1 DATING:3 DESISYON:3 KASO:2 ONE:1 BALIGTARIN:1 YOU:4 MUST:1 ADDRESS:2 DILIMAN:2 KABATAAN:1 MAGING:1 RESPONSABLE:1 PARA:1 MAS:1 MATIBAY:1 PAARALAN:1 ALERT:1 ALL:3 YOUR:4 OUR:3 ARE:7 FOR:7 THE:29 NAME:4 DAYS:5 TRAFFIC:2 LAST:5 THERE:1 NOT:2 WAS:1 END:2 TEST:1 PAGE:2 GAT:1 TAG:1 SHOW:1 VIDEO:1 VIEW:1 DAY:1 ALSO:1 SEARCH:1 CLOSE:2
https://saksingayon.com/construction-worker-kritikal-sa-scaffolding/	KRITIKAL:4 SAKSI:3 NGAYON:6 SEPTEMBER:19 NOON:2 POLICE:3 KONGRESO:2 BAKIT:2 WALA:2 NANG:4 MAKUHA:2 PROSEKUSYON:2 PATULOY:2 MINAHAN:2 MGA:4 GUWARDIYA:2 BUWANG:2 SAHOD:2 BALITA:5 METRO:5 PROBINSIYA:1 IBA:2 ISYU:1 NEW:8 YEAR:1 MANALO:1 MAY:9 AND:16 SARA:1 OPINYON:1 KALUSUGAN:1 KAGANDAHAN:1 KULTURA:1 TEKNOLOHIYA:1 PAGKAIN:1 KAINAN:1 PASYALAN:1 BAHAY:1 ESTILO:1 GALAW:1 MERKADO:1 LAGAY:1 PANAHON:1 RED:1 SPECIAL:1 CHE:1 NASA:2 KALAGAYAN:2 ANG:16 ISANG:3 DAHIL:1 PINSALA:1 NITO:1 KATAWAN:1 MAG:2 PAGI:1 METAL:3 TAMAAN:1 ITO:1 LUNGSOD:2 MALABON:2 KAMAKALAWA:1 HAPON:2 ULAT:1 GANAP:1 ALAS:1 PASADO:1 MAGANAP:1 INSIDENTE:1 LOOB:2 LAMANG:2 MALL:3 KANTO:1 DAGAT:1 DAGATAN:1 BARANGAY:1 KASALUKUYAN:1 UMANO:1 ANYOS:2 MESA:1 MANILA:1 KASAMA:1 BIGLA:1 GAMIT:1 KAYA:1 MAHULOG:1 BIKTIMA:5 AGAD:1 KATRABAHO:1 ARI:1 ROSARIO:1 ARAW:1 DARATING:1 LALAKI:1 SAKSAK:1 KAPITBAHAY:1 BAWAT:2 SENADOR:1 HINDI:1 ANDAYA:1 DATING:3 DESISYON:3 KASO:2 ONE:1 BALIGTARIN:1 YOU:4 MUST:1 ADDRESS:2 DILIMAN:2 ILANG:1 KABATAAN:1 MAGING:1 RESPONSABLE:1 PARA:1 MAS:1 MATIBAY:1 PAARALAN:1 ALERT:1 ALL:3 YOUR:4 OUR:3 ARE:7 FOR:7 THE:29 NAME:4 DAYS:5 TRAFFIC:2 LAST:5 THERE:1 NOT:2 WAS:1 END:2 TEST:1 PAGE:2 GAT:1 TAG:1 SHOW:1 VIDEO:1 VIEW:1 DAY:1 ALSO:1 SEARCH:1 CLOSE:2
https://saksingayon.com/p60m-ng-bawat-congressman-p200m-ng-bawat-senador-hindi-pork-andaya/	BAWAT:4 SENADOR:3 HINDI:3 ANDAYA:6 SAKSI:3 NGAYON:4 SEPTEMBER:19 NOON:2 POLICE:2 KONGRESO:2 BAKIT:2 WALA:2 NANG:3 MAKUHA:2 PROSEKUSYON:2 PATULOY:2 MINAHAN:2 MGA:8 GUWARDIYA:2 BUWANG:2 SAHOD:2 BALITA:5 METRO:1 PROBINSIYA:1 IBA:2 ISYU:2 NEW:8 YEAR:1 MANALO:1 MAY:11 AND:18 SARA:1 OPINYON:1 KALUSUGAN:1 KAGANDAHAN:1 KULTURA:1 TEKNOLOHIYA:1 PAGKAIN:1 KAINAN:1 PASYALAN:1 BAHAY:1 ESTILO:1 GALAW:1 MERKADO:1 LAGAY:1 PANAHON:1 RED:1 SPECIAL:1 PONDO:4 ANG:7 KONGRESISTA:1 PARA:5 PROGRAMA:1 PROYEKTO:3 NGUNIT:2 ITO:2 THE:36 ALL:4 GET:1 PIE:1 FOR:8 ARE:8 NOT:3 PALIWANAG:1 UNA:1 GALING:1 GIIT:1 MAMBABATAS:1 ORDER:2 BAGKUS:1 DARAAN:1 OUR:4 CAN:1 KARAPATAN:1 KAPANGYARIHAN:1 SENADO:1 PAGLILINAW:1 KRITIKAL:1 ANYOS:1 KALABOSO:1 KAGAMITAN:1 MAPAYAPA:1 MAAYOS:2 NAGING:1 PAYAPA:1 KABUUAN:1 AKTIBIDAD:1 GRUPO:1 OPOSISYON:1 DAPAT:1 SAGUTIN:1 PLEBISITO:1 HUWAG:1 MADALIIN:1 MAS:2 MALINAW:1 PROSESO:1 YOU:4 MUST:1 ADDRESS:2 DILIMAN:2 ILANG:1 KABATAAN:1 MAGING:1 RESPONSABLE:1 MATIBAY:1 PAARALAN:1 ALERT:1 DESISYON:1 KASO:1 DATING:1 BIKTIMA:1 YOUR:4 NAME:4 DAYS:5 TRAFFIC:2 LAST:5 THERE:1 WAS:1 END:2 TEST:1 PAGE:2 GAT:1 TAG:1 SHOW:1 VIDEO:1 VIEW:1 DAY:1 ALSO:1 SEARCH:1 CLOSE:2
https://saksingayon.com/15-anyos-kalaboso-sa-carnapping/	ANYOS:5 KALABOSO:2 SAKSI:3 NGAYON:5 SEPTEMBER:19 NOON:2 POLICE:3 KONGRESO:2 BAKIT:2 WALA:3 NANG:4 MAKUHA:2 PROSEKUSYON:2 PATULOY:2 MINAHAN:2 MGA:5 GUWARDIYA:2 BUWANG:2 SAHOD:2 BALITA:5 METRO:5 PROBINSIYA:1 IBA:2 ISYU:1 NEW:8 YEAR:1 MANALO:1 MAY:9 AND:17 SARA:1 OPINYON:1 KALUSUGAN:1 KAGANDAHAN:1 KULTURA:1 TEKNOLOHIYA:1 PAGKAIN:1 KAINAN:1 PASYALAN:1 BAHAY:2 ESTILO:1 GALAW:1 MERKADO:1 LAGAY:1 PANAHON:1 RED:1 SPECIAL:1 CHE:1 ISANG:5 BINATILYO:3 ANG:13 AWTORIDAD:1 MATAPOS:1 MAGNAKAW:1 SASAKYAN:2 NEGOSYANTE:1 LUNGSOD:2 KAMAKALAWA:1 GABI:2 ULAT:1 GANAP:1 ALAS:1 MAGANAP:1 INSIDENTE:1 BARANGAY:3 DAGAT:1 DAGATAN:1 AYON:1 SANDALI:1 LAMANG:1 UMANO:1 LUGAR:1 MOTORSIKLO:2 UPANG:1 DAANAN:1 KAIBIGAN:1 NGUNIT:1 ILANG:2 MINUTO:1 LANG:2 NIYA:1 MABILIS:1 USISAIN:1 KUHA:1 DOON:2 ISA:1 PALANG:1 NITO:2 LUIS:1 OUT:1 SCHOOL:1 KILALA:1 MISMO:1 TAGA:1 AGAD:2 NGA:1 BIKTIMA:4 DING:1 OVER:1 BAGAMAT:1 MENOR:1 EDAD:1 RING:1 PAGLABAG:1 BAWAT:2 SENADOR:1 HINDI:1 ANDAYA:1 PUNTOS:1 DATING:3 DESISYON:3 KASO:2 ONE:1 BALIGTARIN:1 YOU:4 MUST:1 ADDRESS:2 DILIMAN:2 KABATAAN:1 MAGING:1 RESPONSABLE:1 PARA:1 MAS:1 MATIBAY:1 PAARALAN:1 ALERT:1 ALL:3 YOUR:4 OUR:3 ARE:7 FOR:7 THE:29 NAME:4 DAYS:5 TRAFFIC:2 LAST:5 THERE:1 NOT:2 WAS:1 END:2 TEST:1 PAGE:2 GAT:1 TAG:1 SHOW:1 VIDEO:1 VIEW:1 DAY:1 ALSO:1 SEARCH:1 CLOSE:2
https://saksingayon.com/twin-tower-sa-team-pilipinas/	SAKSI:3 NGAYON:4 SEPTEMBER:19 NOON:2 POLICE:2 KONGRESO:2 BAKIT:3 WALA:2 NANG:2 MAKUHA:2 PROSEKUSYON:2 PATULOY:2 MINAHAN:2 MGA:7 GUWARDIYA:2 BUWANG:2 SAHOD:2 BALITA:2 METRO:1 PROBINSIYA:1 IBA:3 ISYU:1 NEW:9 YEAR:1 MANALO:1 MAY:9 AND:16 SARA:1 OPINYON:1 KALUSUGAN:1 KAGANDAHAN:1 KULTURA:1 TEKNOLOHIYA:1 PAGKAIN:1 KAINAN:1 PASYALAN:1 BAHAY:1 ESTILO:1 GALAW:1 MERKADO:1 LAGAY:1 PANAHON:1 RED:1 SPECIAL:3 SINA:5 ANG:14 MAN:4 BUKAS:1 GABI:1 KONTRA:3 MALL:1 PARA:7 FIFTH:1 WORLD:2 BALE:1 APAT:1 MANLALARO:2 BARANGAY:1 MALIBAN:1 KAY:1 TULAD:1 NINA:1 HABANG:1 KASAMA:2 SAN:3 COACH:2 BUKOD:1 KOPONAN:1 RAIN:1 GABE:1 PAUL:2 RIN:3 PERO:1 SIYA:1 BILANG:1 LABAN:2 SEVEN:1 NAMAN:2 LUNES:2 MULA:1 SAPAT:1 SPOT:1 TOP:1 BEST:1 FOURTH:1 TIKET:1 SUSUNOD:1 TAON:1 MAMIMILI:1 LARO:1 ROSARIO:1 GILAS:2 THE:35 BATANG:1 ATENEO:1 HINDI:1 DAHIL:1 ISANG:1 LANG:1 TIKAS:1 ITO:1 HOME:1 FOR:8 RIGHT:1 SPEED:2 YOU:4 MUST:1 ADDRESS:1 DILIMAN:1 ILANG:1 KABATAAN:1 MAGING:1 RESPONSABLE:1 MAS:1 MATIBAY:1 PAARALAN:1 ALERT:1 DESISYON:1 KASO:1 DATING:1 BIKTIMA:1 ALL:3 YOUR:4 OUR:3 ARE:7 NAME:4 DAYS:5 TRAFFIC:2 LAST:5 THERE:1 NOT:2 WAS:1 END:2 TEST:1 PAGE:2 GAT:1 TAG:1 SHOW:1 VIDEO:1 VIEW:1 DAY:1 ALSO:1 SEARCH:1 CLOSE:2
https://saksingayon.com/2-puntos-ng-up-fighting-maroons-tumapos-sa-adamson-sa-ot/	PUNTOS:5 SAKSI:3 NGAYON:4 SEPTEMBER:19 NOON:2 POLICE:2 KONGRESO:2 BAKIT:2 WALA:2 NANG:5 MAKUHA:2 PROSEKUSYON:2 PATULOY:2 MINAHAN:2 MGA:3 GUWARDIYA:2 BUWANG:2 SAHOD:2 BALITA:2 METRO:1 PROBINSIYA:1 IBA:2 ISYU:1 NEW:9 YEAR:1 MANALO:1 MAY:11 AND:16 SARA:1 OPINYON:1 KALUSUGAN:1 KAGANDAHAN:1 KULTURA:1 TEKNOLOHIYA:1 PAGKAIN:1 KAINAN:1 PASYALAN:1 BAHAY:1 ESTILO:1 GALAW:1 MERKADO:1 LAGAY:1 PANAHON:1 RED:1 SPECIAL:3 ANG:24 THE:34 DAHIL:5 ITO:4 TAONG:1 KAYA:2 NAMAN:2 HINDI:1 KUNG:2 SAAN:2 NILA:1 KALIGAYAHAN:1 KAKAIBA:1 PANALO:2 NANGYARI:1 ISANG:3 NAGANAP:2 BOLA:1 RING:1 UPANG:1 UNA:1 HULI:1 LOOB:2 MINUTO:1 DITO:2 ATENEO:2 MANILA:1 PARA:3 SEASON:1 MALL:1 TIYAK:1 HUSTO:1 UHAW:2 KAGABI:1 LAKAS:1 PAUL:1 TUMIRA:2 PANIG:1 TAPUSIN:1 PERO:1 MAS:2 FIRST:1 BUHAT:1 BASKET:2 BRIGHT:1 RIN:1 SIX:1 LEAD:2 AGAD:1 ABANTE:1 BAGO:1 THIRD:1 TUNGO:1 PAPUNTA:1 FOURTH:1 MULA:1 KOPONAN:1 PABOR:1 TAPANG:1 ISKOR:1 TSANSA:1 SANA:1 SUBALIT:1 TRES:1 SABAY:1 HANGGANG:1 LIGAYA:1 OUR:4 PAHAYAG:1 COACH:1 BIGWAS:1 NAGING:1 KAMPEON:1 ANYOS:1 KALABOSO:1 KONTRA:1 ILEGAL:1 DROGA:1 HOME:1 FOR:8 RIGHT:1 SPEED:2 YOU:4 MUST:1 ADDRESS:1 DILIMAN:1 ILANG:1 KABATAAN:1 MAGING:1 RESPONSABLE:1 MATIBAY:1 PAARALAN:1 ALERT:1 DESISYON:1 KASO:1 DATING:1 BIKTIMA:1 ALL:3 YOUR:4 ARE:7 NAME:4 DAYS:5 TRAFFIC:2 LAST:5 THERE:1 NOT:2 WAS:1 END:2 TEST:1 PAGE:2 GAT:1 TAG:1 SHOW:1 VIDEO:1 VIEW:1 DAY:1 ALSO:1 SEARCH:1 CLOSE:2
https://saksingayon.com/utos-ng-boc-chief-lalong-magpapalala-ng-korapsiyon/	UTOS:2 KORAPSIYON:2 SAKSI:3 NGAYON:4 SEPTEMBER:19 NOON:2 POLICE:3 KONGRESO:2 BAKIT:2 WALA:2 NANG:2 MAKUHA:2 PROSEKUSYON:2 PATULOY:2 MINAHAN:2 MGA:9 GUWARDIYA:2 BUWANG:2 SAHOD:2 BALITA:5 METRO:1 PROBINSIYA:4 IBA:2 ISYU:1 NEW:8 YEAR:1 MANALO:1 MAY:9 AND:20 SARA:1 OPINYON:1 KALUSUGAN:1 KAGANDAHAN:1 KULTURA:1 TEKNOLOHIYA:1 PAGKAIN:1 KAINAN:1 PASYALAN:1 BAHAY:1 ESTILO:1 GALAW:1 MERKADO:1 LAGAY:1 PANAHON:1 RED:1 SPECIAL:1 SAYANG:1 ANG:9 SIMULA:1 DAHIL:4 MALING:1 KAUTUSAN:3 TILA:2 PANGINOON:1 FOR:9 LAKAS:1 KAPANGYARIHAN:1 IBINIGAY:1 DITO:1 BUNSOD:1 PAGPAPATUPAD:1 SABLAY:2 ORDER:1 AYON:3 AMO:1 PROJECT:1 NGUNIT:1 ITO:1 HINDI:1 ALINSUNOD:1 BAGKUS:1 PAG:3 PODER:1 TAO:1 TANGGAPAN:1 LAMANG:1 SUMBONG:2 PANGALAN:1 MULA:1 ALERTO:1 KARGAMENTO:2 IMBESTIGASYON:1 KAYA:2 GINAWA:1 INUTIL:1 LAHAT:1 AHENSYA:1 MALIBAN:1 PABORITO:1 MALAKAS:1 UMANO:4 USAP:1 USAPAN:1 RIN:1 TARA:1 PARA:2 OPISYAL:1 MAGIGING:1 KALAKARAN:1 DAGDAG:1 NITO:1 PAMUNUAN:1 ILALIM:1 SINA:2 KAWALAN:1 TAGA:1 HALIP:1 SANA:1 NAGING:1 ABALA:1 URI:1 MAS:2 KILALA:1 TAWAG:1 INTELIHENSYA:1 PAHAYAG:1 KONTRA:1 ILEGAL:1 DROGA:1 SHABU:2 OPS:1 MAYOR:3 LABAN:1 KAY:1 ALI:1 PARK:1 SAN:3 PANDAY:2 BAYANIHAN:2 BUO:1 SUPORTA:2 KANAN:1 TODO:1 YOU:4 MUST:1 ADDRESS:2 DILIMAN:2 ILANG:1 KABATAAN:1 MAGING:1 RESPONSABLE:1 MATIBAY:1 PAARALAN:1 ALERT:1 DESISYON:1 KASO:1 DATING:1 BIKTIMA:1 ALL:3 YOUR:4 OUR:3 ARE:7 THE:29 NAME:4 DAYS:5 TRAFFIC:2 LAST:5 THERE:1 NOT:2 WAS:1 END:2 TEST:1 PAGE:2 GAT:1 TAG:1 SHOW:1 VIDEO:1 VIEW:1 DAY:1 ALSO:1 SEARCH:1 CLOSE:2
https://saksingayon.com/boc-at-pdea-kontra-smuggling-ng-ilegal-na-droga/	KONTRA:3 ILEGAL:3 DROGA:3 SAKSI:3 NGAYON:4 SEPTEMBER:19 NOON:2 POLICE:2 KONGRESO:2 BAKIT:2 WALA:2 NANG:2 MAKUHA:2 PROSEKUSYON:2 PATULOY:2 MINAHAN:2 MGA:3 GUWARDIYA:2 BUWANG:2 SAHOD:2 BALITA:5 METRO:1 PROBINSIYA:4 IBA:2 ISYU:1 NEW:8 YEAR:1 MANALO:1 MAY:9 AND:16 SARA:1 OPINYON:1 KALUSUGAN:1 KAGANDAHAN:1 KULTURA:1 TEKNOLOHIYA:1 PAGKAIN:1 KAINAN:1 PASYALAN:1 BAHAY:1 ESTILO:1 GALAW:1 MERKADO:1 LAGAY:1 PANAHON:1 RED:1 SPECIAL:1 NINA:1 KALIWA:1 KANAN:2 ANG:3 UGNAYAN:1 AHENSIYA:1 MATAPOS:1 LAGDAAN:1 HINGGIL:1 MAGIGING:1 TANGGAPAN:1 REHIYON:1 PUNTOS:1 UTOS:1 KORAPSIYON:1 MAYOR:3 LABAN:1 KAY:1 ALI:1 PARK:1 SAN:3 SINA:1 PANDAY:2 BAYANIHAN:2 BUO:1 SUPORTA:2 TODO:1 YOU:4 MUST:1 ADDRESS:2 DILIMAN:2 ILANG:1 KABATAAN:1 MAGING:1 RESPONSABLE:1 PARA:1 MAS:1 MATIBAY:1 PAARALAN:1 ALERT:1 DESISYON:1 KASO:1 DATING:1 BIKTIMA:1 ALL:3 YOUR:4 OUR:3 ARE:7 FOR:7 THE:29 NAME:4 DAYS:5 TRAFFIC:2 LAST:5 THERE:1 NOT:2 WAS:1 END:2 TEST:1 PAGE:2 GAT:1 TAG:1 SHOW:1 VIDEO:1 VIEW:1 DAY:1 ALSO:1 SEARCH:1 CLOSE:2
https://saksingayon.com/p2-2-b-shabu-chemicals-p3-7-m-shabu-kumpiskado-sa-police-ops/	SHABU:10 POLICE:6 OPS:2 SAKSI:3 NGAYON:4 SEPTEMBER:19 NOON:2 KONGRESO:2 BAKIT:2 WALA:2 NANG:2 MAKUHA:2 PROSEKUSYON:2 PATULOY:3 MINAHAN:2 MGA:5 GUWARDIYA:2 BUWANG:2 SAHOD:2 BALITA:5 METRO:5 PROBINSIYA:1 IBA:2 ISYU:1 NEW:8 YEAR:1 MANALO:1 MAY:9 AND:16 SARA:1 OPINYON:1 KALUSUGAN:1 KAGANDAHAN:1 KULTURA:1 TEKNOLOHIYA:1 PAGKAIN:1 KAINAN:1 PASYALAN:1 BAHAY:1 ESTILO:1 GALAW:1 MERKADO:1 LAGAY:1 PANAHON:1 RED:1 SPECIAL:1 HALAGA:3 BANYAGA:1 ANG:13 OPERASYON:2 PULISYA:2 HINGGIL:1 DROGA:2 AYON:1 HEPE:2 SABI:1 INSIDENTE:1 ISANG:5 TAUHAN:1 KILO:1 MILYON:1 MATAPOS:1 NITO:2 ULI:1 BATAY:1 IBINIGAY:1 SAN:1 GANAP:1 ANI:1 PAGKATAPOS:1 NAMAN:1 PULIS:1 SANGKAP:1 LOOB:1 SASAKYAN:1 PARADA:1 KEMIKAL:1 MAKAGAWA:1 TUGON:1 BAHAGI:1 LABAN:1 BANSA:1 UTOS:1 KORAPSIYON:1 PASOK:1 DATING:3 DESISYON:3 KASO:2 ONE:1 BALIGTARIN:1 BIKTIMA:3 YOU:4 MUST:1 ADDRESS:2 DILIMAN:2 ILANG:1 KABATAAN:1 MAGING:1 RESPONSABLE:1 PARA:1 MAS:1 MATIBAY:1 PAARALAN:1 ALERT:1 ALL:3 YOUR:4 OUR:3 ARE:7 FOR:7 THE:29 NAME:4 DAYS:5 TRAFFIC:2 LAST:5 THERE:1 NOT:2 WAS:1 END:2 TEST:1 PAGE:2 GAT:1 TAG:1 SHOW:1 VIDEO:1 VIEW:1 DAY:1 ALSO:1 SEARCH:1 CLOSE:2
https://saksingayon.com/parks-pasok-sa-pba-rookie-draft-2018/	PASOK:2 SAKSI:3 NGAYON:4 SEPTEMBER:19 NOON:2 POLICE:3 KONGRESO:2 BAKIT:2 WALA:2 NANG:4 MAKUHA:2 PROSEKUSYON:2 PATULOY:2 MINAHAN:2 MGA:3 GUWARDIYA:2 BUWANG:2 SAHOD:2 BALITA:2 METRO:1 PROBINSIYA:1 IBA:2 ISYU:1 NEW:9 YEAR:1 MANALO:1 MAY:9 AND:16 SARA:1 OPINYON:1 KALUSUGAN:1 KAGANDAHAN:1 KULTURA:1 TEKNOLOHIYA:1 PAGKAIN:1 KAINAN:1 PASYALAN:1 BAHAY:1 ESTILO:1 GALAW:1 MERKADO:1 LAGAY:1 PANAHON:1 RED:1 SPECIAL:3 KASAMA:1 PAMAMAGITAN:1 SIYA:4 APLIKASYON:1 PARA:4 MAGING:2 BAHAGI:2 THE:34 SAAD:1 NAMAN:1 ANG:7 MAGIGING:1 MASAYA:1 DAHIL:2 MATAGAL:1 MAKITA:1 LARO:1 NITO:1 TAONG:1 GULANG:1 ANAK:1 BEST:1 NAGING:2 MIYEMBRO:1 DIN:4 BESES:1 GINTO:1 KASAPI:1 ALAB:1 RIN:1 GILAS:1 TIGRE:1 MAHARLIKA:1 ANTA:1 DATU:1 NASA:1 TOP:2 LARANGAN:1 SINA:1 SAN:1 SHABU:2 OPS:1 PULIS:1 KORTE:1 HOME:1 FOR:8 RIGHT:1 SPEED:2 YOU:4 MUST:1 ADDRESS:1 DILIMAN:1 ILANG:1 KABATAAN:1 RESPONSABLE:1 MAS:1 MATIBAY:1 PAARALAN:1 ALERT:1 DESISYON:1 KASO:1 DATING:1 BIKTIMA:1 ALL:3 YOUR:4 OUR:3 ARE:7 NAME:4 DAYS:5 TRAFFIC:2 LAST:5 THERE:1 NOT:2 WAS:1 END:2 TEST:1 PAGE:2 GAT:1 TAG:1 SHOW:1 VIDEO:1 VIEW:1 DAY:1 ALSO:1 SEARCH:1 CLOSE:2
https://saksingayon.com/3-pulis-caloocan-pinatay-si-kian-korte/	PULIS:4 KORTE:4 SAKSI:3 NGAYON:4 SEPTEMBER:19 NOON:2 POLICE:2 KONGRESO:2 BAKIT:2 WALA:2 NANG:2 MAKUHA:2 PROSEKUSYON:2 PATULOY:2 MINAHAN:2 MGA:3 GUWARDIYA:2 BUWANG:2 SAHOD:2 BALITA:5 METRO:5 PROBINSIYA:1 IBA:3 ISYU:1 NEW:8 YEAR:1 MANALO:1 MAY:10 AND:16 SARA:1 OPINYON:1 KALUSUGAN:1 KAGANDAHAN:1 KULTURA:1 TEKNOLOHIYA:1 PAGKAIN:1 KAINAN:1 PASYALAN:1 BAHAY:1 ESTILO:1 GALAW:1 MERKADO:1 LAGAY:1 PANAHON:1 RED:1 SPECIAL:1 HABANG:1 BUHAY:1 PAGKABILANGGO:1 ANG:13 PARUSA:1 LUNGSOD:1 DAHIL:2 PAGPATAY:3 TAONG:1 GULANG:1 DELOS:7 SINA:2 KAY:4 SABI:1 LABAG:1 ARTIKULO:1 PENAL:1 ALINSUNOD:1 TAON:2 HANGGANG:1 BATAY:1 BATAS:1 ABSUWELTO:1 NAMAN:2 SILANG:1 TATLO:1 EBIDENSIYA:1 LABAN:3 SAPAGKAT:2 KAPOS:1 BATAYAN:1 NAGING:1 KONTROBERSIYAL:1 PALABAS:1 GRADE:1 INSIDENTE:1 KRITISISMO:1 OPOSISYON:1 MISMO:1 BARANGAY:1 NGUNIT:2 PAMILYA:1 LIST:2 DESISYON:4 PAG:2 USAD:1 KASO:3 ISANG:2 SENYALES:1 ASA:1 ATING:2 BANSA:1 SIMULA:1 LAMANG:2 PARA:3 HUSTISYA:1 KATARUNGAN:2 HAKBANG:1 TUNGO:1 BIKTIMA:4 KAMPANYA:1 DROGA:1 BANGGIT:1 DIN:1 PASYA:1 PASOK:1 BAWAS:1 PRESYO:1 DATING:3 ONE:1 BALIGTARIN:1 YOU:4 MUST:1 ADDRESS:2 DILIMAN:2 ILANG:1 KABATAAN:1 MAGING:1 RESPONSABLE:1 MAS:1 MATIBAY:1 PAARALAN:1 ALERT:1 ALL:3 YOUR:4 OUR:3 ARE:7 FOR:7 THE:29 NAME:4 DAYS:5 TRAFFIC:2 LAST:5 THERE:1 NOT:2 WAS:1 END:2 TEST:1 PAGE:2 GAT:1 TAG:1 SHOW:1 VIDEO:1 VIEW:1 DAY:1 ALSO:1 SEARCH:1 CLOSE:2
https://saksingayon.com/bawas-presyo-sa-lpg-ngayong-disyembre/	BAWAS:3 PRESYO:11 SAKSI:3 NGAYON:4 SEPTEMBER:19 NOON:2 POLICE:2 KONGRESO:2 BAKIT:2 WALA:2 NANG:3 MAKUHA:2 PROSEKUSYON:2 PATULOY:2 MINAHAN:2 MGA:5 GUWARDIYA:2 BUWANG:2 SAHOD:2 BALITA:3 METRO:2 PROBINSIYA:1 IBA:3 ISYU:1 NEW:8 YEAR:1 MANALO:1 MAY:10 AND:16 SARA:1 OPINYON:1 KALUSUGAN:1 KAGANDAHAN:1 KULTURA:1 TEKNOLOHIYA:1 PAGKAIN:1 KAINAN:1 PASYALAN:1 BAHAY:1 ESTILO:1 GALAW:5 MERKADO:5 LAGAY:1 PANAHON:1 RED:1 SPECIAL:1 PARA:4 BAWAT:2 ANG:16 GAS:1 NASA:1 KADA:3 KILO:1 MULA:4 KASALUKUYAN:1 HIGIT:1 HANGGANG:1 MAHIGIT:1 HALAGA:1 DEPENDE:1 TATAK:1 NITO:1 AYON:2 HINDI:1 KALAKIHAN:1 NGUNIT:1 BAGAY:1 ITO:2 TAO:1 LONG:1 KANILA:1 LALO:1 TIGIL:1 IMPORMASYON:1 BUKAS:1 SUSUNOD:1 KUMPANYA:1 IKALAWA:1 BANSA:1 PAG:1 PAMAHALAAN:1 PATA:1 MUNDO:1 BUWAN:1 PULIS:1 KORTE:1 IMBAKAN:1 KOMUNIDAD:2 TUMANGGAP:1 TAON:1 MANILA:1 BREAK:3 HOME:3 BEST:1 OIL:1 NAMAN:1 PETROLYO:1 YOU:4 MUST:1 ADDRESS:1 DILIMAN:1 ILANG:1 KABATAAN:1 MAGING:1 RESPONSABLE:1 MAS:1 MATIBAY:1 PAARALAN:1 ALERT:1 DESISYON:1 KASO:1 DATING:1 BIKTIMA:1 ALL:3 YOUR:4 OUR:3 ARE:7 FOR:7 THE:29 NAME:4 DAYS:5 TRAFFIC:2 LAST:5 THERE:1 NOT:2 WAS:1 END:2 TEST:1 PAGE:2 GAT:1 TAG:1 SHOW:1 VIDEO:1 VIEW:1 DAY:1 ALSO:1 SEARCH:1 CLOSE:2
https://saksingayon.com/ph-imbakan-ng-chinese-nationals-sa-online-gambling/	IMBAKAN:3 SAKSI:3 NGAYON:5 SEPTEMBER:19 NOON:2 POLICE:2 KONGRESO:2 BAKIT:2 WALA:3 NANG:3 MAKUHA:2 PROSEKUSYON:2 PATULOY:2 MINAHAN:2 MGA:15 GUWARDIYA:2 BUWANG:2 SAHOD:2 BALITA:5 METRO:1 PROBINSIYA:1 IBA:3 ISYU:2 NEW:8 YEAR:1 MANALO:1 MAY:12 AND:16 SARA:1 OPINYON:1 KALUSUGAN:1 KAGANDAHAN:1 KULTURA:1 TEKNOLOHIYA:1 PAGKAIN:1 KAINAN:1 PASYALAN:1 BAHAY:2 ESTILO:1 GALAW:1 MERKADO:1 LAGAY:1 PANAHON:1 RED:1 SPECIAL:1 NINA:1 ANG:13 PARA:3 MAKAKUHA:1 NAMAN:3 EBIDENSYA:1 AWTORIDAD:2 ITO:3 PAMUNUAN:1 DAHIL:4 AYON:2 KAY:1 SINA:3 SHUT:1 ZERO:1 KUN:1 PUNTA:1 PULONG:1 PAN:1 SEARCH:2 OPERASYON:1 HINDI:1 LANG:2 SANGKOT:1 TAON:2 MAKATI:1 RIN:1 DING:1 DIN:2 TAAN:1 ILAN:1 LAMANG:1 DATOS:1 ULAT:2 DOKUMENTO:1 DAHILAN:1 UPANG:1 PAG:1 OPISYAL:3 AHENSYA:1 PAMAHALAAN:2 DAYUHAN:1 NGUNIT:2 PANSIN:1 MAYROON:1 OPERATIBA:1 TOP:1 PISKALYA:1 KASO:2 LABAN:1 SUSPEK:1 KAUGNAYAN:2 BAWAS:1 PRESYO:1 KAILAN:1 KAGAMITAN:1 MAPAYAPA:1 MAAYOS:2 NAGING:1 PAYAPA:1 KABUUAN:1 AKTIBIDAD:1 GRUPO:1 OPOSISYON:1 DAPAT:1 SAGUTIN:1 PLEBISITO:1 HUWAG:1 MADALIIN:1 MAS:2 MALINAW:1 PROSESO:1 YOU:4 MUST:1 ADDRESS:2 DILIMAN:2 ILANG:1 KABATAAN:1 MAGING:1 RESPONSABLE:1 MATIBAY:1 PAARALAN:1 ALERT:1 DESISYON:1 DATING:1 BIKTIMA:1 ALL:3 YOUR:4 OUR:3 ARE:7 FOR:7 THE:29 NAME:4 DAYS:5 TRAFFIC:2 LAST:5 THERE:1 NOT:2 WAS:1 END:2 TEST:1 PAGE:2 GAT:1 TAG:1 SHOW:1 VIDEO:1 VIEW:1 DAY:1 ALSO:1 CLOSE:2
https://saksingayon.com/kailan-ba-magpapakasal-sina-carla-at-tom/	KAILAN:5 SINA:3 SAKSI:3 NGAYON:5 SEPTEMBER:19 NOON:2 POLICE:2 KONGRESO:2 BAKIT:2 WALA:5 NANG:5 MAKUHA:2 PROSEKUSYON:2 PATULOY:2 MINAHAN:2 MGA:5 GUWARDIYA:2 BUWANG:2 SAHOD:2 BALITA:2 METRO:1 PROBINSIYA:1 IBA:2 ISYU:1 NEW:9 YEAR:1 MANALO:1 MAY:15 AND:16 SARA:1 OPINYON:1 KALUSUGAN:1 KAGANDAHAN:1 KULTURA:1 TEKNOLOHIYA:1 PAGKAIN:1 KAINAN:1 PASYALAN:1 BAHAY:1 ESTILO:1 GALAW:1 MERKADO:1 LAGAY:1 PANAHON:1 RED:1 SPECIAL:1 OUR:4 INTERVIEW:2 NAMIN:2 SIYA:3 KUNG:5 SILA:2 HINDI:5 ALAM:1 SABI:2 NGA:4 LAGI:1 KANYA:1 PONG:1 BIGLAIN:1 KASAL:1 KASINTAHAN:1 PARA:2 NAMAN:4 DAPAT:1 ANO:1 PLANADO:1 TALAGA:1 APAT:1 TAON:1 ANG:7 RELASYON:1 TAGAL:1 DIN:1 BIRO:1 KAY:1 BUNTIS:1 ULI:1 PERO:2 RIN:3 AYON:1 KAPUSO:1 AMINADO:1 ITO:3 MERON:1 SIYEMPRE:3 KASI:5 LIKE:2 ULTIMO:2 BARKADA:2 AKO:4 LANG:1 AMA:1 HANDA:1 MAG:2 ASAWA:1 PAPA:2 APO:1 KUMBAGA:1 NANDIYAN:2 SCHOOL:1 LAHAT:1 ANAK:1 YUN:1 PAREHO:1 NEGOSYO:1 MUNA:1 SIGURO:1 CAN:1 FOR:8 JUST:1 TAKING:1 MUCH:1 AKTRES:1 PAMILYA:1 IMBAKAN:1 TOTOO:1 INTRIGA:1 HUWAG:1 DATING:2 DIREK:1 DUMALO:1 KAMI:1 BREAK:2 INA:1 NAGING:1 MAILAP:1 SUMAGOT:1 LEON:1 BATANG:1 TUNGKOL:1 PAMBANSA:2 PROJECT:1 HANGGANG:1 YOU:4 MUST:1 ADDRESS:1 DILIMAN:1 ILANG:1 KABATAAN:1 MAGING:1 RESPONSABLE:1 MAS:1 MATIBAY:1 PAARALAN:1 ALERT:1 DESISYON:1 KASO:1 BIKTIMA:1 ALL:3 YOUR:4 ARE:7 THE:29 NAME:4 DAYS:5 TRAFFIC:2 LAST:5 THERE:1 NOT:2 WAS:1 END:2 TEST:1 PAGE:2 GAT:1 TAG:1 SHOW:1 VIDEO:1 VIEW:1 DAY:1 ALSO:1 SEARCH:1 CLOSE:2
https://saksingayon.com/multi-awarded-actress-on-being-an-mtrcb-board-member-we-just-rate-we-dont-cut-gloria-sevilla/	BOARD:4 JUST:3 CUT:3 SAKSI:3 NGAYON:5 SEPTEMBER:19 NOON:2 POLICE:2 KONGRESO:2 BAKIT:2 WALA:3 NANG:6 MAKUHA:2 PROSEKUSYON:2 PATULOY:3 MINAHAN:2 MGA:10 GUWARDIYA:2 BUWANG:2 SAHOD:2 BALITA:2 METRO:1 PROBINSIYA:1 IBA:3 ISYU:1 NEW:8 YEAR:1 MANALO:1 MAY:13 AND:18 SARA:1 OPINYON:1 KALUSUGAN:1 KAGANDAHAN:1 KULTURA:1 TEKNOLOHIYA:1 PAGKAIN:1 KAINAN:1 PASYALAN:1 BAHAY:1 ESTILO:1 GALAW:1 MERKADO:1 LAGAY:1 PANAHON:2 RED:1 SPECIAL:1 KARANGALAN:1 ANG:21 AKTRES:2 TAONG:1 ITO:4 UNA:1 BILANG:5 BEST:3 PARA:4 MAESTRA:1 NIYA:4 DIN:1 KUNG:4 SAAN:1 SINA:1 BAR:1 YAYO:1 BOKSINGERO:1 LAST:6 KAPAG:2 RAW:3 KUMPLETO:1 TALAGA:1 BUHAY:1 BUKOD:1 KUMUSTA:1 PINUNO:1 AHENSIYA:1 ONE:1 THE:32 NAGKAROON:1 ISA:1 RIN:2 YAN:2 REYNA:1 WAS:3 ALSO:2 PERO:2 MAGALING:3 SIYA:2 MAHUSAY:3 BAGO:1 LAMANG:1 MASYADO:1 DAW:1 BATA:6 POSISYON:1 NAMAN:1 KAYA:1 NYA:1 RESPONSIBILIDAD:1 HINDI:6 DAHIL:2 NOT:4 GIVE:1 YOUNG:1 NAGING:2 TAO:1 PARTE:1 TUNGKOL:2 TRABAHO:1 NILA:1 YUN:1 NGA:1 ANO:2 NAMIN:2 DITO:1 KASI:2 KAGAYA:2 SABI:1 DATI:2 LOVE:1 SOBRA:1 RAPE:1 PATAYAN:1 LALO:2 PUWEDE:1 PAG:2 KAILANGAN:1 SAMAHAN:1 ISANG:5 LOLA:1 MAMA:1 ATE:1 KUYA:1 GANYAN:1 GANITO:1 MUCH:1 HUWAG:2 SANA:1 MANOOD:1 SUNDAY:1 KATABI:1 MAGULANG:1 KUMBAGA:1 MATAPOS:1 NASA:1 NAIS:1 PUTULIN:1 PELIKULA:2 RATING:1 TOTOO:1 INTRIGA:1 MAG:1 KAY:1 DATING:2 DIREK:1 DUMALO:1 KAMI:1 BREAK:2 INA:1 MAILAP:1 SUMAGOT:1 LEON:1 BATANG:1 PAMBANSA:2 PROJECT:1 HANGGANG:1 YOU:4 MUST:1 ADDRESS:1 DILIMAN:1 ILANG:1 KABATAAN:1 MAGING:1 RESPONSABLE:1 MAS:1 MATIBAY:1 PAARALAN:1 ALERT:1 DESISYON:1 KASO:1 BIKTIMA:1 ALL:3 YOUR:4 OUR:3 ARE:7 FOR:7 NAME:4 DAYS:5 TRAFFIC:2 THERE:1 END:2 TEST:1 PAGE:2 GAT:1 TAG:1 SHOW:1 VIDEO:1 VIEW:1 DAY:1 SEARCH:1 CLOSE:2
https://saksingayon.com/zsa-zsa-tuluyan-nang-iiwan-ang-asap/	NANG:8 ANG:20 ASAP:10 SAKSI:3 NGAYON:7 SEPTEMBER:19 NOON:2 POLICE:2 KONGRESO:2 BAKIT:3 WALA:3 MAKUHA:2 PROSEKUSYON:2 PATULOY:2 MINAHAN:2 MGA:6 GUWARDIYA:2 BUWANG:2 SAHOD:2 BALITA:3 METRO:1 PROBINSIYA:1 IBA:2 ISYU:2 NEW:8 YEAR:1 MANALO:1 MAY:12 AND:16 SARA:1 OPINYON:1 KALUSUGAN:1 KAGANDAHAN:1 KULTURA:1 TEKNOLOHIYA:1 PAGKAIN:1 KAINAN:1 PASYALAN:1 BAHAY:1 ESTILO:1 GALAW:1 MERKADO:1 LAGAY:1 PANAHON:1 RED:1 SPECIAL:1 HANGGANG:2 MALAKI:1 RING:1 PALAISIPAN:1 TUNAY:2 NATIN:3 PARA:2 MAGING:3 MALINAW:1 LAHAT:1 SINA:2 LUIS:1 REGULAR:2 LANG:1 SHOW:3 HINDI:8 RIN:2 BUT:1 GOOD:1 TIKOM:1 BIBIG:1 SENTIMYENTO:1 NANGYARI:1 KANILA:1 SABI:2 NGA:1 SILA:3 DAHIL:2 DITO:1 BANSA:1 ISA:1 MATAGAL:1 PROGRAMA:2 KAYA:1 NAMAN:2 MARAMI:1 KANYA:1 SIYA:6 MAG:1 TAPOS:1 MAS:3 USAPAN:1 NAGING:2 IPINOST:1 LIKE:1 BIG:1 DEAL:1 WAS:2 NAMIN:1 MISMO:1 KASI:1 PALA:1 NIYA:5 KAHIT:1 DATING:3 DAHILAN:1 LAMANG:1 KUNG:2 GANYAN:1 KATAYUAN:1 PERO:1 KAMI:2 TALIWAS:1 KUMALAT:1 LALO:2 MAHIRAP:1 MAHAL:1 IWANAN:1 ITO:2 INTERBYU:1 KAY:1 RESORT:2 PANGALAN:1 MARAHIL:1 GUSTO:1 MUNA:1 MUKHA:1 PAGBABASEHAN:1 GANITO:1 THE:30 OUR:4 MAYOR:1 GOMA:1 DOBLE:1 SIPAG:1 PAMILYA:1 DIREK:1 DUMALO:1 BREAK:2 INA:1 MAILAP:1 SUMAGOT:1 LEON:1 BATANG:1 TUNGKOL:1 PAMBANSA:2 PROJECT:1 YOU:4 MUST:1 ADDRESS:1 DILIMAN:1 ILANG:1 KABATAAN:1 RESPONSABLE:1 MATIBAY:1 PAARALAN:1 ALERT:1 DESISYON:1 KASO:1 BIKTIMA:1 ALL:3 YOUR:4 ARE:7 FOR:7 NAME:4 DAYS:5 TRAFFIC:2 LAST:5 THERE:1 NOT:2 END:2 TEST:1 PAGE:2 GAT:1 TAG:1 VIDEO:1 VIEW:1 DAY:1 ALSO:1 SEARCH:1 CLOSE:2
https://saksingayon.com/enrique-mamamanhikan-na-ba-sa-pamilya-ni-liza/	PAMILYA:3 SAKSI:3 NGAYON:4 SEPTEMBER:19 NOON:2 POLICE:2 KONGRESO:2 BAKIT:2 WALA:3 NANG:8 MAKUHA:2 PROSEKUSYON:2 PATULOY:2 MINAHAN:2 MGA:3 GUWARDIYA:2 BUWANG:2 SAHOD:2 BALITA:3 METRO:1 PROBINSIYA:1 IBA:2 ISYU:1 NEW:8 YEAR:1 MANALO:1 MAY:14 AND:16 SARA:1 OPINYON:1 KALUSUGAN:1 KAGANDAHAN:1 KULTURA:1 TEKNOLOHIYA:1 PAGKAIN:1 KAINAN:1 PASYALAN:1 BAHAY:1 ESTILO:1 GALAW:1 MERKADO:1 LAGAY:1 PANAHON:1 RED:1 SPECIAL:1 ANG:14 GINAWA:1 SOBERANO:1 DILIMAN:2 PAGHAHANDA:1 ITO:4 NILA:3 HUGOT:1 MAG:3 HABANG:1 NASA:1 PERO:1 DIN:1 KANYA:1 ISANG:3 SCHOOL:1 BLACK:1 NAMAN:1 NAGKAROON:1 TAKOT:1 SUBALIT:1 MASAYA:1 NAGING:2 NIYA:2 HOSPITAL:1 SIYA:2 CHIKA:1 HINDI:3 RAW:2 DAHIL:2 LOOK:1 SOSYAL:1 PARANG:1 AKTOR:1 KAYA:2 STAR:1 PAGKATAPOS:1 NITO:1 DALAWA:2 DARATING:1 DAHILAN:1 BAKA:1 KASAMA:2 RIN:3 NGUNIT:1 KAAGAD:1 HAKA:2 MAMAMASYAL:1 LANG:1 DAW:1 SILA:2 RENO:1 PAPASYALAN:1 ASAP:1 HULI:1 SHABU:1 DATING:2 DIREK:1 DUMALO:1 KAMI:1 BREAK:2 INA:1 MAILAP:1 SUMAGOT:1 LEON:1 BATANG:1 TUNGKOL:1 PAMBANSA:2 PROJECT:1 HANGGANG:1 YOU:4 MUST:1 ADDRESS:1 ILANG:1 KABATAAN:1 MAGING:1 RESPONSABLE:1 PARA:1 MAS:1 MATIBAY:1 PAARALAN:1 ALERT:1 DESISYON:1 KASO:1 BIKTIMA:1 ALL:3 YOUR:4 OUR:3 ARE:7 FOR:7 THE:29 NAME:4 DAYS:5 TRAFFIC:2 LAST:5 THERE:1 NOT:2 WAS:1 END:2 TEST:1 PAGE:2 GAT:1 TAG:1 SHOW:1 VIDEO:1 VIEW:1 DAY:1 ALSO:1 SEARCH:1 CLOSE:2
https://saksingayon.com/mayor-goma-doble-sipag-ngayon/	MAYOR:8 GOMA:7 DOBLE:2 SIPAG:4 NGAYON:7 SAKSI:3 SEPTEMBER:19 NOON:2 POLICE:2 KONGRESO:2 BAKIT:3 WALA:3 NANG:6 MAKUHA:2 PROSEKUSYON:2 PATULOY:2 MINAHAN:2 MGA:5 GUWARDIYA:2 BUWANG:2 SAHOD:2 BALITA:2 METRO:1 PROBINSIYA:1 IBA:2 ISYU:1 NEW:8 YEAR:1 MANALO:1 MAY:11 AND:16 SARA:1 OPINYON:1 KALUSUGAN:1 KAGANDAHAN:1 KULTURA:1 TEKNOLOHIYA:1 PAGKAIN:1 KAINAN:1 PASYALAN:1 BAHAY:1 ESTILO:1 GALAW:1 MERKADO:1 LAGAY:1 PANAHON:1 RED:1 SPECIAL:1 ANG:10 PELIKULA:4 NILA:3 SHARON:2 PALABAS:1 KABILA:1 ABALA:1 LUNGSOD:1 NAGA:1 GAWA:1 RIN:2 NIYA:4 MAG:3 LAST:7 MALL:2 PANSIN:1 LANG:3 TILA:1 ABSENT:1 SINA:1 KASAMA:1 STAR:3 CAST:1 THE:32 NGA:1 KUWENTO:1 AMIN:2 MABUTI:1 DOON:1 KAMI:2 NOT:3 AKO:1 PWEDE:1 PAG:1 NANGYARI:1 HINDI:3 NAMIN:1 SABI:1 ONE:1 KUNG:1 GINAWA:1 ISA:1 ITO:2 BAGO:1 PROJECT:2 DAHIL:1 AYAW:1 TAGA:1 TRABAHO:1 NAMAN:1 SIYA:1 TUWING:1 SINEHAN:1 KAY:1 ASAP:1 DATING:2 DIREK:1 DUMALO:1 BREAK:2 INA:1 NAGING:1 MAILAP:1 SUMAGOT:1 LEON:1 BATANG:1 TUNGKOL:1 PAMBANSA:2 HANGGANG:1 YOU:4 MUST:1 ADDRESS:1 DILIMAN:1 ILANG:1 KABATAAN:1 MAGING:1 RESPONSABLE:1 PARA:1 MAS:1 MATIBAY:1 PAARALAN:1 ALERT:1 DESISYON:1 KASO:1 BIKTIMA:1 ALL:3 YOUR:4 OUR:3 ARE:7 FOR:7 NAME:4 DAYS:5 TRAFFIC:2 THERE:1 WAS:1 END:2 TEST:1 PAGE:2 GAT:1 TAG:1 SHOW:1 VIDEO:1 VIEW:1 DAY:1 ALSO:1 SEARCH:1 CLOSE:2
https://saksingayon.com/sanya-sa-intimate-scenes-kay-dennis-hindi-magseselos-si-jennylyn/	KAY:3 HINDI:10 SAKSI:3 NGAYON:10 SEPTEMBER:19 NOON:2 POLICE:2 KONGRESO:2 BAKIT:2 WALA:4 NANG:4 MAKUHA:2 PROSEKUSYON:2 PATULOY:2 MINAHAN:2 MGA:5 GUWARDIYA:2 BUWANG:2 SAHOD:2 BALITA:2 METRO:1 PROBINSIYA:1 IBA:2 ISYU:1 NEW:8 YEAR:1 MANALO:1 MAY:14 AND:16 SARA:1 OPINYON:1 KALUSUGAN:1 KAGANDAHAN:1 KULTURA:1 TEKNOLOHIYA:1 PAGKAIN:1 KAINAN:1 PASYALAN:1 BAHAY:1 ESTILO:1 GALAW:1 MERKADO:1 LAGAY:1 PANAHON:1 RED:1 SPECIAL:1 SIGURADO:1 SIYA:6 KAHIT:3 SILA:4 AKO:7 NAMAN:7 DAHIL:1 KNOW:3 ATE:4 KASI:4 ALAM:1 MALAWAK:1 UNAWA:1 PARA:3 NANINIWALA:1 DARATING:1 TALAGA:2 AKIN:2 RAW:4 ANG:9 NILA:1 DAHILAN:1 MAGKAROON:1 SIGURO:1 NIYA:2 LAHAT:1 BEST:1 FOR:9 ISA:1 THINK:1 SITWASYON:1 NAMIN:1 MASUWERTE:1 GRABE:1 NOW:1 YUN:2 NGA:1 DIN:1 TOTOO:1 BAGO:1 HAPLOS:1 KASAMA:1 MAGKAIBIGAN:1 RIN:2 DAW:1 MERON:1 LOVE:1 PERO:3 KANYA:3 HANGGANG:2 KAIBIGAN:1 LANG:3 MUNA:3 KUNG:8 MANLIGAW:2 TINGNAN:1 NATIN:1 SINO:2 MAG:1 YOU:5 MAGIGING:1 PATIENT:1 UMIWAS:1 ARTISTA:1 MASAYA:1 KAPATID:1 RELASYON:1 NITO:1 DALAWA:4 BARKADA:1 SILANG:1 OUT:1 PAG:2 DUMATING:1 LAGI:1 THIRD:1 TUMAWA:1 PAANO:1 MAGSABI:1 ITO:2 KAYA:2 NINYO:3 MABUHAY:1 HUWAG:1 MAGMADALI:1 KLASE:1 KAYO:1 BUHAY:1 PAYO:1 BOARD:1 JUST:1 CUT:1 MAYOR:1 GOMA:1 DOBLE:1 SIPAG:1 DATING:2 DIREK:1 DUMALO:1 KAMI:1 BREAK:2 INA:1 NAGING:1 MAILAP:1 SUMAGOT:1 LEON:1 BATANG:1 TUNGKOL:1 PAMBANSA:2 PROJECT:1 MUST:1 ADDRESS:1 DILIMAN:1 ILANG:1 KABATAAN:1 MAGING:1 RESPONSABLE:1 MAS:1 MATIBAY:1 PAARALAN:1 ALERT:1 DESISYON:1 KASO:1 BIKTIMA:1 ALL:3 YOUR:4 OUR:3 ARE:7 THE:29 NAME:4 DAYS:5 TRAFFIC:2 LAST:5 THERE:1 NOT:2 WAS:1 END:2 TEST:1 PAGE:2 GAT:1 TAG:1 SHOW:1 VIDEO:1 VIEW:1 DAY:1 ALSO:1 SEARCH:1 CLOSE:2
https://saksingayon.com/kung-totoo-ang-intriga-sa-yo-huwag-ka-nang-mag-deny-zoren/	KUNG:6 TOTOO:7 ANG:16 INTRIGA:8 HUWAG:3 NANG:7 MAG:4 SAKSI:3 NGAYON:6 SEPTEMBER:19 NOON:2 POLICE:2 KONGRESO:2 BAKIT:3 WALA:6 MAKUHA:2 PROSEKUSYON:2 PATULOY:2 MINAHAN:2 MGA:8 GUWARDIYA:2 BUWANG:2 SAHOD:2 BALITA:2 METRO:1 PROBINSIYA:1 IBA:3 ISYU:1 NEW:8 YEAR:1 MANALO:1 MAY:18 AND:16 SARA:1 OPINYON:1 KALUSUGAN:1 KAGANDAHAN:1 KULTURA:1 TEKNOLOHIYA:1 PAGKAIN:1 KAINAN:1 PASYALAN:1 BAHAY:1 ESTILO:1 GALAW:1 MERKADO:1 LAGAY:1 PANAHON:1 RED:1 SPECIAL:1 DAHIL:1 ARTISTA:7 THE:33 KAPUSO:1 ANAK:2 SINA:3 NAMIN:2 SIYA:2 KASI:8 SABI:3 NGA:2 MAS:3 MALALA:2 DATI:2 PAG:6 KAYA:1 KAAGAD:1 MERON:1 KANG:4 PUWEDE:1 HINDI:8 GANITO:1 GANYAN:2 TUMAWA:1 ANO:4 NIYA:2 TALAGA:3 NAGKAROON:1 KAPWA:1 SIYEMPRE:2 MINSAN:2 ISANG:4 TAPOS:1 MEDYO:2 MAGANDA:2 NAMAN:3 BUT:2 KANILA:1 AKO:3 YAN:3 GINAWA:1 YOU:7 ALL:4 RIGHT:1 BAHALA:1 GUSTO:1 SABIHIN:1 PERO:2 KUNDI:1 UMAMIN:1 LANG:3 MAGSALITA:2 WAG:2 NASA:1 RIN:2 KAMBAL:1 CRUSH:2 AKIN:1 SILA:2 ALAM:1 BAGAY:1 SAKA:1 MAPAGKUMBABA:1 DALAWA:1 MAHIRAP:1 NINYO:1 NILA:1 KESA:1 GINAGAWA:1 WAY:2 AYAN:1 WIKA:1 SARAP:1 KAILAN:1 BOARD:1 JUST:1 CUT:1 DATING:2 DIREK:1 DUMALO:1 KAMI:1 BREAK:2 INA:1 NAGING:1 MAILAP:1 SUMAGOT:1 LEON:1 BATANG:1 ITO:1 TUNGKOL:1 PAMBANSA:2 PROJECT:1 HANGGANG:1 MUST:1 ADDRESS:1 DILIMAN:1 ILANG:1 KABATAAN:1 MAGING:1 RESPONSABLE:1 PARA:1 MATIBAY:1 PAARALAN:1 ALERT:1 DESISYON:1 KASO:1 BIKTIMA:1 YOUR:4 OUR:3 ARE:7 FOR:7 NAME:4 DAYS:5 TRAFFIC:2 LAST:5 THERE:1 NOT:2 WAS:1 END:2 TEST:1 PAGE:2 GAT:1 TAG:1 SHOW:1 VIDEO:1 VIEW:1 DAY:1 ALSO:1 SEARCH:1 CLOSE:2
https://saksingayon.com/4-huli-sa-p36-m-shabu/	HULI:2 SHABU:4 SAKSI:3 NGAYON:4 SEPTEMBER:19 NOON:2 POLICE:4 KONGRESO:2 BAKIT:2 WALA:2 NANG:2 MAKUHA:2 PROSEKUSYON:2 PATULOY:4 MINAHAN:3 MGA:6 GUWARDIYA:3 BUWANG:4 SAHOD:3 BALITA:5 METRO:1 PROBINSIYA:5 IBA:2 ISYU:1 NEW:8 YEAR:1 MANALO:1 MAY:9 AND:16 SARA:1 OPINYON:1 KALUSUGAN:1 KAGANDAHAN:1 KULTURA:1 TEKNOLOHIYA:1 PAGKAIN:1 KAINAN:1 PASYALAN:1 BAHAY:1 ESTILO:1 GALAW:1 MERKADO:1 LAGAY:1 PANAHON:1 RED:1 SPECIAL:1 ARESTADO:1 ANG:10 APAT:3 KANILA:1 HALAGA:1 SINA:1 AYON:2 PULISYA:4 ISANG:1 LINGGO:1 GRUPO:2 HANGGANG:1 SILA:1 KUNG:1 SINO:1 KASABWAT:1 KAY:1 DROGA:2 MAYROON:1 DIN:1 PULIS:1 SANGKOT:1 SINDIKATO:1 LALAWIGAN:1 PAMILYA:1 ULO:1 PATAY:1 PUWERSA:1 ILANG:3 KABATAAN:2 MAGING:3 RESPONSABLE:3 PAMUNUAN:1 PUBLIKO:1 PAGGAMIT:1 YOU:4 MUST:1 ADDRESS:2 DILIMAN:2 PARA:1 MAS:1 MATIBAY:1 PAARALAN:1 ALERT:1 DESISYON:1 KASO:1 DATING:1 BIKTIMA:1 ALL:3 YOUR:4 OUR:3 ARE:7 FOR:7 THE:29 NAME:4 DAYS:5 TRAFFIC:2 LAST:5 THERE:1 NOT:2 WAS:1 END:2 TEST:1 PAGE:2 GAT:1 TAG:1 SHOW:1 VIDEO:1 VIEW:1 DAY:1 ALSO:1 SEARCH:1 CLOSE:2
https://saksingayon.com/brgy-official-binaril-sa-ulo-patay/	ULO:4 PATAY:4 SAKSI:3 NGAYON:4 SEPTEMBER:19 NOON:2 POLICE:4 KONGRESO:2 BAKIT:2 WALA:2 NANG:3 MAKUHA:2 PROSEKUSYON:2 PATULOY:4 MINAHAN:3 MGA:8 GUWARDIYA:3 BUWANG:4 SAHOD:3 BALITA:5 METRO:1 PROBINSIYA:5 IBA:2 ISYU:1 NEW:8 YEAR:1 MANALO:1 MAY:9 AND:16 SARA:1 OPINYON:1 KALUSUGAN:1 KAGANDAHAN:1 KULTURA:1 TEKNOLOHIYA:1 PAGKAIN:1 KAINAN:1 PASYALAN:1 BAHAY:1 ESTILO:1 GALAW:1 MERKADO:1 LAGAY:1 PANAHON:1 RED:1 SPECIAL:1 SAN:2 NAMATAY:1 ANG:13 ISANG:1 KAGAWAD:1 BARILIN:1 ITO:2 HABANG:2 HINDI:1 SUSPEK:2 SUNOD:2 KATAWAN:2 HANGGANG:2 ULAT:1 PULISYA:2 SAKAY:1 BARANGAY:1 PALENGKE:1 SIYA:1 MOTORSIKLO:1 SASAKYAN:1 BUMAGSAK:1 BIKTIMA:2 PAGKATAPOS:1 ULI:1 MAMATAY:1 MABILIS:1 TUMAKAS:1 SALARIN:2 MATAPOS:1 KRIMEN:2 UPANG:1 MOTIBO:1 HULI:1 SHABU:1 ANAKPAWIS:1 PUWERSA:1 ILANG:3 KABATAAN:2 MAGING:3 RESPONSABLE:3 PAMUNUAN:1 PUBLIKO:1 PAGGAMIT:1 GRUPO:1 YOU:4 MUST:1 ADDRESS:2 DILIMAN:2 PARA:1 MAS:1 MATIBAY:1 PAARALAN:1 ALERT:1 DESISYON:1 KASO:1 DATING:1 ALL:3 YOUR:4 OUR:3 ARE:7 FOR:7 THE:29 NAME:4 DAYS:5 TRAFFIC:2 LAST:5 THERE:1 NOT:2 WAS:1 END:2 TEST:1 PAGE:2 GAT:1 TAG:1 SHOW:1 VIDEO:1 VIEW:1 DAY:1 ALSO:1 SEARCH:1 CLOSE:2
https://saksingayon.com/anakpawis-officer-inambus-patay/	ANAKPAWIS:5 PATAY:3 SAKSI:3 NGAYON:4 SEPTEMBER:19 NOON:2 POLICE:4 KONGRESO:2 BAKIT:2 WALA:3 NANG:3 MAKUHA:2 PROSEKUSYON:2 PATULOY:4 MINAHAN:4 MGA:5 GUWARDIYA:3 BUWANG:4 SAHOD:3 BALITA:5 METRO:1 PROBINSIYA:5 IBA:2 ISYU:1 NEW:8 YEAR:1 MANALO:1 MAY:9 AND:16 SARA:1 OPINYON:1 KALUSUGAN:1 KAGANDAHAN:1 KULTURA:1 TEKNOLOHIYA:1 PAGKAIN:1 KAINAN:1 PASYALAN:1 BAHAY:1 ESTILO:1 GALAW:1 MERKADO:1 LAGAY:1 PANAHON:1 RED:1 SPECIAL:1 BALA:1 ANG:6 TUMAMA:1 ULO:2 ISANG:3 LIST:3 TAMBANGAN:1 ITO:1 NORTE:3 KAMAKAILAN:2 LALAKI:1 PAGAWAAN:1 AGAD:1 MABILIS:1 TUMAKAS:1 SUSPEK:1 MISIS:1 BIKTIMA:3 SILANG:1 ALAM:1 KAAWAY:1 BANTA:1 BUHAY:1 ASAWA:1 LINGID:1 KAALAMAN:1 LABAN:1 TAO:1 NAGNANAKAW:1 LUGAR:1 BAGO:1 MAGING:4 NAGING:1 UNO:1 SENADO:1 SHABU:1 PUWERSA:1 ILANG:3 KABATAAN:2 RESPONSABLE:3 PAMUNUAN:1 PUBLIKO:1 PAGGAMIT:1 GRUPO:1 YOU:4 MUST:1 ADDRESS:2 DILIMAN:2 PARA:1 MAS:1 MATIBAY:1 PAARALAN:1 ALERT:1 DESISYON:1 KASO:1 DATING:1 ALL:3 YOUR:4 OUR:3 ARE:7 FOR:7 THE:29 NAME:4 DAYS:5 TRAFFIC:2 LAST:5 THERE:1 NOT:2 WAS:1 END:2 TEST:1 PAGE:2 GAT:1 TAG:1 SHOW:1 VIDEO:1 VIEW:1 DAY:1 ALSO:1 SEARCH:1 CLOSE:2
https://saksingayon.com/pagbusisi-ng-senado-sa-p11-b-shabu-tatapusin-na/	SENADO:3 SHABU:7 SAKSI:3 NGAYON:4 SEPTEMBER:19 NOON:2 POLICE:2 KONGRESO:2 BAKIT:2 WALA:2 NANG:3 MAKUHA:2 PROSEKUSYON:2 PATULOY:2 MINAHAN:2 MGA:8 GUWARDIYA:2 BUWANG:2 SAHOD:2 BALITA:5 METRO:1 PROBINSIYA:1 IBA:3 ISYU:2 NEW:8 YEAR:1 MANALO:1 MAY:11 AND:16 SARA:1 OPINYON:1 KALUSUGAN:1 KAGANDAHAN:1 KULTURA:1 TEKNOLOHIYA:1 PAGKAIN:1 KAINAN:1 PASYALAN:1 BAHAY:1 ESTILO:1 GALAW:1 MERKADO:1 LAGAY:1 PANAHON:1 RED:1 SPECIAL:1 ANG:9 PINUNO:1 BLUE:1 LUNES:1 IMBESTIGASYON:4 NITO:1 HALAGA:2 DAHIL:3 ITO:1 AWTORIDAD:1 ANI:1 SENADOR:1 KOMITE:2 HULI:1 SINA:3 IKA:1 PAGDINIG:1 AYAW:1 DUMALO:1 NINA:1 LAYUNIN:1 UPANG:1 TAONG:1 UTOS:1 KUNIN:1 MULI:1 KAHON:1 IBALIK:1 ARI:1 APAT:2 UMANO:1 ISANG:1 BODEGA:1 NGUNIT:2 AYON:1 NAMAN:1 ASAWA:1 RENTA:1 KASAMA:1 TAO:1 ULIT:1 HINGGIL:1 DATING:2 ANAKPAWIS:1 PATAY:1 LIGTAS:1 KAGAMITAN:1 MAPAYAPA:1 MAAYOS:2 NAGING:1 PAYAPA:1 KABUUAN:1 AKTIBIDAD:1 GRUPO:1 OPOSISYON:1 DAPAT:1 SAGUTIN:1 PLEBISITO:1 HUWAG:1 MADALIIN:1 PARA:2 MAS:2 MALINAW:1 PROSESO:1 YOU:4 MUST:1 ADDRESS:2 DILIMAN:2 ILANG:1 KABATAAN:1 MAGING:1 RESPONSABLE:1 MATIBAY:1 PAARALAN:1 ALERT:1 DESISYON:1 KASO:1 BIKTIMA:1 ALL:3 YOUR:4 OUR:3 ARE:7 FOR:7 THE:29 NAME:4 DAYS:5 TRAFFIC:2 LAST:5 THERE:1 NOT:2 WAS:1 END:2 TEST:1 PAGE:2 GAT:1 TAG:1 SHOW:1 VIDEO:1 VIEW:1 DAY:1 ALSO:1 SEARCH:1 CLOSE:2
https://saksingayon.com/pinas-nananatiling-ligtas-sa-bloody-war-on-drugs/	LIGTAS:3 SAKSI:3 NGAYON:4 SEPTEMBER:20 NOON:2 POLICE:2 KONGRESO:2 BAKIT:2 WALA:2 NANG:3 MAKUHA:2 PROSEKUSYON:2 PATULOY:3 MINAHAN:2 MGA:7 GUWARDIYA:2 BUWANG:2 SAHOD:2 BALITA:5 METRO:1 PROBINSIYA:1 IBA:2 ISYU:2 NEW:8 YEAR:1 MANALO:1 MAY:11 AND:16 SARA:1 OPINYON:1 KALUSUGAN:1 KAGANDAHAN:1 KULTURA:1 TEKNOLOHIYA:1 PAGKAIN:1 KAINAN:1 PASYALAN:1 BAHAY:1 ESTILO:1 GALAW:1 MERKADO:1 LAGAY:1 PANAHON:1 RED:1 SPECIAL:1 KUMBINSIDO:1 ANG:13 PAGPAPATULOY:1 KAMPANYA:2 LABAN:3 DROGA:3 KRIMINALIDAD:2 KAHIT:2 BILANG:2 MAMAMAYAN:1 ITO:2 PAHAYAG:1 TAGAPAGSALITA:1 PANGULO:1 MATAPOS:1 HINDI:1 ADMINISTRASYON:2 AYON:1 SARBEY:2 MILYON:1 COMMON:1 TULAD:1 PAGNANAKAW:1 ANIM:1 BUWAN:1 HANGGANG:1 MALINAW:2 DATOS:2 PUNTOS:1 RIN:1 BAHAGYA:1 KUNG:1 TERMINO:1 DATING:2 PORSIYENTO:1 ANTAS:1 KRIMEN:2 BANSA:1 NAMAN:1 OPISYAL:1 PAGPAPATUPAD:1 TIPO:1 SENADO:1 SHABU:1 PEPE:1 OPEN:1 KAGAMITAN:1 NGUNIT:1 MAPAYAPA:1 MAAYOS:2 NAGING:1 PAYAPA:1 KABUUAN:1 AKTIBIDAD:1 GRUPO:1 OPOSISYON:1 DAPAT:1 SAGUTIN:1 PLEBISITO:1 HUWAG:1 MADALIIN:1 PARA:2 MAS:2 PROSESO:1 YOU:4 MUST:1 ADDRESS:2 DILIMAN:2 ILANG:1 KABATAAN:1 MAGING:1 RESPONSABLE:1 MATIBAY:1 PAARALAN:1 ALERT:1 DESISYON:1 KASO:1 BIKTIMA:1 ALL:3 YOUR:4 OUR:3 ARE:7 FOR:7 THE:29 NAME:4 DAYS:5 TRAFFIC:2 LAST:5 THERE:1 NOT:2 WAS:1 END:2 TEST:1 PAGE:2 GAT:1 TAG:1 SHOW:1 VIDEO:1 VIEW:1 DAY:1 ALSO:1 SEARCH:1 CLOSE:2
https://saksingayon.com/pepe-herrera-may-open-letter-sa-ayala-cinemas/	PEPE:8 MAY:14 OPEN:4 SAKSI:3 NGAYON:4 SEPTEMBER:19 NOON:2 POLICE:2 KONGRESO:2 BAKIT:2 WALA:4 NANG:5 MAKUHA:2 PROSEKUSYON:2 PATULOY:2 MINAHAN:2 MGA:9 GUWARDIYA:2 BUWANG:2 SAHOD:2 BALITA:2 METRO:2 PROBINSIYA:2 IBA:3 ISYU:1 NEW:8 YEAR:1 MANALO:1 AND:25 SARA:1 OPINYON:1 KALUSUGAN:1 KAGANDAHAN:1 KULTURA:1 TEKNOLOHIYA:1 PAGKAIN:1 KAINAN:1 PASYALAN:1 BAHAY:1 ESTILO:1 GALAW:1 MERKADO:1 LAGAY:1 PANAHON:1 RED:1 SPECIAL:1 JUST:1 NAGING:3 KONTROBERSIYAL:1 ANG:24 PANGARAP:2 HOLDAP:2 TAMPOK:1 SINA:1 DAHIL:3 LAMANG:1 TITULO:2 NITO:1 HINDI:4 NAGUSTUHAN:1 TALAMPAS:1 MULA:2 THE:41 LOVE:4 KITA:2 ITO:4 ILANG:4 DEKADA:1 MUNDO:1 PERO:1 NILA:3 FOR:13 LANG:1 LOOK:1 BEEN:1 BOARD:1 BASURA:1 PELIKULA:3 DIN:1 NGA:2 TEMA:1 BUT:3 KAYA:2 UMANO:1 AYON:1 RAW:2 EHEMPLO:1 KABATAAN:2 BANG:1 GOOD:1 TWO:1 DAYS:6 DAY:2 KUMAGAT:1 SINEHAN:2 MANILA:1 ISA:1 BIDA:1 PROBINSIYANO:1 PARA:2 NARITO:1 FULL:1 LAST:6 ARE:10 ALSO:2 SUPPORT:2 PLUS:1 ALL:5 INSIDE:1 WHY:2 KNOW:1 OUR:9 NOT:3 MALL:1 PART:1 GIVE:3 LIKE:1 YOU:10 MORE:1 GET:1 SEE:2 WAY:1 LET:1 SALAMAT:1 THERE:2 KUNG:1 LIGTAS:1 AMBUS:1 DATING:2 DIREK:1 DUMALO:1 KAMI:1 BREAK:2 RIN:1 INA:1 MAILAP:1 SUMAGOT:1 LEON:1 BATANG:1 TUNGKOL:1 PAMBANSA:2 PROJECT:1 HANGGANG:1 MUST:1 ADDRESS:1 DILIMAN:1 MAGING:1 RESPONSABLE:1 MAS:1 MATIBAY:1 PAARALAN:1 ALERT:1 DESISYON:1 KASO:1 BIKTIMA:1 YOUR:4 NAME:4 TRAFFIC:2 WAS:1 END:2 TEST:1 PAGE:2 GAT:1 TAG:1 SHOW:1 VIDEO:1 VIEW:1 SEARCH:1 CLOSE:2
https://saksingayon.com/ambus-sa-agusan-kinondena/	AMBUS:3 SAKSI:3 NGAYON:4 SEPTEMBER:19 NOON:2 POLICE:4 KONGRESO:2 BAKIT:2 WALA:3 NANG:2 MAKUHA:2 PROSEKUSYON:2 PATULOY:4 MINAHAN:3 MGA:12 GUWARDIYA:3 BUWANG:4 SAHOD:3 BALITA:5 METRO:1 PROBINSIYA:5 IBA:2 ISYU:1 NEW:9 YEAR:1 MANALO:1 MAY:11 AND:16 SARA:1 OPINYON:1 KALUSUGAN:1 KAGANDAHAN:1 KULTURA:1 TEKNOLOHIYA:1 PAGKAIN:1 KAINAN:1 PASYALAN:1 BAHAY:1 ESTILO:1 GALAW:1 MERKADO:1 LAGAY:1 PANAHON:1 RED:1 SPECIAL:1 ALYANSA:1 UNYON:2 SAMAHAN:1 MANGGAGAWA:3 BANSA:2 ANG:10 ISANG:1 LIST:3 TAO:1 PAGPATAY:1 KAY:1 ANAKPAWIS:2 HINDI:1 DAPAT:1 LIPUNAN:1 TUGON:1 PANGULO:2 MAHIGIT:1 PEDERASYON:1 PULISYA:1 MAGSAGAWA:1 IMBESTIGASYON:1 UPANG:1 UTAK:1 KRIMEN:1 BANGGIT:1 ISA:1 RING:1 LALAKI:1 LOOB:1 PAGAWAAN:1 NORTE:1 ILANG:4 DATING:2 OPISYAL:1 UNO:1 KAUGNAYAN:1 THE:30 BATAY:1 TALAAN:1 TULAD:1 TAONG:1 PUMATAY:1 LIDER:1 ORGANISASYON:1 DAHOP:1 PALAD:1 PEPE:1 OPEN:1 IBABALIK:1 KOREA:1 DINALA:1 PUWERSA:1 KABATAAN:2 MAGING:3 RESPONSABLE:3 PAMUNUAN:1 PUBLIKO:1 PAGGAMIT:1 GRUPO:1 YOU:4 MUST:1 ADDRESS:2 DILIMAN:2 PARA:1 MAS:1 MATIBAY:1 PAARALAN:1 ALERT:1 DESISYON:1 KASO:1 BIKTIMA:1 ALL:3 YOUR:4 OUR:3 ARE:7 FOR:7 NAME:4 DAYS:5 TRAFFIC:2 LAST:5 THERE:1 NOT:2 WAS:1 END:2 TEST:1 PAGE:2 GAT:1 TAG:1 SHOW:1 VIDEO:1 VIEW:1 DAY:1 ALSO:1 SEARCH:1 CLOSE:2
https://saksingayon.com/customs-tiniyak-na-ibabalik-sa-south-korea-ang-nakalalasong-basurang-dinala-sa-pinas/	IBABALIK:3 KOREA:8 ANG:19 DINALA:2 SAKSI:3 NGAYON:4 SEPTEMBER:19 NOON:2 POLICE:2 KONGRESO:2 BAKIT:2 WALA:2 NANG:3 MAKUHA:2 PROSEKUSYON:2 PATULOY:2 MINAHAN:2 MGA:9 GUWARDIYA:2 BUWANG:2 SAHOD:2 BALITA:5 METRO:1 PROBINSIYA:1 IBA:2 ISYU:2 NEW:8 YEAR:1 MANALO:1 MAY:10 AND:18 SARA:1 OPINYON:1 KALUSUGAN:1 KAGANDAHAN:1 KULTURA:1 TEKNOLOHIYA:1 PAGKAIN:1 KAINAN:1 PASYALAN:1 BAHAY:1 ESTILO:1 GALAW:1 MERKADO:1 LAGAY:1 PANAHON:1 RED:1 SPECIAL:1 PAMAHALAAN:2 MULA:2 BANSA:3 KATUNAYAN:1 AYON:3 TAGAPAGSALITA:1 USAP:1 PAMAMAGITAN:1 ORO:1 KINATAWAN:1 UPANG:2 BASURA:3 MABILIS:1 AKSYON:1 DIREKTIBA:1 ITO:2 KAHAPON:2 MATAPOS:2 GRUPO:2 HARAPAN:1 PAMUNUAN:1 HUWAG:2 NAMAN:1 KAY:1 SINIGURADO:1 TERMINAL:1 NITO:2 LAHAT:1 PARAAN:1 KONTROBERSIYA:1 RIN:1 HINDI:1 NATURAL:1 KUNG:1 SAAN:1 BATAY:1 REKORD:1 PAGKAKATAON:1 UNA:1 ISA:1 ONE:1 DIN:1 LAMAN:1 DAHIL:1 LABAG:1 AMBUS:1 ARESTADO:1 KAGAMITAN:1 NGUNIT:1 MAPAYAPA:1 MAAYOS:2 NAGING:1 PAYAPA:1 KABUUAN:1 AKTIBIDAD:1 OPOSISYON:1 DAPAT:1 SAGUTIN:1 PLEBISITO:1 MADALIIN:1 PARA:2 MAS:2 MALINAW:1 PROSESO:1 YOU:4 MUST:1 ADDRESS:2 DILIMAN:2 ILANG:1 KABATAAN:1 MAGING:1 RESPONSABLE:1 MATIBAY:1 PAARALAN:1 ALERT:1 DESISYON:1 KASO:1 DATING:1 BIKTIMA:1 ALL:3 YOUR:4 OUR:3 ARE:7 FOR:7 THE:29 NAME:4 DAYS:5 TRAFFIC:2 LAST:5 THERE:1 NOT:2 WAS:1 END:2 TEST:1 PAGE:2 GAT:1 TAG:1 SHOW:1 VIDEO:1 VIEW:1 DAY:1 ALSO:1 SEARCH:1 CLOSE:2
https://www.inquirer.net/icon/images/site.webmanifest	NAME:2 SHORT:1
https://inquirer.net	SEARCH:1 USA:5 BANDERA:5 SOLI:2 PAPER:1 PROJECT:1 OUR:2 YOUR:8 NOT:6 TRY:3 BEEN:3 ADDRESS:2 THE:31 AND:10 READ:6 SEPTEMBER:57 SARA:5 MAY:5 CALL:2 MORE:22 AIR:3 BUT:4 FATHER:1 LEAD:1 GILAS:4 FOR:20 NAGA:1 OVER:3 GETS:4 NEW:6 SPOT:2 VIEW:3 HOTEL:2 KAY:2 KUNG:1 AYAW:1 KAUSAPIN:1 PROBLEMA:1 SCHOOL:3 RISES:2 LOOK:1 RIGHT:1 DELA:2 RED:1 REMEMBER:1 TOP:2 OWN:2 FEED:2 LIKE:1 PRE:2 AWAY:2 OPEN:2 RUSH:1 GAS:1 BATAAN:1 NORTE:1 FIRE:1 SUR:2 MAN:1 POLICE:1 MANILA:5 WATER:3 METRO:7 DIES:3 KILO:1 BADMINTON:1 FIRST:1 ALBAY:2 ALAS:1 MENTAL:1 HOSPITAL:2 BOOK:1 YELLOW:1 ALERT:1 COURSE:1 ALL:1 STOP:1 PANGILINAN:1 BULAGA:1 BABALIK:2 KAMI:1 SULTAN:1 GURO:1 AMANG:1 MAYOR:1 ISYU:1 PARA:1 DAY:1 WAS:1 TRUE:1 DUE:1 PANGANIBAN:1 ESTERO:1 LEGAL:1 CAN:1 AGRICULTURE:1 DAYS:1 STAR:1 STYLE:1 BEST:1 WORLD:7 LIGHT:1 TAKE:1 AMONG:1 YEAR:1 STATE:1 HAGONOY:1 PLAN:1 NINO:1 SUPPLY:1 WANG:1 THANK:1 CHICO:1 SHOW:1 TEST:1 RADYO:1 MATIBAY:1 EBIDENSYA:1 ORDER:1 INUUSISA:1 TRABAHO:1 BIGAS:1 MGA:1 RESIDENTE:1 LIBRE:1
https://www.inquirer.net/	SEARCH:1 USA:5 BANDERA:5 SOLI:2 PAPER:1 PROJECT:1 OUR:2 YOUR:8 NOT:6 TRY:3 BEEN:3 ADDRESS:2 THE:31 AND:10 READ:6 SEPTEMBER:57 SARA:5 MAY:5 CALL:2 MORE:22 AIR:3 BUT:4 FATHER:1 LEAD:1 GILAS:4 FOR:20 NAGA:1 OVER:3 GETS:4 NEW:6 SPOT:2 VIEW:3 HOTEL:2 KAY:2 KUNG:1 AYAW:1 KAUSAPIN:1 PROBLEMA:1 SCHOOL:3 RISES:2 LOOK:1 RIGHT:1 DELA:2 RED:1 REMEMBER:1 TOP:2 OWN:2 FEED:2 LIKE:1 PRE:2 AWAY:2 OPEN:2 RUSH:1 GAS:1 BATAAN:1 NORTE:1 FIRE:1 SUR:2 MAN:1 POLICE:1 MANILA:5 WATER:3 METRO:7 DIES:3 KILO:1 BADMINTON:1 FIRST:1 ALBAY:2 ALAS:1 MENTAL:1 HOSPITAL:2 BOOK:1 YELLOW:1 ALERT:1 COURSE:1 ALL:1 STOP:1 PANGILINAN:1 BULAGA:1 BABALIK:2 KAMI:1 SULTAN:1 GURO:1 AMANG:1 MAYOR:1 ISYU:1 PARA:1 DAY:1 WAS:1 TRUE:1 DUE:1 PANGANIBAN:1 ESTERO:1 LEGAL:1 CAN:1 AGRICULTURE:1 DAYS:1 STAR:1 STYLE:1 BEST:1 WORLD:7 LIGHT:1 TAKE:1 AMONG:1 YEAR:1 STATE:1 HAGONOY:1 PLAN:1 NINO:1 SUPPLY:1 WANG:1 THANK:1 CHICO:1 SHOW:1 TEST:1 RADYO:1 MATIBAY:1 EBIDENSYA:1 ORDER:1 INUUSISA:1 TRABAHO:1 BIGAS:1 MGA:1 RESIDENTE:1 LIBRE:1
https://www.inquirer.net/page/2/	SEARCH:1 USA:5 BANDERA:5 SOLI:2 PAPER:1 PROJECT:1 OUR:2 YOUR:8 NOT:6 TRY:3 BEEN:3 ADDRESS:2 THE:31 AND:10 READ:6 SEPTEMBER:57 SARA:5 MAY:5 CALL:2 MORE:22 AIR:3 BUT:4 FATHER:1 LEAD:1 GILAS:4 FOR:20 NAGA:1 OVER:3 GETS:4 NEW:6 SPOT:2 VIEW:3 HOTEL:2 KAY:2 KUNG:1 AYAW:1 KAUSAPIN:1 PROBLEMA:1 SCHOOL:3 RISES:2 LOOK:1 RIGHT:1 DELA:2 RED:1 REMEMBER:1 TOP:2 OWN:2 FEED:2 LIKE:1 PRE:2 AWAY:2 OPEN:2 RUSH:1 GAS:1 BATAAN:1 NORTE:1 FIRE:1 SUR:2 MAN:1 POLICE:1 MANILA:5 WATER:3 METRO:7 DIES:3 KILO:1 BADMINTON:1 FIRST:1 ALBAY:2 ALAS:1 MENTAL:1 HOSPITAL:2 BOOK:1 YELLOW:1 ALERT:1 COURSE:1 ALL:1 STOP:1 PANGILINAN:1 BULAGA:1 BABALIK:2 KAMI:1 SULTAN:1 GURO:1 AMANG:1 MAYOR:1 ISYU:1 PARA:1 DAY:1 WAS:1 TRUE:1 DUE:1 PANGANIBAN:1 ESTERO:1 LEGAL:1 CAN:1 AGRICULTURE:1 DAYS:1 STAR:1 STYLE:1 BEST:1 WORLD:7 LIGHT:1 TAKE:1 AMONG:1 YEAR:1 STATE:1 HAGONOY:1 PLAN:1 NINO:1 SUPPLY:1 WANG:1 THANK:1 CHICO:1 SHOW:1 TEST:1 RADYO:1 MATIBAY:1 EBIDENSYA:1 ORDER:1 INUUSISA:1 TRABAHO:1 BIGAS:1 MGA:1 RESIDENTE:1 LIBRE:1
https://www.gmanetwork.com/news/	YOU:2 GET:1 THE:7 BEST:1 OUR:2 AND:3 FOR:5 OUT:2 MORE:10 ORAS:4 MONEY:6 SERBISYO:6 PUBLIKO:6 VIDEO:2 COVER:6 BOARD:6 WORLD:2 JUST:1 OVER:3 WHITE:2 BAN:6 SEPTEMBER:9 ELEKSYON:6 MAY:3 KONGRESISTA:2 PUMANAW:2 SEE:6 SARA:3 PANTI:1 ROSARIO:1 NOT:1 PERSONAL:1 TOP:2 BANGA:2 SCHOOL:2 FATHER:1 TRAFFIC:1 YEAR:1 STAND:1 STATE:1 CLOSE:1 ALL:4 FEED:2 SEARCH:2 KAPUSO:4
https://www.gmanetwork.com/news/publicaffairs/	YOU:2 GET:1 THE:4 BEST:1 OUR:2 AND:9 FOR:1 OUT:2 MORE:5 COVER:3 ULAT:1 WORLD:2 METRO:1 SPECIAL:1 MONEY:3 PERSONAL:1 CHIKA:1 SERBISYO:3 PUBLIKO:3 PASOK:1 BOARD:3 ORAS:1 STATE:1 SAKSI:1 BALITA:1 VIDEO:1 VIEW:3 ALL:2 ELEKSYON:2 FEED:1 SEARCH:1 KAPUSO:2
https://www.gmanetwork.com/news/tracking/	THE:6 YOU:2 GET:1 BEST:1 OUR:2 AND:9 FOR:1 OUT:2 MORE:2 COVER:1 ULAT:1 WORLD:2 METRO:1 SPECIAL:1 MONEY:1 PERSONAL:1 CHIKA:1 SERBISYO:1 PUBLIKO:1 PASOK:1 BOARD:1 ORAS:1 STATE:1 SAKSI:1 BALITA:1 VIDEO:1 TOP:1 ALL:1 BEEN:1
https://www.gmanetwork.com/news/mobileapplications/	YOU:2 GET:1 THE:6 BEST:1 OUR:2 AND:12 FOR:1 OUT:2 MORE:2 COVER:2 ULAT:1 WORLD:3 METRO:1 SPECIAL:1 MONEY:2 PERSONAL:1 CHIKA:1 SERBISYO:2 PUBLIKO:2 PASOK:1 BOARD:2 ORAS:1 STATE:1 SAKSI:1 BALITA:1 VIDEO:1 APPLE:1 ALL:2 ELEKSYON:1 FEED:1 SEARCH:1 KAPUSO:1
https://www.gmanetwork.com/news/microsites/	YOU:2 GET:1 THE:4 BEST:1 OUR:2 AND:9 FOR:1 OUT:2 MORE:2 COVER:2 ULAT:1 WORLD:2 METRO:1 SPECIAL:1 MONEY:2 PERSONAL:1 CHIKA:1 SERBISYO:2 PUBLIKO:2 PASOK:1 BOARD:2 ORAS:1 STATE:1 SAKSI:1 BALITA:1 VIDEO:1 ALL:3 BEEN:1 ELEKSYON:1 FEED:1 SEARCH:1 KAPUSO:1 TOP:1
https://www.gmanetwork.com/news/eleksyon/2025/	ELEKSYON:4 AND:4 TOTAL:4 OUT:4 LIST:8 PER:5 BARANGAY:6 KODIGO:2 EDUCATION:2 MORE:5 VIEW:3 FULL:3 SEARCH:3 SEE:1 ALL:3 BEEN:1 MONEY:2 SERBISYO:2 PUBLIKO:2 BOARD:2 COVER:2 FEED:1 KAPUSO:2 YOU:2 GET:1 THE:1 BEST:1 OUR:2 FOR:1
https://www.gmanetwork.com/news/eleksyon/2025/debates/	ELEKSYON:3 VIDEO:1 AND:2 KEY:1 KODIGO:2 EDUCATION:2 MORE:6 SEE:2 ALL:3 BEEN:1 JUST:1 MONEY:2 SERBISYO:2 PUBLIKO:2 BOARD:2 COVER:2 FEED:1 SEARCH:1 KAPUSO:2 YOU:2 GET:1 THE:1 BEST:1 OUR:2 FOR:1 OUT:2
https://www.gmanetwork.com/news/eleksyon/2025/voters-education/	EDUCATION:4 FOR:2 ELEKSYON:3 YOUR:1 KODIGO:2 MORE:6 SEE:2 ALL:3 BEEN:1 JUST:1 MONEY:2 SERBISYO:2 PUBLIKO:2 BOARD:2 COVER:2 FEED:1 SEARCH:1 KAPUSO:2 YOU:2 GET:1 THE:1 BEST:1 OUR:2 AND:1 OUT:2
https://www.gmanetwork.com/news/eleksyon/2025/candidates/	ELEKSYON:3 KODIGO:2 EDUCATION:2 MORE:3 ALL:2 MONEY:2 SERBISYO:2 PUBLIKO:2 BOARD:2 COVER:2 FEED:1 SEARCH:1 KAPUSO:2 YOU:2 GET:1 THE:1 BEST:1 OUR:2 AND:1 FOR:1 OUT:2
https://www.gmanetwork.com/news/eleksyon/2025/mykodigo/	KODIGO:4 YOUR:5 FOR:2 ELEKSYON:3 EDUCATION:2 MORE:5 YOU:5 AND:4 OUT:3 DAY:1 NOT:3 INSIDE:1 MAY:2 WAY:1 ANG:6 PARA:2 PUMILI:1 MGA:2 GUSTO:1 IBOTO:1 DALHIN:1 IYONG:1 MAGING:1 GABAY:1 HINDI:3 PAGGAMIT:1 LOOB:1 PRESINTO:1 ITO:2 ISANG:1 OPISYAL:1 AKTIBIDAD:1 NINYO:1 PARAAN:1 ALL:4 SEE:1 BEEN:1 MONEY:2 SERBISYO:2 PUBLIKO:2 BOARD:2 COVER:2 FEED:1 SEARCH:1 KAPUSO:2 GET:1 THE:1 BEST:1 OUR:2
https://www.gmanetwork.com/news/eleksyon/2025/voters-profile/	AND:3 FOR:3 ELEKSYON:3 KODIGO:2 EDUCATION:2 MORE:3 TOTAL:3 NOT:3 THE:2 ALL:2 MONEY:2 SERBISYO:2 PUBLIKO:2 BOARD:2 COVER:2 FEED:1 SEARCH:1 KAPUSO:2 YOU:2 GET:1 BEST:1 OUR:2 OUT:2
https://www.gmanetwork.com/news/eleksyon/2025/results/	ELEKSYON:4 AND:4 TOTAL:4 OUT:4 LIST:8 PER:5 BARANGAY:6 KODIGO:2 EDUCATION:2 MORE:5 VIEW:3 FULL:3 SEARCH:3 SEE:1 ALL:3 BEEN:1 MONEY:2 SERBISYO:2 PUBLIKO:2 BOARD:2 COVER:2 FEED:1 KAPUSO:2 YOU:2 GET:1 THE:1 BEST:1 OUR:2 FOR:1
https://www.gmanetwork.com/news/eleksyon/2025/results/senate/	ELEKSYON:4 TOTAL:4 OUT:4 AND:7 LIST:5 PER:7 BARANGAY:6 KODIGO:2 EDUCATION:2 MORE:6 VIEW:4 THE:7 ARE:1 ONE:1 CAN:2 SEE:2 ALL:4 RIGHT:1 DRAG:1 OVER:1 READ:1 BEEN:1 MONEY:2 SERBISYO:2 PUBLIKO:2 BOARD:2 COVER:2 FEED:1 SEARCH:1 KAPUSO:2 YOU:2 GET:1 BEST:1 OUR:2 FOR:1
https://www.gmanetwork.com/news/eleksyon/2025/results/party-list/	LIST:8 ELEKSYON:4 TOTAL:5 OUT:4 AND:3 PER:5 BARANGAY:6 KODIGO:2 EDUCATION:2 MORE:6 ARE:4 THE:6 ONE:1 NOT:1 BUT:1 AMONG:1 TOP:1 ALL:4 VIEW:1 FULL:1 SEE:1 BEEN:1 MONEY:2 SERBISYO:2 PUBLIKO:2 BOARD:2 COVER:2 FEED:1 SEARCH:1 KAPUSO:2 YOU:2 GET:1 BEST:1 OUR:2 FOR:1
https://www.gmanetwork.com/news/eleksyon/2025/results/provincial/	PER:6 ELEKSYON:4 TOTAL:4 OUT:4 AND:3 LIST:5 BARANGAY:8 KODIGO:2 EDUCATION:2 MORE:5 YOUR:8 SEARCH:3 VIEW:1 FULL:1 SEE:1 ALL:3 BEEN:1 MONEY:2 SERBISYO:2 PUBLIKO:2 BOARD:2 COVER:2 FEED:1 KAPUSO:2 YOU:2 GET:1 THE:1 BEST:1 OUR:2 FOR:1
https://www.gmanetwork.com/news/eleksyon/2025/results/city/	PER:6 ELEKSYON:4 TOTAL:4 OUT:4 AND:3 LIST:5 BARANGAY:8 KODIGO:2 EDUCATION:2 MORE:5 YOUR:8 SEARCH:3 VIEW:1 FULL:1 SEE:1 ALL:3 BEEN:1 MONEY:2 SERBISYO:2 PUBLIKO:2 BOARD:2 COVER:2 FEED:1 KAPUSO:2 YOU:2 GET:1 THE:1 BEST:1 OUR:2 FOR:1
https://www.gmanetwork.com/news/eleksyon/2025/results/barangay/	PER:6 BARANGAY:9 ELEKSYON:4 TOTAL:4 OUT:4 AND:3 LIST:5 KODIGO:2 EDUCATION:2 MORE:5 YOUR:8 SEARCH:3 VIEW:1 FULL:1 SEE:1 ALL:3 BEEN:1 MONEY:2 SERBISYO:2 PUBLIKO:2 BOARD:2 COVER:2 FEED:1 KAPUSO:2 YOU:2 GET:1 THE:1 BEST:1 OUR:2 FOR:1
https://www.gmanetwork.com/news/eleksyon/2025/results/favorites/	ELEKSYON:4 TOTAL:4 OUT:4 AND:3 LIST:5 PER:5 BARANGAY:6 KODIGO:2 EDUCATION:2 MORE:5 VIEW:1 FULL:1 SEE:1 ALL:3 BEEN:1 MONEY:2 SERBISYO:2 PUBLIKO:2 BOARD:2 COVER:2 FEED:1 SEARCH:1 KAPUSO:2 YOU:2 GET:1 THE:1 BEST:1 OUR:2 FOR:1
https://www.gmanetwork.com/entertainment/	HOME:2 KAPUSO:7 AND:3 ANG:7 MGA:2 MALING:2 PARATANG:2 AMANG:2 NINO:2 HOT:3 LAKAMBINI:2 NGA:2 BILANG:2 PAHAYAG:2 PANGILINAN:2 HINDI:4 KASI:2 BAGO:2 GANG:2 KULANG:2 IKAW:2 LANG:3 NOW:1 SEE:4 MORE:5 SHOW:1 MAN:1 DELA:1 THE:5 VOICE:1 KOREA:1 TRUE:1 ANGEL:1 TAKING:1 HULA:1 SEPTEMBER:1 CHIKA:3 TAKOT:2 PERSONAL:2 TANONG:2 ISA:2 PRANING:1 BANTAY:1 SARADO:1 BARANGAY:2 LOVE:2 YOUR:1 SAN:1 PERO:1 KAMAO:1 AGA:1 FOR:1 BUMUWELTA:1 KAY:1 DAY:1 BIBILI:1 SAMAHAN:1 LAOS:1 TAON:1
https://www.gmanetwork.com/entertainment/tv/	KAPUSO:3 AND:1 TADHANA:1 THE:1 FULL:1 VIDEO:1 YOUR:1 NOW:1
https://www.gmanetwork.com/entertainment/stars/	HOME:2 KAPUSO:7 AND:3 ANG:7 MGA:2 MALING:2 PARATANG:2 AMANG:2 NINO:2 HOT:3 LAKAMBINI:2 NGA:2 BILANG:2 PAHAYAG:2 PANGILINAN:2 HINDI:4 KASI:2 BAGO:2 GANG:2 KULANG:2 IKAW:2 LANG:3 NOW:1 SEE:4 MORE:5 SHOW:1 MAN:1 DELA:1 THE:5 VOICE:1 KOREA:1 TRUE:1 ANGEL:1 TAKING:1 HULA:1 SEPTEMBER:1 CHIKA:3 TAKOT:2 PERSONAL:2 TANONG:2 ISA:2 PRANING:1 BANTAY:1 SARADO:1 BARANGAY:2 LOVE:2 YOUR:1 SAN:1 PERO:1 KAMAO:1 AGA:1 FOR:1 BUMUWELTA:1 KAY:1 DAY:1 BIBILI:1 SAMAHAN:1 LAOS:1 TAON:1
https://www.gmanetwork.com/entertainment/videos/	AND:1 KAPUSO:2 SHOW:1 ANG:1 ANAK:1 SIKAT:1 ARTISTA:1 DOWN:1 MAGPAKAILANMAN:1 SEMINARISTA:1 BOKASYON:1 DAHIL:1 PAG:1 IBIG:1 ALL:1 OUT:1 KANTA:1 GANG:1 OPLAN:1 SUNGKIT:1 THE:1 FULL:1 VIDEO:1 YOUR:1 NOW:1
https://www.gmanetwork.com/entertainment/photos/	AND:1 KAPUSO:1 SHOW:1 HOT:2 ALBUM:1 THE:1 MAY:1 CHIKA:1
https://www.gmanetwork.com/entertainment/showbiznews/	HOT:3 ANG:9 MGA:4 MAY:4 SAGOT:2 MATAPOS:2 THE:5 VOICE:2 MORE:1 AGA:1 FOR:5 BUMUWELTA:1 KAY:6 BARANGAY:1 LOVE:3 CHIKA:1 TAKOT:1 PERSONAL:1 TANONG:1 ISA:1 BIBILI:1 SAMAHAN:1 LAOS:1 HINDI:2 TAON:1 GETS:1 BABY:1 CLOSE:1 REAL:1 UMANO:1 MULA:1 AYON:1 UMAMIN:1 KUNG:1 BAKIT:1 BIHIRA:1 GUMAWA:1 SPECIAL:1 PROSESO:1 FIRST:1 YAYA:1 RIN:1 NGA:1 BILANG:1 SAN:2 PALIWANAG:1 BIRADA:1 KAILAN:1 BOY:1 BELEN:1 MISYON:1 ANAK:2 SINULID:1 ALBUM:1 UNO:1 PAHAYAG:1 PANGILINAN:1 KASI:1 BAGO:1 PUMANAW:1 EDAD:1 MALING:1 PARATANG:1 AMANG:1 NINO:1 UULAN:1 TUWA:1 ALL:1 MANGKUKULAM:1 KAMAO:1 BALAK:1 YUMI:1 SAYA:1 PAANDAR:1 IKAW:2 TAKING:1 SOBERANO:1 UTANG:1 WORLD:1 KERI:1 BANG:1 MAG:1 GET:2 HANGGANG:1 FULL:1 LEON:1 HANGA:1 HALILI:1 NEW:1 OUT:1 TUNGKOL:1 ISYU:1 NILA:1 ABANGAN:1
https://www.gmanetwork.com/entertainment/celebritylife/	HOME:2 KAPUSO:7 AND:3 ANG:7 MGA:2 MALING:2 PARATANG:2 AMANG:2 NINO:2 HOT:3 LAKAMBINI:2 NGA:2 BILANG:2 PAHAYAG:2 PANGILINAN:2 HINDI:4 KASI:2 BAGO:2 GANG:2 KULANG:2 IKAW:2 LANG:3 NOW:1 SEE:4 MORE:5 SHOW:1 MAN:1 DELA:1 THE:5 VOICE:1 KOREA:1 TRUE:1 ANGEL:1 TAKING:1 HULA:1 SEPTEMBER:1 CHIKA:3 TAKOT:2 PERSONAL:2 TANONG:2 ISA:2 PRANING:1 BANTAY:1 SARADO:1 BARANGAY:2 LOVE:2 YOUR:1 SAN:1 PERO:1 KAMAO:1 AGA:1 FOR:1 BUMUWELTA:1 KAY:1 DAY:1 BIBILI:1 SAMAHAN:1 LAOS:1 TAON:1
https://www.gmanetwork.com/entertainment/schedule/	YOUR:1 HIRIT:1 KAPUSO:1 KAMAO:1 BOY:1 ORAS:1 THE:3 FIRST:1 YAYA:1 SAKSI:1 SEPTEMBER:1 CHIKA:2 TAKOT:1 ANG:1 PERSONAL:1 TANONG:1 ISA:1 PRANING:1 BANTAY:1 SARADO:1 BARANGAY:1 LOVE:1
https://www.gmanetwork.com/entertainment/showbiznews/stories/	HOT:3 ANG:9 MGA:4 MAY:4 SAGOT:2 MATAPOS:2 THE:5 VOICE:2 MORE:1 AGA:1 FOR:5 BUMUWELTA:1 KAY:6 BARANGAY:1 LOVE:3 CHIKA:1 TAKOT:1 PERSONAL:1 TANONG:1 ISA:1 BIBILI:1 SAMAHAN:1 LAOS:1 HINDI:2 TAON:1 GETS:1 BABY:1 CLOSE:1 REAL:1 UMANO:1 MULA:1 AYON:1 UMAMIN:1 KUNG:1 BAKIT:1 BIHIRA:1 GUMAWA:1 SPECIAL:1 PROSESO:1 FIRST:1 YAYA:1 RIN:1 NGA:1 BILANG:1 SAN:2 PALIWANAG:1 BIRADA:1 KAILAN:1 BOY:1 BELEN:1 MISYON:1 ANAK:2 SINULID:1 ALBUM:1 UNO:1 PAHAYAG:1 PANGILINAN:1 KASI:1 BAGO:1 PUMANAW:1 EDAD:1 MALING:1 PARATANG:1 AMANG:1 NINO:1 UULAN:1 TUWA:1 ALL:1 MANGKUKULAM:1 KAMAO:1 BALAK:1 YUMI:1 SAYA:1 PAANDAR:1 IKAW:2 TAKING:1 SOBERANO:1 UTANG:1 WORLD:1 KERI:1 BANG:1 MAG:1 GET:2 HANGGANG:1 FULL:1 LEON:1 HANGA:1 HALILI:1 NEW:1 OUT:1 TUNGKOL:1 ISYU:1 NILA:1 ABANGAN:1
https://www.gmanetwork.com/entertainment/tv/tsuperhero	KAPUSO:2 THE:7 FOR:1 BARKER:1 KALYE:1 AND:2 FIRST:1 BUT:1 OUT:1 TRUE:1 LOVE:1 COME:1 OBJECT:1 BOK:1 DIREK:1 CAST:1 FULL:1 VIDEO:1 YOUR:1 NOW:1 SEE:1 MORE:1 INSIDE:1 PAGE:1 ANG:2 SPECIAL:1 NINA:1 TSUPER:1 APO:1 TIKBALANG:1 TIKMAN:1 GALIT:1 DIWATA:1
https://www.gmanetwork.com/entertainment/schedule/monday/	YOUR:1 HIRIT:1 KAPUSO:1 KAMAO:1 BOY:1 ORAS:1 THE:3 FIRST:1 YAYA:1 SAKSI:1 SEPTEMBER:1 CHIKA:2 TAKOT:1 ANG:1 PERSONAL:1 TANONG:1 ISA:1 PRANING:1 BANTAY:1 SARADO:1 BARANGAY:1 LOVE:1
https://www.gmanetwork.com/entertainment/schedule/tuesday/	YOUR:1 HIRIT:1 KAPUSO:1 KAMAO:1 BOY:1 ORAS:1 THE:3 FIRST:1 YAYA:1 SAKSI:1 SEPTEMBER:1 CHIKA:2 TAKOT:1 ANG:1 PERSONAL:1 TANONG:1 ISA:1 PRANING:1 BANTAY:1 SARADO:1 BARANGAY:1 LOVE:1
https://www.gmanetwork.com/entertainment/schedule/wednesday/	YOUR:1 HIRIT:1 KAPUSO:1 KAMAO:1 BOY:1 ORAS:1 THE:3 FIRST:1 YAYA:1 SAKSI:1 SEPTEMBER:1 CHIKA:2 TAKOT:1 ANG:1 PERSONAL:1 TANONG:1 ISA:1 PRANING:1 BANTAY:1 SARADO:1 BARANGAY:1 LOVE:1
https://www.gmanetwork.com/entertainment/schedule/thursday/	YOUR:1 HIRIT:1 KAPUSO:1 KAMAO:1 BOY:1 ORAS:1 THE:3 FIRST:1 YAYA:1 SAKSI:1 SEPTEMBER:1 CHIKA:2 TAKOT:1 ANG:1 PERSONAL:1 TANONG:1 ISA:1 PRANING:1 BANTAY:1 SARADO:1 BARANGAY:1 LOVE:1
https://www.gmanetwork.com/entertainment/schedule/friday/	YOUR:1 HIRIT:1 KAPUSO:1 KAMAO:1 BOY:1 ORAS:1 THE:3 FIRST:1 YAYA:1 SAKSI:1 SEPTEMBER:1 CHIKA:2 TAKOT:1 ANG:1 PERSONAL:1 TANONG:1 ISA:1 PRANING:1 BANTAY:1 SARADO:1 BARANGAY:1 LOVE:1
https://www.gmanetwork.com/entertainment/schedule/saturday/	YOUR:1 HIRIT:1 KAPUSO:1 KAMAO:1 BOY:1 ORAS:1 THE:3 FIRST:1 YAYA:1 SAKSI:1 SEPTEMBER:1 CHIKA:2 TAKOT:1 ANG:1 PERSONAL:1 TANONG:1 ISA:1 PRANING:1 BANTAY:1 SARADO:1 BARANGAY:1 LOVE:1
https://www.gmanetwork.com/entertainment/schedule/sunday/	YOUR:1 HIRIT:1 KAPUSO:1 KAMAO:1 BOY:1 ORAS:1 THE:3 FIRST:1 YAYA:1 SAKSI:1 SEPTEMBER:1 CHIKA:2 TAKOT:1 ANG:1 PERSONAL:1 TANONG:1 ISA:1 PRANING:1 BANTAY:1 SARADO:1 BARANGAY:1 LOVE:1
http://www.gmanetwork.com/gma/encantadia/	HOME:1 CAST:2 ALL:2
http://www.gmanetwork.com/gma/encantadia/registration/	HOME:1 CAST:2 ALL:2
http://www.gmanetwork.com/gma/memes/	MEME:5 POPULAR:1 SEE:1 ALL:1 RIGHT:1
http://www.gmanetwork.com/gma/mobile/	FULL:2 KAPUSO:7 YOUR:5 THE:15 ONE:1 STOP:1 YOU:1 AND:8 ALL:1 GET:8 WORLD:1 DOWN:1 OUR:1 SEARCH:1 FOR:1
http://www.gmanetwork.com/gma/bsc/	STYLE:2 KAPUSO:3 YEAR:1 AND:9 YOU:1 FIRST:1 THE:16 LOVE:3 FOR:1 ALL:1 BUT:1 COURSE:1 ONE:3 NOW:2 YOUR:2 AWARD:9 AMONG:2 TOP:3 THERE:1 STAND:1 OUT:1 PICTURE:1 PERFECT:1
http://www.gmanetwork.com/gma/bloggersstylecamp/	STYLE:3 HOME:1 THE:1 CAST:2 YOUR:2 SEPTEMBER:3 READ:3 MORE:2 CLOSE:1
https://www.gmanetwork.com/gma/tothetop/	THE:7 TOP:2 HOME:1 MORE:1 SEE:6 FULL:5 FINALE:1 MAGAGANAP:1 LINGGO:1 MAY:1 MGA:1 PAYO:1 LAST:1 LONG:1 AWARD:1 AND:2
https://www.gmanetwork.com/sitemap	HOME:2 KAPUSO:4 AND:1 MONEY:1 BOARD:2 THE:1 CHIKA:1 THANK:1 YOU:1 YOUNG:1 NOW:3
http://www.gmanetwork.com/gma/magicngpasko	MANIWALA:2 PASKO:2 DAYS:2 HOME:2
http://www.gmanetwork.com/gma/kapuso2017	NEW:1 YEAR:2 KAPUSO:2 FEED:2 VIEW:1 THE:1 END:1 MORE:1
http://www.gmanetwork.com/gma/starstruck	THE:24 FIRST:1 NEW:1 ARTISTA:1 YOUNG:2 BEST:1 AND:15 CALL:1 ARE:1 GET:1 TWO:1 MARK:1 HALILI:1 AMONG:1 SEASON:3 STAR:1 KAPUSO:8 PAR:1 LODI:1 MANALO:2 TAKE:2 SHOW:1 INSIDE:2 OUT:1 PILOT:1 FOR:1 SPOT:1 ABLE:1 PART:1 AIR:1 LOOK:1 SEARCH:1 SUNDAY:1 DAIG:1 KAYO:1 LOLA:1 CAST:1 FULL:1 VIDEO:1 YOUR:1 NOW:1 SEE:1 MORE:1 PAGE:1 NIYO:1 NAMAN:1 DAHIL:1 HAIR:1 STYLE:1 CRUSH:1 BAGO:1 GUMAMIT:1 DILA:1
http://www.gmanetwork.com/gma/gabru	HOME:2 AND:2 NEW:1 ARE:1 NOW:1 PART:1 THE:1 SHOW:1 MORE:1
http://www.gmanetwork.com/gma/royalwedding	THE:1 KAPUSO:1 AND:2 HOME:1 RING:1 LOOK:1 PRE:1 BEST:1 MAN:1 CAR:1 SEE:2 ALL:3
https://www.gmanetwork.com/	AND:2 MUST:1 NOT:1 NAME:1 KAPUSO:1 POPULAR:1 MORE:1 ALL:1 BEEN:1
https://www.gmanetwork.com/entertainment/videos/fast-talk-with-boy-abunda-gelli-regrets-not-being-grateful-enough-for-winning-episode-944/326907	BOY:2 NOT:2 FOR:2 SEPTEMBER:3 SHOW:1 VIDEO:1 INSIDE:1 PAGE:1 BELEN:1 ANG:2 NIYA:2 BILANG:1 BEST:1 GAWAD:1 HINDI:1 ITO:1 LUBOS:1 NOON:1 CHIKA:2 TAKOT:1 PERSONAL:1 TANONG:1 ISA:1 PRANING:1 BANTAY:1 SARADO:1 BARANGAY:1 LOVE:1
https://www.gmanetwork.com/entertainment/videos/fast-talk-with-boy-abunda-gelli-de-belen-on-her-past-issue-with-regine-velasquez-episode-944/326906	BOY:2 BELEN:3 SEPTEMBER:3 SHOW:1 VIDEO:1 INSIDE:1 PAGE:1 AKTRES:1 ANG:3 DATING:1 ISYU:1 NILA:2 LANG:1 SIYA:1 RITO:1 NGAYON:1 RIN:1 MAAYOS:1 RELASYON:1 CHIKA:2 TAKOT:1 PERSONAL:1 TANONG:1 ISA:1 PRANING:1 BANTAY:1 SARADO:1 BARANGAY:1 LOVE:1
https://www.gmanetwork.com/entertainment/videos/fast-talk-with-boy-abunda-gelli-ano-ang-pakiramdam-na-nasa-anino-ni-janice-de-belen-episode-944/326905	BOY:2 ANO:2 ANG:4 PAKIRAMDAM:2 NASA:2 ANINO:3 BELEN:4 SEPTEMBER:3 SHOW:1 VIDEO:1 INSIDE:1 PAGE:1 AKTRES:1 KARANASAN:1 KAPATID:1 LANG:1 CHIKA:2 TAKOT:1 PERSONAL:1 TANONG:1 ISA:1 PRANING:1 BANTAY:1 SARADO:1 BARANGAY:1 LOVE:1
https://www.gmanetwork.com/entertainment/videos/fast-talk-with-boy-abunda-gelli-de-belen-naging-recording-artist-din-episode-944/326904	BOY:2 BELEN:3 NAGING:3 DIN:2 SEPTEMBER:3 SHOW:1 VIDEO:1 INSIDE:1 PAGE:1 AKTRES:1 ANG:2 ISANG:1 MINSAN:1 NAGKAROON:1 ALBUM:1 CHIKA:2 TAKOT:1 PERSONAL:1 TANONG:1 ISA:1 PRANING:1 BANTAY:1 SARADO:1 BARANGAY:1 LOVE:1
https://www.gmanetwork.com/entertainment/videos/fast-talk-with-boy-abunda-gelli-de-belen-from-newbie-to-award-winning-actress-full-episode-944/326903	BOY:2 BELEN:4 AWARD:4 FULL:2 SEPTEMBER:3 SHOW:1 VIDEO:1 INSIDE:1 PAGE:1 AKTRES:1 ANG:2 MULA:1 ILALIM:1 ANINO:1 KAPATID:1 HANGGANG:1 GAWAD:1 BEST:1 ITO:1 CHIKA:2 TAKOT:1 PERSONAL:1 TANONG:1 ISA:1 PRANING:1 BANTAY:1 SARADO:1 BARANGAY:1 LOVE:1
https://www.gmanetwork.com/entertainment/videos/kamao-nadia-nanlaban-kay-caloy-episode-85/326902	KAMAO:2 NANLABAN:3 KAY:3 SEPTEMBER:3 SHOW:1 VIDEO:1 INSIDE:1 PAGE:1 MATAPANG:1 HALILI:1 GAMIT:1 ANG:2 MGA:1 NIYA:1 KAPUSO:1 CHIKA:2 TAKOT:1 PERSONAL:1 TANONG:1 ISA:1 PRANING:1 BANTAY:1 SARADO:1 BARANGAY:1 LOVE:1
https://www.gmanetwork.com/entertainment/videos/kamao-jolly-sinundo-ni-lance-episode-85/326901	KAMAO:2 SEPTEMBER:3 SHOW:1 VIDEO:1 INSIDE:1 PAGE:1 PARA:1 KAPUSO:1 CHIKA:2 TAKOT:1 ANG:1 PERSONAL:1 TANONG:1 ISA:1 PRANING:1 BANTAY:1 SARADO:1 BARANGAY:1 LOVE:1
https://www.gmanetwork.com/entertainment/videos/kamao-makmak-sees-nadia-all-dressed-up-to-meet-caloy-episode-85/326900	KAMAO:2 ALL:2 SEPTEMBER:3 SHOW:1 VIDEO:1 INSIDE:1 PAGE:1 NANG:1 HOTEL:1 NIYA:1 HALILI:1 KAY:1 RITO:1 KAPUSO:1 CHIKA:2 TAKOT:1 ANG:1 PERSONAL:1 TANONG:1 ISA:1 PRANING:1 BANTAY:1 SARADO:1 BARANGAY:1 LOVE:1
https://www.gmanetwork.com/entertainment/videos/kamao-tobuts-is-left-ignored-by-friends-in-love-episode-85/326899	KAMAO:2 LOVE:4 SEPTEMBER:3 SHOW:1 VIDEO:1 INSIDE:1 PAGE:1 DAHIL:2 TILA:1 MGA:2 NIYA:1 TUNGKOL:1 PROBLEMA:1 ABALA:1 ANG:2 LAHAT:1 KAPUSO:1 CHIKA:2 TAKOT:1 PERSONAL:1 TANONG:1 ISA:1 PRANING:1 BANTAY:1 SARADO:1 BARANGAY:1
https://www.gmanetwork.com/entertainment/videos/kamao-makmak-nag-sorry-sa-inasta-sa-kanyang-ama-episode-85/326898	KAMAO:2 SORRY:2 AMA:2 SEPTEMBER:3 SHOW:1 VIDEO:1 INSIDE:1 PAGE:1 HUMINGI:1 TAWAD:1 KAY:1 MAKASARILI:1 KAPUSO:1 CHIKA:2 TAKOT:1 ANG:1 PERSONAL:1 TANONG:1 ISA:1 PRANING:1 BANTAY:1 SARADO:1 BARANGAY:1 LOVE:1
https://www.rappler.com/latest/	OPEN:1 CLOSE:2 VIDEO:3 INSIDE:1 AND:18 WORLD:3 SPECIAL:3 BOARD:4 SEE:12 ALL:12 NOW:3 TOP:2 THE:12 SQUARE:1 HOLD:1 HINDI:1 ITO:1 MARITES:1 VIEW:1 ORDER:1 GOOD:1 METRO:1 MANILA:2 PERSONAL:1 FIRST:2 LOOK:1 HOME:1 SARA:3 ATIN:1 ANG:1 BREAK:1 DAKILA:1 FOR:5 KALIKASAN:1 LEGAL:1 YOU:2 KNOW:2 PITIK:1 BULAG:1 SCHOOL:2 SUPPORT:4 SEARCH:1 OVER:1 WHITE:1 BAN:1 CHAT:11 ARE:2 BIG:2 SEPTEMBER:1 MORE:3 OUT:1 YOUR:1 WHY:1 READ:1
https://www.rappler.com/newsbreak/investigative/99548-fake-car-insurance-fee/	CAR:5 FOR:33 OPEN:2 CLOSE:3 VIDEO:3 INSIDE:1 AND:53 WORLD:3 SPECIAL:4 BOARD:4 SEE:13 ALL:16 NOW:4 TOP:2 THE:181 SQUARE:1 HOLD:2 HINDI:1 ITO:1 MARITES:1 VIEW:1 ORDER:1 GOOD:1 METRO:2 MANILA:4 PERSONAL:1 FIRST:2 LOOK:1 HOME:1 SARA:3 ATIN:1 ANG:1 BREAK:1 DAKILA:1 KALIKASAN:1 LEGAL:1 YOU:4 KNOW:2 PITIK:1 BULAG:1 SCHOOL:1 SUPPORT:4 SEARCH:1 YEAR:8 EVEN:5 WAS:3 NOT:10 COVER:4 DUE:1 READ:2 FULL:1 NOTE:1 DAY:1 AWAY:1 WAY:6 OUT:7 RETREAT:1 HIT:2 LIKE:1 PAPER:2 ONE:3 COMMON:1 ELEMENT:1 MOTOR:5 LAST:1 LONG:1 COME:2 THINK:2 BUT:3 BEEN:3 SHOW:1 MORE:5 TOTAL:3 THERE:1 ARE:21 WHY:2 CAN:6 JUST:3 OVER:1 ALSO:4 TWO:4 MAY:1 PART:1 PESO:1 COMMERCIAL:2 TAXI:1 BUS:1 LOGO:2 ADDRESS:1 LIMIT:1 NAME:5 SECOND:1 THIRD:1 WAYS:1 GET:4 GETS:1 DEAL:2 MONEY:1 MAKABANSA:1 PUT:2 OWN:1 CHAIR:1 MUCH:1 SMALL:1 STOP:1 END:1 LIST:2 DIVIDE:1 WHERE:2 REAL:1 CHAT:3 RIGHT:1 YOUR:1
https://www.rappler.com/newsbreak/43722-courting-disaster/	OPEN:2 CLOSE:4 VIDEO:3 INSIDE:1 AND:65 WORLD:3 SPECIAL:3 BOARD:4 SEE:12 ALL:12 NOW:4 TOP:2 THE:164 SQUARE:1 HOLD:1 HINDI:1 ITO:1 MARITES:1 VIEW:2 ORDER:1 GOOD:1 METRO:5 MANILA:6 PERSONAL:1 FIRST:3 LOOK:2 HOME:1 SARA:3 ATIN:1 ANG:1 BREAK:2 DAKILA:1 FOR:25 KALIKASAN:1 LEGAL:1 YOU:8 KNOW:3 PITIK:1 BULAG:1 SCHOOL:1 SUPPORT:4 SEARCH:1 OUR:2 ARE:21 MUCH:2 MAN:2 NATURAL:5 DUE:2 READ:2 FULL:2 NOTE:1 WAS:5 HAMBALOS:1 TWO:1 TAGALOG:1 SAN:2 BEEN:3 WATER:2 WHERE:6 SEVEN:2 PROJECT:3 OVER:3 BARANGAY:2 DOWN:1 SEASON:1 NOT:3 COMMON:1 MORE:6 ONE:5 ANTIPOLO:1 EVEN:1 IDEAL:1 STATE:1 OUT:4 YEAR:4 CALL:1 BUTUAN:2 NORTE:1 ORO:1 COME:4 DAYS:1 MAY:1 HIT:1 HAY:1 PARK:1 THERE:4 REAL:2 COMMERCIAL:1 PESO:1 WAY:2 SHAKE:1 IDEA:1 CAN:2 AWAY:1 WHY:2 APOSTOL:2 ENTIRE:3 RIGHT:2 TAKE:1 NINO:1 AMONG:1 LONG:1 COVER:1 URBAN:3 PUT:1 LIKE:2 BUT:3 MAKATI:1 STUDY:1 KAWIT:1 LATE:1 GET:2 FOURTH:1 RED:3 LIST:1 LIBAN:1 CHAT:3 NAME:1 YOUR:1
https://www.rappler.com/newsbreak/43711-dealing-with-disaster/	OPEN:2 CLOSE:3 VIDEO:3 INSIDE:1 AND:56 WORLD:4 SPECIAL:3 BOARD:4 SEE:12 ALL:15 NOW:3 TOP:2 THE:75 SQUARE:1 HOLD:1 HINDI:1 ITO:1 MARITES:1 VIEW:1 ORDER:1 GOOD:2 METRO:2 MANILA:4 PERSONAL:1 FIRST:3 LOOK:1 HOME:2 SARA:3 ATIN:1 ANG:1 BREAK:1 DAKILA:1 FOR:18 KALIKASAN:1 LEGAL:1 YOU:4 KNOW:3 PITIK:1 BULAG:1 SCHOOL:1 SUPPORT:4 SEARCH:1 BEST:2 NATURAL:1 MAN:2 ALBAY:3 READ:2 FULL:1 NOTE:1 WAS:10 ONE:7 ARE:4 DEAL:1 OUR:1 WAY:1 MUCH:1 BUT:3 LAST:2 YEAR:3 SULTAN:2 WATER:1 ALSO:3 PUT:2 CHAIR:1 BAYANI:1 MAYOR:2 PRE:2 AMONG:2 ENTIRE:1 MORE:5 BEEN:4 ABLE:3 RESCUE:3 FIRE:2 POLICE:2 EVEN:2 DOWN:2 JUST:1 TWO:4 PER:1 REGULAR:1 ABNORMAL:1 ALERT:3 ZERO:2 SIX:1 EIGHT:1 DAYS:1 SOON:1 SMALL:1 OUT:2 OWN:1 BIG:1 CHAT:3 NAME:1 RIGHT:1 WHERE:1 GET:1 YOUR:1 WHY:1
https://www.rappler.com/newsbreak/61387-five-national-artist-award-controversy/	AND:66 THERE:3 OPEN:2 CLOSE:4 VIDEO:3 INSIDE:1 WORLD:3 SPECIAL:5 BOARD:6 SEE:12 ALL:13 NOW:2 TOP:2 THE:158 SQUARE:1 HOLD:1 HINDI:1 ITO:1 MARITES:1 VIEW:1 ORDER:1 GOOD:3 METRO:1 MANILA:3 PERSONAL:1 FIRST:9 LOOK:1 HOME:1 SARA:3 ATIN:1 ANG:1 BREAK:1 DAKILA:1 FOR:36 KALIKASAN:1 LEGAL:1 YOU:5 KNOW:2 PITIK:1 BULAG:1 SCHOOL:1 SUPPORT:4 SEARCH:2 LAST:4 OVER:1 DUE:1 NOT:7 MORE:6 DEBATE:1 ARE:8 READ:3 FULL:1 NOTE:1 WAS:11 BEEN:2 LIST:5 ALAGAD:1 SINING:1 BUT:2 AWARD:8 FOURTH:1 ALSO:3 LATE:3 ROMERO:2 MAY:4 ONE:5 PLUS:1 SAW:1 MOVE:1 EDUCATION:1 FATHER:1 CHAIR:1 WHERE:3 SAID:7 TWO:3 INTERVIEW:1 THINK:1 CAN:2 BOOK:2 SHORT:2 SECOND:4 STAR:2 AMONG:4 DAYS:1 PAGE:1 YEAR:2 EVEN:3 SEVEN:2 ROUND:1 GETS:2 CAR:1 STATE:1 AWAY:2 JUST:1 EFFECT:1 DAY:1 NEW:1 PAPA:1 OWN:2 RIGHT:2 KAHIT:1 MAKATI:1 HOTEL:1 SIX:1 GIVE:1 OUT:3 WAY:2 DAGDAG:1 BAWAS:1 SANGHAYA:1 CHAT:3 NAME:1 GET:1 YOUR:1 WHY:1
https://www.rappler.com/newsbreak/43709-all-hands-on-deck/	ALL:19 OPEN:3 CLOSE:3 VIDEO:3 INSIDE:1 AND:45 WORLD:4 SPECIAL:3 BOARD:4 SEE:15 NOW:3 TOP:3 THE:78 SQUARE:2 HOLD:1 HINDI:1 ITO:1 MARITES:1 VIEW:1 ORDER:1 GOOD:1 METRO:1 MANILA:2 PERSONAL:1 FIRST:3 LOOK:1 HOME:1 SARA:3 ATIN:1 ANG:1 BREAK:1 DAKILA:1 FOR:23 KALIKASAN:1 LEGAL:1 YOU:4 KNOW:2 PITIK:1 BULAG:1 SCHOOL:2 SUPPORT:4 SEARCH:2 FIRE:10 PROJECT:2 READ:2 FULL:1 NOTE:1 WAS:10 BRIGHT:1 RED:1 ONE:3 SMALL:1 BUT:3 WELCOME:1 ARE:6 PASTEL:1 THERE:5 BLACK:1 IRON:1 LIGHT:1 WAY:1 GAWAD:2 KALINGA:1 URBAN:1 MAYOR:2 SHOW:1 EVEN:1 NOT:4 MONEY:2 CAN:2 BAG:1 AWARD:1 GALING:1 POOK:1 OVER:1 LAST:2 EIGHT:1 AMONG:2 SITIO:1 MORE:5 AWAY:1 BEEN:1 TWO:4 ENTIRE:1 COME:1 DOWN:1 MISERABLE:1 LIKE:2 WATER:1 RIGHT:3 ALSO:1 NEW:2 DAYS:1 WHERE:3 DAY:1 YOUNG:1 SAID:1 CHAT:3 NAME:1 GET:1 OUT:1 YOUR:1 WHY:1
https://www.rappler.com/newsbreak/50592-code-imperfect/	OPEN:2 CLOSE:3 VIDEO:3 INSIDE:1 AND:37 WORLD:4 SPECIAL:3 BOARD:4 SEE:12 ALL:14 NOW:5 TOP:2 THE:91 SQUARE:1 HOLD:1 HINDI:1 ITO:1 MARITES:1 VIEW:1 ORDER:1 GOOD:2 METRO:1 MANILA:3 PERSONAL:1 FIRST:2 LOOK:1 HOME:1 SARA:3 ATIN:1 ANG:1 BREAK:1 DAKILA:1 FOR:19 KALIKASAN:1 LEGAL:1 YOU:5 KNOW:2 PITIK:1 BULAG:1 SCHOOL:1 SUPPORT:5 SEARCH:1 NOT:3 AMENDMENT:2 MAY:1 MORE:7 READ:2 FULL:1 NOTE:1 WAS:6 ENTIRE:2 CORAZON:1 GET:2 EIGHT:1 MAYOR:1 OVER:1 NEW:2 IDEA:1 PET:1 BARANGAY:4 KABATAAN:2 PUT:2 OWN:1 LIST:1 BEEN:4 EXPERT:2 ARE:8 SAID:3 BUT:1 MEAN:1 LIGA:2 MGA:1 MOVE:1 ONE:2 CAN:1 BALL:1 SIX:1 TOTAL:1 TWO:1 SHIFT:1 CHAT:3 NAME:1 RIGHT:1 WHERE:1 OUT:1 YOUR:1 WHY:1
https://www.rappler.com/newsbreak/43701-tug-of-war-for-nature/	FOR:22 OPEN:2 CLOSE:3 VIDEO:4 INSIDE:1 AND:66 WORLD:3 SPECIAL:3 BOARD:4 SEE:12 ALL:19 NOW:4 TOP:2 THE:149 SQUARE:1 HOLD:2 HINDI:1 ITO:1 MARITES:1 VIEW:2 ORDER:1 GOOD:2 METRO:1 MANILA:2 PERSONAL:1 FIRST:2 LOOK:1 HOME:1 SARA:4 ATIN:1 ANG:1 BREAK:1 DAKILA:1 KALIKASAN:1 LEGAL:2 YOU:7 KNOW:3 PITIK:1 BULAG:1 SCHOOL:1 SUPPORT:5 SEARCH:1 JAN:1 FULL:5 OVER:10 NATURAL:13 DUE:1 SHIFT:2 READ:2 NOTE:1 WAS:5 AWAY:2 ALSO:3 GREAT:1 NORTE:1 DOWN:1 SULTAN:1 MILITARY:1 OUR:2 ARE:12 BUT:3 EVEN:4 LATE:1 WATER:2 AIR:3 CAN:5 OWN:1 COVER:2 SANGGUNIAN:2 TAKING:1 RIGHT:2 SAID:7 OUT:4 EIGHT:1 PART:2 NOT:7 MAGAT:1 MEAN:1 PAPER:2 MAY:3 FELT:1 LONG:1 RESORT:1 SOON:1 SMALL:1 BEEN:1 RULE:1 MAYOR:2 LIST:1 SEVEN:1 YEAR:1 GAWAD:1 PANGULO:1 KAPALIGIRAN:1 MORE:7 ONE:1 TWO:2 COME:1 MIND:2 DEAL:1 COMMON:1 STYLE:1 NOBLE:1 WAY:1 DUPLICATE:1 CHAT:18 YOUR:2 LIKE:1 NEW:1 WHERE:1 GET:1 WHY:1
https://www.rappler.com/newsbreak/43702-elected-leaders-tasks/	THE:22 OPEN:2 CLOSE:3 VIDEO:3 INSIDE:1 AND:35 WORLD:3 SPECIAL:3 BOARD:6 SEE:12 ALL:12 NOW:2 TOP:2 SQUARE:1 HOLD:1 HINDI:1 ITO:1 MARITES:1 VIEW:1 ORDER:1 GOOD:1 METRO:1 MANILA:2 PERSONAL:1 FIRST:1 LOOK:1 HOME:1 SARA:3 ATIN:1 ANG:1 BREAK:1 DAKILA:1 FOR:7 KALIKASAN:1 LEGAL:1 YOU:4 KNOW:2 PITIK:1 BULAG:1 SCHOOL:1 SUPPORT:4 SEARCH:1 JAN:1 ARE:2 NATURAL:3 BARANGAY:1 MAYOR:1 TREE:1 CHAT:3 NAME:1 MORE:2 RIGHT:1 WHERE:1 GET:1 OUT:1 YOUR:1 WHY:1 READ:1
https://www.rappler.com/philippines/168060-article-for-aggregating-asean-mood-votes/	FOR:7 OPEN:2 CLOSE:3 VIDEO:3 INSIDE:1 AND:16 WORLD:3 SPECIAL:3 BOARD:4 SEE:12 ALL:12 NOW:2 TOP:2 THE:11 SQUARE:1 HOLD:1 HINDI:1 ITO:1 MARITES:1 VIEW:1 ORDER:1 GOOD:1 METRO:1 MANILA:2 PERSONAL:1 FIRST:1 LOOK:1 HOME:1 SARA:3 ATIN:1 ANG:1 BREAK:1 DAKILA:1 KALIKASAN:1 LEGAL:1 YOU:4 KNOW:2 PITIK:1 BULAG:1 SCHOOL:1 SUPPORT:4 SEARCH:1 NOT:1 CHAT:8 MAY:1 SEPTEMBER:1 RESCUE:1 MORE:3 RIGHT:1 WHERE:1 GET:1 OUT:1 YOUR:1 WHY:1 ARE:1 READ:1
https://www.rappler.com/newsbreak/43700-albay-model-local-disaster-management/	ALBAY:6 OPEN:2 CLOSE:3 VIDEO:3 INSIDE:1 AND:21 WORLD:3 SPECIAL:3 BOARD:4 SEE:12 ALL:13 NOW:4 TOP:2 THE:20 SQUARE:1 HOLD:1 HINDI:1 ITO:1 MARITES:1 VIEW:1 ORDER:1 GOOD:1 METRO:1 MANILA:2 PERSONAL:1 FIRST:2 LOOK:1 HOME:1 SARA:3 ATIN:1 ANG:1 BREAK:1 DAKILA:1 FOR:8 KALIKASAN:1 LEGAL:1 YOU:4 KNOW:2 PITIK:1 BULAG:1 SCHOOL:1 SUPPORT:4 SEARCH:1 NOTE:1 WAS:1 SPEED:1 MUCH:1 PER:1 SIX:1 BEEN:2 ALERT:1 PART:1 THERE:1 CHAT:3 NAME:1 MORE:2 RIGHT:1 WHERE:1 GET:1 OUT:1 YOUR:1 WHY:1 ARE:1 READ:1
https://www.rappler.com/newsbreak/61391-politics-arts-national-artist-controversy/	AND:60 OPEN:3 CLOSE:3 VIDEO:3 INSIDE:1 WORLD:4 SPECIAL:3 BOARD:5 SEE:12 ALL:13 NOW:4 TOP:2 THE:195 SQUARE:1 HOLD:1 HINDI:1 ITO:1 MARITES:1 VIEW:1 ORDER:4 GOOD:1 METRO:1 MANILA:3 PERSONAL:1 FIRST:9 LOOK:1 HOME:1 SARA:3 ATIN:1 ANG:1 BREAK:1 DAKILA:1 FOR:35 KALIKASAN:1 LEGAL:1 YOU:4 KNOW:3 PITIK:1 BULAG:1 SCHOOL:2 SUPPORT:4 SEARCH:1 MAY:2 AWARD:17 TWO:5 ARE:8 DUE:1 NOT:8 NEW:2 LIST:12 BEEN:1 READ:3 FULL:1 NOTE:1 WAS:15 LAST:2 NAME:2 DAGDAG:1 ROUND:5 FOURTH:1 OVER:1 LATE:3 WAYS:1 MORE:6 ALSO:4 MEAN:1 PAR:1 SHORT:2 AMONG:1 ONE:1 STAR:1 MUCH:1 EDUCATION:1 FATHER:1 CHAIR:2 BUT:7 BEST:1 YEAR:1 SOON:1 SAID:4 INTERVIEW:1 SIX:3 ERMITA:1 THERE:1 TRUE:1 SECOND:1 WHERE:3 EIGHT:3 PATRON:1 EVEN:2 CAN:1 PLUS:1 THIRD:1 EXPERT:1 STOP:1 SEASON:1 AMENDMENT:1 STUDY:1 JUST:1 WAY:2 CHAT:3 RIGHT:1 GET:1 OUT:1 YOUR:1 WHY:1
https://www.rappler.com/newsbreak/65893-cost-guimaras-oil-spill/	OPEN:2 CLOSE:3 VIDEO:3 INSIDE:1 AND:29 WORLD:4 SPECIAL:3 BOARD:4 SEE:12 ALL:12 NOW:3 TOP:2 THE:50 SQUARE:1 HOLD:1 HINDI:1 ITO:1 MARITES:1 VIEW:1 ORDER:1 GOOD:1 METRO:1 MANILA:3 PERSONAL:1 FIRST:3 LOOK:2 HOME:1 SARA:3 ATIN:1 ANG:1 BREAK:1 DAKILA:1 FOR:20 KALIKASAN:1 LEGAL:1 YOU:4 KNOW:2 PITIK:1 BULAG:1 SCHOOL:1 SUPPORT:4 SEARCH:1 ARE:6 OIL:6 THERE:1 READ:2 FULL:1 NOTE:1 WAS:1 BEEN:1 MORE:4 BUT:1 MUCH:1 YEAR:2 TIP:1 CORAL:1 STUDY:2 DUGONG:1 OUT:2 MAY:1 ALSO:3 CAN:1 COME:1 NOT:1 TAKE:1 SIX:1 SOUND:1 WHERE:2 CHAT:3 NAME:1 RIGHT:1 GET:1 YOUR:1 WHY:1
https://www.rappler.com/newsbreak/65887-guimaras-oil-spill-one-year-after/	ONE:9 YEAR:3 OPEN:2 CLOSE:3 VIDEO:4 INSIDE:1 AND:79 WORLD:3 SPECIAL:3 BOARD:4 SEE:14 ALL:17 NOW:5 TOP:3 THE:197 SQUARE:2 HOLD:1 HINDI:1 ITO:1 MARITES:1 VIEW:1 ORDER:3 GOOD:1 METRO:1 MANILA:4 PERSONAL:1 FIRST:7 LOOK:2 HOME:1 SARA:3 ATIN:1 ANG:1 BREAK:1 DAKILA:1 FOR:29 KALIKASAN:1 LEGAL:1 YOU:4 KNOW:2 PITIK:1 BULAG:1 SCHOOL:2 SUPPORT:5 SEARCH:1 OIL:36 ARE:10 AMONG:1 NEW:2 READ:2 FULL:2 NOTE:1 WAS:37 THERE:13 SIX:3 OUT:6 JUST:1 AWAY:1 NIPA:1 SPOT:1 WHERE:3 BEEN:8 TOTAL:5 PANAY:1 EVEN:8 CORAL:1 LIKE:1 BUT:13 SAID:2 TAKE:4 DAYS:1 OUR:1 PLAN:3 WATER:1 NOT:14 HIT:1 WAY:1 FELT:1 ALSO:7 LIGTAS:1 MORE:10 OVER:1 GIVE:1 TAKING:1 ABLE:1 TWO:1 SHOW:2 LONG:2 EFFECT:1 PUT:1 TIP:1 HAIR:3 IDEA:1 END:1 MAY:2 SECOND:3 DEAL:1 EDUCATION:1 BEST:1 WAYS:1 REAL:1 COME:2 DAY:1 TRANSPORT:2 PER:1 BARANGAY:1 GET:2 AGRICULTURE:1 MAYOR:1 ENTIRE:1 DOWN:1 LAST:2 COVER:1 CHAT:3 NAME:1 RIGHT:1 YOUR:1 WHY:1
https://www.rappler.com/business/industries/7190-malaysias-ex-mines-turning-wastelands-into-wonders/	OPEN:3 CLOSE:3 VIDEO:3 INSIDE:1 AND:48 WORLD:5 SPECIAL:3 BOARD:4 SEE:12 ALL:12 NOW:5 TOP:2 THE:72 SQUARE:1 HOLD:1 HINDI:1 ITO:1 MARITES:1 VIEW:3 ORDER:1 GOOD:2 METRO:1 MANILA:4 PERSONAL:1 FIRST:2 LOOK:1 HOME:1 SARA:3 ATIN:1 ANG:1 BREAK:1 DAKILA:1 FOR:23 KALIKASAN:1 LEGAL:1 YOU:6 KNOW:2 PITIK:1 BULAG:1 SCHOOL:1 SUPPORT:4 SEARCH:1 MORE:7 ONE:1 AMONG:1 AGRICULTURE:2 BEEN:2 READ:3 FULL:1 NOTE:1 WAS:5 WHERE:4 SAID:7 NATURAL:1 STATE:1 PART:2 BUT:4 SECOND:1 YEAR:1 MINE:2 RESORT:4 CAST:1 STAR:1 HOTEL:1 MAN:1 COURSE:1 LONG:1 THERE:1 COMMERCIAL:1 OUT:3 OIL:1 NEW:2 CAN:3 ALSO:1 ARE:5 EVEN:1 MAY:1 DELOS:1 TAKE:1 STAND:3 YOUR:3 PANGILINAN:1 BAG:1 NOT:1 PERFECT:1 CHAT:3 NAME:1 RIGHT:1 GET:1 WHY:1
https://www.rappler.com/newsbreak/2860-on-shaky-ground/	OPEN:2 CLOSE:4 VIDEO:3 INSIDE:1 AND:95 WORLD:3 SPECIAL:4 BOARD:4 SEE:12 ALL:17 NOW:6 TOP:2 THE:185 SQUARE:1 HOLD:1 HINDI:1 ITO:1 MARITES:1 VIEW:1 ORDER:3 GOOD:3 METRO:1 MANILA:4 PERSONAL:1 FIRST:2 LOOK:2 HOME:1 SARA:3 ATIN:1 ANG:1 BREAK:1 DAKILA:1 FOR:48 KALIKASAN:1 LEGAL:10 YOU:10 KNOW:2 PITIK:1 BULAG:1 SCHOOL:2 SUPPORT:6 SEARCH:1 SMALL:74 JUST:4 SHIFT:1 MORE:9 ADDRESS:2 READ:2 FULL:2 NOTE:1 WAS:14 BUT:10 NOT:14 THANK:1 TWO:9 ARE:25 GRADE:3 ONE:2 COMMON:2 BIG:9 COME:1 NEW:2 AMONG:1 BAN:1 LAST:3 YEAR:2 MODERN:3 DAY:3 COVER:1 MINIMAL:1 CORAZON:1 ATENEO:1 TRY:2 PART:2 RUSH:2 DIWATA:3 SUR:1 NORTE:2 BEEN:3 EVEN:3 WAY:3 TITO:1 MILITARY:1 THERE:3 MONEY:1 DOWN:1 PER:3 TAKING:1 OUT:4 BEST:1 BANGKO:1 SENTRAL:1 SUSPECT:1 AVERAGE:1 ALSO:5 LONG:1 NATURAL:1 SAW:1 ENTIRE:1 GREAT:1 ABLE:1 DRY:1 SIX:1 KILO:1 CAN:2 MINE:3 BOOM:1 END:1 ANGELO:1 OVER:2 LIKE:3 SETTLE:1 SAID:1 PROJECT:1 MAY:1 MUST:1 WAYS:1 MOVE:1 DEAL:1 CALL:1 REAL:1 OUR:1 KEY:1 IDEAL:2 BAYAN:2 COURSE:1 LAHAR:1 OBJECT:1 LITO:1 SHOW:1 CHAT:3 NAME:1 RIGHT:1 WHERE:1 GET:1 YOUR:1 WHY:1
https://www.rappler.com/newsbreak/61389-national-artist-insertions-worst-arroyo/	OPEN:2 CLOSE:3 VIDEO:3 INSIDE:1 AND:39 WORLD:3 SPECIAL:3 BOARD:4 SEE:12 ALL:13 NOW:2 TOP:2 THE:80 SQUARE:1 HOLD:1 HINDI:1 ITO:2 MARITES:1 VIEW:1 ORDER:2 GOOD:1 METRO:1 MANILA:3 PERSONAL:1 FIRST:2 LOOK:1 HOME:1 SARA:3 ATIN:1 ANG:2 BREAK:1 DAKILA:1 FOR:16 KALIKASAN:1 LEGAL:2 YOU:4 KNOW:2 PITIK:1 BULAG:1 SCHOOL:1 SUPPORT:5 SEARCH:1 TOTAL:2 SEVEN:3 LIST:3 NOT:5 BEEN:2 MONEY:3 COME:1 ARE:8 READ:2 FULL:1 NOTE:1 WAS:5 KAY:1 LANG:1 DAGDAG:1 BAWAS:1 SAID:9 BIG:1 SHORT:2 MORENO:1 MORE:3 AWARD:9 LATE:1 KONSIDERASYON:1 ALSO:5 PART:1 REYNA:1 AKA:1 BUT:1 MUCH:1 ONE:1 EVEN:1 NEW:1 PENSION:1 PERA:1 BAYAN:1 MUNA:1 KABATAAN:1 EDUCATION:1 CHAT:3 NAME:1 RIGHT:1 WHERE:1 GET:1 OUT:1 YOUR:1 WHY:1
https://www.rappler.com/newsbreak/43732-last-year-calamities-eat-into-2010-funds/	LAST:5 OPEN:2 CLOSE:3 VIDEO:3 INSIDE:1 AND:58 WORLD:4 SPECIAL:4 BOARD:5 SEE:12 ALL:13 NOW:3 TOP:2 THE:133 SQUARE:1 HOLD:1 HINDI:1 ITO:1 MARITES:1 VIEW:1 ORDER:1 GOOD:2 METRO:1 MANILA:3 PERSONAL:1 FIRST:5 LOOK:1 HOME:1 SARA:3 ATIN:1 ANG:1 BREAK:1 DAKILA:1 FOR:31 KALIKASAN:1 LEGAL:1 YOU:5 KNOW:2 PITIK:1 BULAG:1 SCHOOL:1 SUPPORT:4 SEARCH:1 SAID:18 BEEN:5 DUE:2 THERE:5 ARE:6 PRE:3 ABILITY:1 READ:2 FULL:1 NOTE:1 WAS:7 YEAR:8 TWO:4 ABAD:1 ENTIRE:1 OVER:2 LIKE:4 SHOW:1 DAYS:1 CAN:5 AID:1 NOT:6 HIT:1 RING:1 FIRE:1 WHERE:2 ALSO:4 AGRICULTURE:1 STUDY:2 MORE:3 SPOT:2 AVERAGE:1 EVEN:1 COVER:1 REGULAR:3 STATE:2 EFFECT:1 BIG:1 BUT:1 COME:1 EDUCATION:1 OUR:1 NEW:3 ADDRESS:1 MAY:1 CHAT:3 NAME:1 RIGHT:1 GET:1 OUT:1 YOUR:1 WHY:1
https://www.rappler.com/moveph/143844-main/	MOVE:3 OPEN:2 CLOSE:3 VIDEO:3 INSIDE:1 AND:16 WORLD:3 SPECIAL:3 BOARD:4 SEE:12 ALL:12 NOW:2 TOP:2 THE:12 SQUARE:1 HOLD:1 HINDI:1 ITO:1 MARITES:1 VIEW:1 ORDER:1 GOOD:1 METRO:1 MANILA:2 PERSONAL:1 FIRST:1 LOOK:1 HOME:1 SARA:3 ATIN:1 ANG:1 BREAK:1 DAKILA:1 FOR:7 KALIKASAN:1 LEGAL:1 YOU:4 KNOW:2 PITIK:1 BULAG:1 SCHOOL:1 SUPPORT:4 SEARCH:1 NOT:1 JUST:1 BUT:1 ALSO:1 CHAT:3 NAME:1 MORE:2 RIGHT:1 WHERE:1 GET:1 OUT:1 YOUR:1 WHY:1 ARE:1 READ:1
https://www.rappler.com/newsbreak/50597-local-government-code-almost-untouched-after-3-presidents/	OPEN:2 CLOSE:3 VIDEO:3 INSIDE:2 AND:53 WORLD:3 SPECIAL:6 BOARD:4 SEE:12 ALL:14 NOW:5 TOP:2 THE:203 SQUARE:1 HOLD:1 HINDI:1 ITO:1 MARITES:1 VIEW:2 ORDER:1 GOOD:2 METRO:1 MANILA:4 PERSONAL:1 FIRST:2 LOOK:1 HOME:1 SARA:3 ATIN:1 ANG:1 BREAK:1 DAKILA:1 FOR:28 KALIKASAN:1 LEGAL:1 YOU:4 KNOW:2 PITIK:1 BULAG:1 SCHOOL:1 SUPPORT:10 SEARCH:1 NOT:8 ADDRESS:3 READ:2 FULL:2 NOTE:1 NEW:6 LAST:3 SHOW:1 EVEN:1 NAGA:2 MAYOR:5 WAS:14 ONE:3 END:3 CORAZON:2 GET:3 CAN:3 MORE:9 ALSO:12 SAID:21 MAY:3 BUT:5 AMONG:2 CESAR:1 ARE:7 DEAL:1 KABATAAN:1 ULAP:1 TAGAYTAY:1 CHAIR:2 PANADERO:3 TAKE:1 JUST:2 BEEN:4 EFFECT:1 REAL:1 INTERVIEW:1 LIKE:2 TRAFFIC:1 AMENDMENT:5 PUT:1 OUT:2 THERE:1 THINK:1 ENTIRE:1 BARANGAY:1 ABLE:1 SUR:2 WAY:2 OWN:1 NATURAL:2 WHY:2 RIGHT:2 CHAT:3 NAME:1 WHERE:1 YOUR:1
https://www.rappler.com/newsbreak/43733-whos-afraid-floods-leyte/	OPEN:2 CLOSE:3 VIDEO:3 INSIDE:1 AND:35 WORLD:3 SPECIAL:3 BOARD:4 SEE:12 ALL:12 NOW:3 TOP:2 THE:61 SQUARE:1 HOLD:1 HINDI:1 ITO:1 MARITES:1 VIEW:1 ORDER:1 GOOD:1 METRO:1 MANILA:2 PERSONAL:1 FIRST:2 LOOK:1 HOME:1 SARA:3 ATIN:1 ANG:1 BREAK:1 DAKILA:1 FOR:10 KALIKASAN:1 LEGAL:1 YOU:4 KNOW:2 PITIK:1 BULAG:1 SCHOOL:1 SUPPORT:4 SEARCH:1 COMMON:1 CAN:4 COME:1 PLAN:1 ADDRESS:1 BEEN:1 READ:2 FULL:1 NOTE:1 WAS:3 PALO:3 FLASH:1 WATER:7 POTABLE:1 SUPPLY:1 SIX:1 YEAR:2 OUT:2 PROJECT:2 RAIN:2 THERE:4 SAID:7 PAUL:1 SAN:1 EVEN:1 DAY:1 TWO:3 ARE:5 MINA:1 ALSO:3 ALERT:1 AMONG:1 OWN:1 SUR:1 CHAT:3 NAME:1 MORE:2 RIGHT:1 WHERE:1 GET:1 YOUR:1 WHY:1
https://www.rappler.com/newsbreak/50709-ph-national-land-use-code/	WHY:4 NOW:7 OPEN:2 CLOSE:3 VIDEO:3 INSIDE:1 AND:45 WORLD:3 SPECIAL:3 BOARD:6 SEE:12 ALL:14 TOP:2 THE:110 SQUARE:2 HOLD:1 HINDI:2 ITO:1 MARITES:1 VIEW:1 ORDER:1 GOOD:2 METRO:1 MANILA:3 PERSONAL:1 FIRST:2 LOOK:2 HOME:2 SARA:3 ATIN:1 ANG:2 BREAK:1 DAKILA:1 FOR:25 KALIKASAN:1 LEGAL:1 YOU:4 KNOW:2 PITIK:1 BULAG:1 SCHOOL:1 SUPPORT:4 SEARCH:1 ROMERO:1 READ:2 FULL:2 NOTE:1 THERE:7 ARE:14 LATE:2 ONE:7 OUT:3 DAY:1 NOT:6 DUE:2 KABUHAYAN:1 KAUNLARAN:1 OVER:2 BUT:6 BEEN:7 MORE:6 GUTOM:2 SAID:12 CRAZY:2 TWO:3 ALSO:4 PARK:3 WAS:1 BARANGAY:1 TAGA:1 BUKID:1 PART:2 RIGHT:2 NATURAL:2 BEST:1 TAKE:1 WHERE:2 REAL:1 BOOM:1 PLAN:3 MAYOR:2 PAG:1 MAY:2 ULI:1 DAPAT:2 LONG:1 GIVE:2 CORAZON:1 COME:1 TULAK:1 LIKE:1 PESO:1 JUST:1 MEAN:1 CHAT:8 RISES:2 RESCUE:2 GET:1 YOUR:1
https://www.rappler.com/newsbreak/35991-lessons-from-guinsaugon/	OPEN:2 CLOSE:3 VIDEO:3 INSIDE:1 AND:24 WORLD:4 SPECIAL:3 BOARD:4 SEE:12 ALL:12 NOW:2 TOP:2 THE:51 SQUARE:1 HOLD:1 HINDI:1 ITO:1 MARITES:1 VIEW:1 ORDER:1 GOOD:2 METRO:1 MANILA:3 PERSONAL:1 FIRST:2 LOOK:1 HOME:3 SARA:3 ATIN:1 ANG:3 BREAK:1 DAKILA:1 FOR:14 KALIKASAN:1 LEGAL:1 YOU:4 KNOW:2 PITIK:1 BULAG:1 SCHOOL:1 SUPPORT:4 SEARCH:1 ROMERO:1 CAN:1 ONE:3 NATURAL:2 READ:2 FULL:1 NOTE:1 BARANGAY:3 SAID:8 BEEN:1 ALSO:2 NEW:4 NOT:4 DIYOS:1 PAG:1 LINDOL:1 ISANG:1 BESES:1 LANG:1 LIKE:1 MAGANDA:1 KASI:1 TALAGA:1 LUPA:1 DOON:1 PLAN:2 ARE:5 WAS:1 TWO:1 TAKE:2 FEED:1 THERE:1 WHERE:2 CHAT:3 NAME:1 MORE:2 RIGHT:1 GET:1 OUT:1 YOUR:1 WHY:1
https://www.rappler.com/newsbreak/2247-julie-will-decide/	OPEN:2 CLOSE:3 VIDEO:4 INSIDE:1 AND:16 WORLD:3 SPECIAL:3 BOARD:4 SEE:12 ALL:12 NOW:2 TOP:2 THE:13 SQUARE:1 HOLD:1 HINDI:2 ITO:1 MARITES:1 VIEW:1 ORDER:1 GOOD:1 METRO:1 MANILA:3 PERSONAL:1 FIRST:1 LOOK:1 HOME:1 SARA:3 ATIN:1 ANG:2 BREAK:1 DAKILA:1 FOR:4 KALIKASAN:1 LEGAL:1 YOU:4 KNOW:2 PITIK:1 BULAG:1 SCHOOL:1 SUPPORT:4 SEARCH:1 KUNG:1 NAMIN:2 SILA:1 ANO:1 SILBI:1 BUHAY:1 KIRI:1 DATU:2 PART:1 DEBATE:1 CHAT:3 NAME:1 MORE:2 RIGHT:1 WHERE:1 GET:1 OUT:1 YOUR:1 WHY:1 ARE:1 READ:1
https://www.rappler.com/newsbreak/iq/167-spinal-surgery-and-titanium-plates/	AND:32 OPEN:2 CLOSE:4 VIDEO:3 INSIDE:1 WORLD:3 SPECIAL:3 BOARD:4 SEE:12 ALL:12 NOW:2 TOP:2 THE:49 SQUARE:1 HOLD:1 HINDI:1 ITO:1 MARITES:1 VIEW:1 ORDER:1 GOOD:1 METRO:1 MANILA:3 PERSONAL:1 FIRST:5 LOOK:1 HOME:1 SARA:3 ATIN:1 ANG:1 BREAK:1 DAKILA:1 FOR:7 KALIKASAN:1 LEGAL:1 YOU:4 KNOW:2 PITIK:1 BULAG:1 SCHOOL:1 SUPPORT:4 SEARCH:1 SECOND:2 PAIN:3 DUE:5 WAS:3 BUT:3 CAN:3 READ:2 FULL:1 SAID:2 METAL:1 WHERE:2 OUT:2 TWO:1 ARE:3 DAYS:1 ADDRESS:1 CHAT:3 NAME:1 MORE:2 RIGHT:1 GET:1 YOUR:1 WHY:1
https://www.rappler.com/moveph/24-change-possible-through-social-media/	OPEN:2 CLOSE:3 VIDEO:3 INSIDE:1 AND:47 WORLD:8 SPECIAL:3 BOARD:4 SEE:13 ALL:12 NOW:3 TOP:2 THE:61 SQUARE:1 HOLD:2 HINDI:1 ITO:1 MARITES:1 VIEW:1 ORDER:1 GOOD:1 METRO:1 MANILA:4 PERSONAL:1 FIRST:1 LOOK:1 HOME:1 SARA:3 ATIN:1 ANG:2 BREAK:1 DAKILA:1 FOR:12 KALIKASAN:1 LEGAL:1 YOU:8 KNOW:2 PITIK:1 BULAG:1 SCHOOL:1 SUPPORT:4 SEARCH:1 LIKE:1 MOVE:3 READ:2 FULL:1 SAID:5 NEW:3 GREAT:1 COME:1 TAKE:2 ATENEO:1 CAN:8 DOWN:1 SPEED:1 NOT:1 JUST:1 BUT:1 IBOTO:1 AKO:1 SIMULA:1 END:1 BOTO:1 VOICE:1 DEBATE:1 PAGE:1 MORE:6 REAL:1 YOUR:3 CHAT:3 NAME:1 AMONG:1 AWARD:1 WAS:2 ALSO:1 ONE:1 YOUNG:1 RIGHT:1 WHERE:1 GET:1 OUT:1 WHY:1 ARE:1
https://www.rappler.com/philippines/22-remembering-ninoy/	OPEN:3 CLOSE:3 VIDEO:3 INSIDE:1 AND:36 WORLD:4 SPECIAL:4 BOARD:4 SEE:12 ALL:13 NOW:3 TOP:2 THE:65 SQUARE:1 HOLD:1 HINDI:2 ITO:1 MARITES:1 VIEW:2 ORDER:1 GOOD:1 METRO:1 MANILA:3 PERSONAL:1 FIRST:1 LOOK:1 HOME:2 SARA:3 ATIN:1 ANG:4 BREAK:1 DAKILA:1 FOR:13 KALIKASAN:1 LEGAL:1 YOU:5 KNOW:2 PITIK:1 BULAG:1 SCHOOL:3 SUPPORT:5 SEARCH:1 WAS:7 READ:2 FULL:1 YELLOW:4 LATE:1 HERO:3 ALSO:5 REMEMBER:2 FATHER:4 CUT:1 SHORT:1 NEW:2 JAIL:1 LOVE:1 THIRD:1 NOT:2 SAID:3 NASA:1 IYONG:1 LIKOD:1 NAMIN:1 TAMA:1 PUT:1 RIGHT:2 CALL:1 DAY:1 PLAN:1 OWN:1 KAILANGAN:2 NAMAN:2 MASABI:1 SAYANG:1 SAKRIPISYO:2 NIYA:1 ABLE:2 SIGURO:1 SUSUNOD:1 SALINLAHI:1 WALA:1 NANG:1 THERE:2 WHY:2 YOUR:2 ARE:2 KEY:1 LEAD:1 LIKE:1 ORO:1 AMONG:2 CHAT:3 NAME:1 AWARD:1 ONE:1 YOUNG:1 MORE:3 WHERE:1 GET:1 OUT:1
https://www.rappler.com/newsbreak/166-libya-live-citizens-tell-their-stories-online/	OPEN:2 CLOSE:3 VIDEO:3 INSIDE:3 AND:37 WORLD:7 SPECIAL:4 BOARD:4 SEE:12 ALL:12 NOW:2 TOP:2 THE:62 SQUARE:2 HOLD:1 HINDI:1 ITO:1 MARITES:1 VIEW:1 ORDER:1 GOOD:1 METRO:1 MANILA:4 PERSONAL:1 FIRST:2 LOOK:1 HOME:1 SARA:3 ATIN:1 ANG:1 BREAK:1 DAKILA:1 FOR:5 KALIKASAN:1 LEGAL:1 YOU:4 KNOW:2 PITIK:1 BULAG:1 SCHOOL:1 SUPPORT:4 SEARCH:2 SHIFT:1 REAL:2 SPRING:2 READ:2 FULL:1 LATE:1 TAKING:1 OVER:1 NEW:2 ONE:1 ALSO:3 SAID:2 WAS:1 BIG:1 BEEN:6 HOTEL:1 WHERE:2 TORE:1 DOWN:1 FLAG:1 JUST:1 DUE:1 STOP:1 THERE:1 GET:2 OUT:2 CHAT:3 NAME:1 MORE:2 RIGHT:1 YOUR:1 WHY:1 ARE:1
https://www.rappler.com/moveph/1924-is-technology-gods-competition/	OPEN:2 CLOSE:3 VIDEO:3 INSIDE:1 AND:31 WORLD:9 SPECIAL:3 BOARD:4 SEE:14 ALL:13 NOW:2 TOP:2 THE:75 SQUARE:1 HOLD:1 HINDI:1 ITO:1 MARITES:1 VIEW:1 ORDER:1 GOOD:1 METRO:1 MANILA:4 PERSONAL:1 FIRST:2 LOOK:1 HOME:2 SARA:3 ATIN:1 ANG:1 BREAK:1 DAKILA:1 FOR:11 KALIKASAN:1 LEGAL:1 YOU:4 KNOW:2 PITIK:1 BULAG:1 SCHOOL:1 SUPPORT:4 SEARCH:1 ALSO:4 NEW:2 MODERN:3 EXPRESS:1 MAY:1 READ:2 FULL:1 YOUNG:1 DAY:4 ATENEO:1 OVER:2 SAID:2 ARE:2 WAS:2 MORE:7 TAKING:1 NOT:2 OUR:4 LEAD:1 REAL:1 LET:1 YEAR:1 BUT:1 REMEMBER:1 MUST:1 TAKE:1 SUNDAY:1 LAST:1 MAN:1 CAN:3 GIVE:1 ONE:1 DOWN:1 WHERE:2 OUT:2 AMONG:1 APPLE:2 CHAT:3 NAME:1 RIGHT:1 GET:1 YOUR:1 WHY:1
https://www.rappler.com/entertainment/21-rex-navarrete-laugh-until-it-hurts/	OPEN:3 CLOSE:3 VIDEO:3 INSIDE:1 AND:51 WORLD:6 SPECIAL:3 BOARD:4 SEE:15 ALL:18 NOW:3 TOP:2 THE:64 SQUARE:1 HOLD:1 HINDI:1 ITO:1 MARITES:1 VIEW:2 ORDER:1 GOOD:2 METRO:1 MANILA:3 PERSONAL:1 FIRST:4 LOOK:1 HOME:2 SARA:3 ATIN:1 ANG:1 BREAK:1 DAKILA:1 FOR:16 KALIKASAN:1 LEGAL:1 YOU:8 KNOW:3 PITIK:1 BULAG:1 SCHOOL:1 SUPPORT:4 SEARCH:2 TRUE:3 READ:2 FULL:3 WAS:15 DARK:1 OUT:5 FELT:3 PUT:1 IPOD:1 END:1 GET:4 INTERVIEW:1 YEAR:1 DAYS:2 FATHER:1 SIMPLE:1 BROWN:4 REGULAR:2 TSINELAS:1 SMILE:2 COMFORT:1 NOT:3 BEEN:4 BOOK:1 MORE:9 REMEMBER:1 TRY:1 THERE:2 DAY:3 STAND:2 MOTHER:2 TAKE:2 OVER:2 JUST:7 WAY:1 YOUR:4 THINK:2 BASE:1 LOVE:2 FRESH:1 COME:2 WHERE:3 GREAT:2 LIKE:3 ONE:2 STOP:1 PERFECT:1 PAMBAHAY:1 UTOT:1 ACCENT:1 BUT:4 DOWN:1 SHIFT:1 ARE:2 OWN:1 VOICE:1 SHOW:4 COURSE:1 MUCH:1 ROUND:1 MUST:1 MIND:1 MAN:1 NORMAL:1 WHY:2 REAL:1 NATURAL:1 YOUNG:2 OUR:3 CHAT:3 NAME:1 AMONG:1 AWARD:1 ALSO:1 RIGHT:1
https://www.rappler.com/sports/20-five-things-you-didn-t-know-about-kiefer-ravena/	YOU:16 KNOW:8 OPEN:2 CLOSE:4 VIDEO:3 INSIDE:1 AND:28 WORLD:4 SPECIAL:3 BOARD:4 SEE:12 ALL:12 NOW:3 TOP:2 THE:40 SQUARE:1 HOLD:1 HINDI:1 ITO:1 MARITES:1 VIEW:2 ORDER:1 GOOD:2 METRO:1 MANILA:3 PERSONAL:1 FIRST:1 LOOK:2 HOME:1 SARA:3 ATIN:1 ANG:1 BREAK:1 DAKILA:1 FOR:12 KALIKASAN:1 LEGAL:1 PITIK:1 BULAG:1 SCHOOL:2 SUPPORT:4 SEARCH:1 SEASON:8 YEAR:3 DOWN:2 GET:4 BEST:3 READ:2 FULL:1 MOVE:2 ONE:4 SAID:1 THINK:1 NOT:1 WHERE:4 CAN:1 JUST:11 OUT:4 YOUR:4 COURSE:1 DOUBLE:2 BUT:2 ATENEO:1 LIKE:2 WAS:8 BALL:1 ZERO:1 ARE:2 OUR:1 SMILE:1 BEEN:4 GRADE:2 SIX:1 THERE:1 ALSO:2 NOTE:1 MORE:4 BLACK:1 CHAT:3 NAME:1 AMONG:1 AWARD:1 YOUNG:1 RIGHT:1 WHY:1
https://www.rappler.com/moveph/397-bulletproof/	OPEN:2 CLOSE:3 VIDEO:5 INSIDE:1 AND:26 WORLD:9 SPECIAL:3 BOARD:4 SEE:12 ALL:12 NOW:2 TOP:2 THE:13 SQUARE:1 HOLD:1 HINDI:1 ITO:1 MARITES:1 VIEW:3 ORDER:1 GOOD:1 METRO:1 MANILA:2 PERSONAL:1 FIRST:1 LOOK:1 HOME:1 SARA:3 ATIN:1 ANG:1 BREAK:1 DAKILA:1 FOR:8 KALIKASAN:1 LEGAL:1 YOU:8 KNOW:2 PITIK:1 BULAG:1 SCHOOL:1 SUPPORT:4 SEARCH:1 MOVE:4 OUR:12 FORWARD:2 YOUR:11 CHAT:3 NAME:1 MORE:2 RIGHT:1 WHERE:1 GET:1 OUT:1 WHY:1 ARE:1 READ:1
https://www.rappler.com/philippines/17-nothing-has-changed-say-sona-protesters/	SONA:4 OPEN:2 CLOSE:3 VIDEO:3 INSIDE:1 AND:28 WORLD:4 SPECIAL:3 BOARD:4 SEE:12 ALL:15 NOW:2 TOP:2 THE:54 SQUARE:1 HOLD:1 HINDI:2 ITO:2 MARITES:1 VIEW:1 ORDER:1 GOOD:1 METRO:1 MANILA:3 PERSONAL:1 FIRST:2 LOOK:2 HOME:1 SARA:3 ATIN:1 ANG:6 BREAK:1 DAKILA:1 FOR:21 KALIKASAN:1 LEGAL:1 YOU:4 KNOW:2 PITIK:1 BULAG:1 SCHOOL:1 SUPPORT:4 SEARCH:1 EXPRESS:2 BAYAN:5 LIKE:3 READ:2 FULL:1 RAIN:1 BUT:2 MAKABAYAN:1 YEAR:3 OVER:2 RIN:3 BAGAMAT:1 ISANG:1 KASO:1 WALA:2 ARE:2 ALSO:5 NOT:4 ONE:3 BEEN:6 SAID:8 VOICE:1 LEAD:1 MATUWID:1 DAAN:1 NIYA:1 LANG:1 PURO:1 SALITA:1 AKSYON:1 PARA:1 TAONG:1 STOP:3 MORE:4 TINO:1 LIST:1 HACIENDA:1 END:1 WAS:7 HUSTISYA:2 THERE:5 NAIS:1 MARINIG:1 DIRETSO:1 KAY:1 LAHAT:1 PULITIKO:1 PENOY:1 CALL:1 LEON:1 PART:1 MUCH:1 IBA:2 PARE:1 PAREHAS:1 PROBLEMA:1 PARANG:1 PAGBABAGO:1 POLICE:2 DATU:1 MAMA:1 SMALL:1 CHAT:3 NAME:1 AMONG:1 AWARD:1 YOUNG:1 RIGHT:1 WHERE:1 GET:1 OUT:1 YOUR:1 WHY:1
https://www.rappler.com/newsbreak/165-miriam-to-pinoys-help-me-on-icc-decision/	OPEN:2 CLOSE:3 VIDEO:3 INSIDE:1 AND:23 WORLD:3 SPECIAL:3 BOARD:4 SEE:12 ALL:13 NOW:2 TOP:2 THE:64 SQUARE:1 HOLD:1 HINDI:1 ITO:1 MARITES:1 VIEW:1 ORDER:1 GOOD:1 METRO:1 MANILA:4 PERSONAL:1 FIRST:3 LOOK:1 HOME:1 SARA:3 ATIN:1 ANG:1 BREAK:1 DAKILA:1 FOR:10 KALIKASAN:1 LEGAL:1 YOU:6 KNOW:2 PITIK:1 BULAG:1 SCHOOL:1 SUPPORT:5 SEARCH:1 OUT:2 READ:2 FULL:1 WAS:7 SEPTEMBER:1 SECOND:2 THERE:1 ALSO:5 LET:1 GETS:1 GREAT:2 ABLE:1 SAID:4 NOT:1 JUST:1 MIND:1 WIT:1 MORE:3 COMMON:1 DAYS:1 ROSARIO:1 BUT:2 OUR:1 GONNA:1 THINK:1 BEST:1 BEEN:1 STAND:1 OVER:1 CHAT:3 NAME:1 RIGHT:1 WHERE:1 GET:1 YOUR:1 WHY:1 ARE:1
https://www.rappler.com/moveph/455-stories-that-move-your-world/	MOVE:17 YOUR:8 WORLD:8 OPEN:2 CLOSE:3 VIDEO:7 INSIDE:1 AND:36 SPECIAL:3 BOARD:5 SEE:12 ALL:15 NOW:2 TOP:2 THE:31 SQUARE:1 HOLD:1 HINDI:1 ITO:1 MARITES:1 VIEW:2 ORDER:1 GOOD:1 METRO:1 MANILA:2 PERSONAL:1 FIRST:1 LOOK:1 HOME:1 SARA:3 ATIN:1 ANG:1 BREAK:1 DAKILA:1 FOR:15 KALIKASAN:1 LEGAL:1 YOU:6 KNOW:2 PITIK:1 BULAG:1 SCHOOL:1 SUPPORT:4 SEARCH:1 CONTEST:9 CAN:8 READ:2 FULL:1 SEPTEMBER:1 OUR:6 FORWARD:1 ARE:5 WELCOME:1 MORE:4 SIX:1 NOTE:1 THERE:1 BRIEF:2 NOT:2 JAN:1 LIKE:1 PAGE:1 PER:1 INTERVIEW:1 NEW:1 OWN:1 OVER:1 PART:1 WAY:1 CHAT:3 NAME:1 RIGHT:1 WHERE:1 GET:1 OUT:1 WHY:1
https://www.rappler.com/sports/26-red-hot-tamaraws-win-vs-tigers-in-crucial-rematch/	RED:2 HOT:2 OPEN:2 CLOSE:3 VIDEO:3 INSIDE:1 AND:31 WORLD:4 SPECIAL:3 BOARD:4 SEE:12 ALL:13 NOW:3 TOP:2 THE:76 SQUARE:1 HOLD:1 HINDI:1 ITO:1 MARITES:1 VIEW:1 ORDER:1 GOOD:1 METRO:1 MANILA:3 PERSONAL:1 FIRST:3 LOOK:1 HOME:1 SARA:3 ATIN:1 ANG:1 BREAK:1 DAKILA:1 FOR:12 KALIKASAN:1 LEGAL:1 YOU:4 KNOW:2 PITIK:1 BULAG:1 SCHOOL:1 SUPPORT:4 SEARCH:1 SANTO:2 SECOND:4 LATE:1 FOURTH:2 READ:2 FULL:1 STAR:1 SPOT:4 SEASON:1 DOUBLE:1 LEAD:3 SHUT:1 OUT:2 WAS:9 SEVEN:1 PUT:1 END:2 BUT:2 NOT:2 THIRD:1 RUN:1 DOWN:1 CUT:1 BIG:1 MUCH:1 LAST:1 LET:1 TWO:4 MORE:4 MOVE:1 GIVE:1 ATENEO:2 ARE:2 GRAB:1 THERE:1 WAY:1 AMONG:2 CHAT:3 NAME:1 AWARD:1 ALSO:1 ONE:1 YOUNG:1 RIGHT:1 WHERE:1 GET:1 YOUR:1 WHY:1
https://www.rappler.com/entertainment/74-if-a-man-were-to-marry-me-he-must-also-love-my-god-shamcey-supsup/	MAN:3 MUST:4 ALSO:5 LOVE:6 OPEN:2 CLOSE:4 VIDEO:3 INSIDE:1 AND:37 WORLD:7 SPECIAL:3 BOARD:4 SEE:12 ALL:14 NOW:2 TOP:8 THE:60 SQUARE:1 HOLD:1 HINDI:1 ITO:1 MARITES:1 VIEW:1 ORDER:2 GOOD:1 METRO:1 MANILA:4 PERSONAL:1 FIRST:5 LOOK:1 HOME:1 SARA:3 ATIN:1 ANG:1 BREAK:1 DAKILA:1 FOR:10 KALIKASAN:1 LEGAL:1 YOU:8 KNOW:2 PITIK:1 BULAG:1 SCHOOL:1 SUPPORT:4 SEARCH:1 WHERE:3 WAS:11 READ:2 FULL:1 SMILE:2 SAO:1 BET:1 THIRD:1 FOURTH:1 SECOND:2 OVER:1 YEAR:2 BUT:1 SPOT:1 OUT:2 RED:1 TRAIN:1 LIKE:2 WHITE:1 THERE:1 PART:1 YOUR:3 WHY:4 NOT:2 ONE:5 AMONG:2 OWN:1 THANK:1 WAY:1 SAID:2 PLAN:1 GIVE:1 LAST:1 BRIGHT:1 MAGNA:1 DILIMAN:1 CHAT:3 NAME:1 AWARD:1 YOUNG:1 MORE:3 RIGHT:1 GET:1 ARE:1
https://www.rappler.com/business/34-chinese-interest-in-philippine-mines-sparks-concerns/	OPEN:2 CLOSE:3 VIDEO:3 INSIDE:2 AND:31 WORLD:3 SPECIAL:3 BOARD:4 SEE:13 ALL:13 NOW:2 TOP:2 THE:62 SQUARE:1 HOLD:1 HINDI:1 ITO:1 MARITES:1 VIEW:1 ORDER:1 GOOD:1 METRO:1 MANILA:2 PERSONAL:1 FIRST:1 LOOK:1 HOME:2 SARA:3 ATIN:1 ANG:1 BREAK:1 DAKILA:1 FOR:14 KALIKASAN:2 LEGAL:1 YOU:5 KNOW:2 PITIK:1 BULAG:1 SCHOOL:1 SUPPORT:4 SEARCH:1 TRIP:2 READ:2 FULL:1 MORE:4 ARE:5 SAID:3 DAY:1 SEPTEMBER:1 KEY:1 AIR:1 HOTEL:1 OVER:2 NEW:1 END:1 PROJECT:1 NATURAL:1 ONE:4 YEAR:3 BUT:4 WAS:2 METAL:2 PART:1 THIRD:1 EVEN:1 EDUCATION:1 MINIMAL:1 MGA:1 MAMAMAYAN:1 GREAT:1 CAN:1 OUT:2 THERE:1 CHAT:3 NAME:1 RIGHT:1 WHERE:1 GET:1 YOUR:1 WHY:1
https://www.rappler.com/sports/287-uaap-semi-finals-fan-feedback/	OPEN:2 CLOSE:3 VIDEO:3 INSIDE:1 AND:17 WORLD:4 SPECIAL:3 BOARD:4 SEE:12 ALL:12 NOW:3 TOP:2 THE:16 SQUARE:1 HOLD:1 HINDI:1 ITO:1 MARITES:1 VIEW:1 ORDER:1 GOOD:1 METRO:1 MANILA:2 PERSONAL:1 FIRST:1 LOOK:1 HOME:1 SARA:3 ATIN:1 ANG:1 BREAK:1 DAKILA:1 FOR:5 KALIKASAN:1 LEGAL:1 YOU:4 KNOW:2 PITIK:1 BULAG:1 SCHOOL:1 SUPPORT:4 SEARCH:1 ATENEO:1 BLUE:1 ARE:2 SPOT:1 OUT:2 SEPTEMBER:1 CHAT:3 NAME:1 AMONG:1 AWARD:1 WAS:2 ALSO:1 ONE:1 YOUNG:1 MORE:3 RIGHT:1 WHERE:1 GET:1 YOUR:1 WHY:1 READ:1
https://www.rappler.com/sports/35-up-pep-squad-reigns/	OPEN:2 CLOSE:3 VIDEO:3 INSIDE:1 AND:26 WORLD:4 SPECIAL:3 BOARD:4 SEE:12 ALL:12 NOW:2 TOP:4 THE:34 SQUARE:1 HOLD:1 HINDI:1 ITO:1 MARITES:1 VIEW:1 ORDER:1 GOOD:1 METRO:1 MANILA:3 PERSONAL:1 FIRST:2 LOOK:1 HOME:1 SARA:3 ATIN:1 ANG:1 BREAK:1 DAKILA:1 FOR:7 KALIKASAN:1 LEGAL:1 YOU:4 KNOW:2 PITIK:1 BULAG:1 SCHOOL:1 SUPPORT:4 SEARCH:1 FOURTH:1 ANIMO:1 SECOND:2 BRIGHT:1 BASKET:1 ONE:3 EVEN:1 WAS:6 MUCH:1 ALSO:2 NOTABLE:1 THIRD:2 SPOT:1 LAST:3 YEAR:2 OUT:2 NEW:1 CHAT:3 NAME:1 AMONG:1 AWARD:1 YOUNG:1 MORE:3 RIGHT:1 WHERE:1 GET:1 YOUR:1 WHY:1 ARE:1 READ:1
https://www.rappler.com/sports/84-burning-questions-for-a-philippine-volcano/	FOR:30 OPEN:2 CLOSE:4 VIDEO:3 INSIDE:1 AND:43 WORLD:8 SPECIAL:3 BOARD:4 SEE:13 ALL:12 NOW:3 TOP:4 THE:86 SQUARE:1 HOLD:1 HINDI:1 ITO:1 MARITES:1 VIEW:1 ORDER:1 GOOD:2 METRO:1 MANILA:6 PERSONAL:1 FIRST:1 LOOK:1 HOME:2 SARA:3 ATIN:1 ANG:1 BREAK:1 DAKILA:1 KALIKASAN:1 LEGAL:1 YOU:6 KNOW:3 PITIK:1 BULAG:1 SCHOOL:1 SUPPORT:6 SEARCH:1 LOVE:2 AMONG:2 LIKE:8 READ:2 FULL:2 DOWN:4 YEAR:3 WAS:4 TWO:1 SECOND:1 BROWN:1 NOT:3 KOTA:1 SPOT:2 ARE:9 MOVE:2 LAST:1 INTERVIEW:1 THERE:1 BUT:5 THINK:6 OUT:6 SIX:1 JUST:4 REAL:1 DAY:3 YOUR:4 GET:3 RIGHT:2 TRAIN:1 EVEN:1 NEW:1 COME:1 ABLE:3 GETS:1 OVER:1 COURSE:1 SHORT:1 FIFTH:1 GIVE:2 BEEN:3 LONG:2 OUR:3 CAN:2 IDEA:1 DAYS:2 MUCH:2 MORE:4 GREAT:1 END:1 CHAT:3 NAME:1 AWARD:1 ALSO:1 ONE:1 YOUNG:1 WHERE:1 WHY:1
https://www.rappler.com/business/301-5-steps-to-stamp-out-corruption-in-the-philippines/	OUT:5 THE:63 OPEN:2 CLOSE:4 VIDEO:3 INSIDE:1 AND:36 WORLD:3 SPECIAL:3 BOARD:5 SEE:13 ALL:12 NOW:3 TOP:5 SQUARE:1 HOLD:1 HINDI:1 ITO:1 MARITES:1 VIEW:1 ORDER:2 GOOD:1 METRO:1 MANILA:3 PERSONAL:1 FIRST:4 LOOK:2 HOME:2 SARA:3 ATIN:1 ANG:1 BREAK:1 DAKILA:1 FOR:17 KALIKASAN:1 LEGAL:1 YOU:7 KNOW:2 PITIK:1 BULAG:1 SCHOOL:1 SUPPORT:4 SEARCH:1 KEY:1 RIGHT:4 ARE:7 ALSO:2 READ:2 FULL:1 PLAN:2 SEPTEMBER:1 COVER:1 EVEN:2 NOT:4 TRY:1 BIG:2 THINK:1 MODERN:1 CAN:3 SMALL:1 WATER:1 SAID:3 CHAIR:2 FOSTER:1 WAS:2 DAY:2 PUT:1 ADDRESS:2 BUT:2 ABILITY:1 LIMA:1 POPULAR:1 TWO:1 CESAR:1 STOP:1 OVER:1 ONE:1 BEEN:1 ROSARIO:1 COME:1 OWN:1 THERE:1 PART:1 MAKATI:1 YEAR:1 END:1 CHAT:3 NAME:1 MORE:2 WHERE:1 GET:1 YOUR:1 WHY:1
https://www.rappler.com/sports/83-feu-tamaraws-barrel-their-way-to-the-finals/	WAY:3 THE:64 OPEN:2 CLOSE:4 VIDEO:3 INSIDE:1 AND:23 WORLD:4 SPECIAL:3 BOARD:4 SEE:12 ALL:13 NOW:2 TOP:2 SQUARE:1 HOLD:1 HINDI:1 ITO:1 MARITES:1 VIEW:1 ORDER:1 GOOD:1 METRO:1 MANILA:5 PERSONAL:1 FIRST:4 LOOK:1 HOME:1 SARA:3 ATIN:1 ANG:1 BREAK:1 DAKILA:1 FOR:10 KALIKASAN:1 LEGAL:1 YOU:4 KNOW:2 PITIK:1 BULAG:1 SCHOOL:1 SUPPORT:4 SEARCH:1 KEY:1 ATENEO:2 SHORT:1 YEAR:1 READ:2 FULL:1 ARE:3 SECOND:5 TWO:3 BLUE:1 LIKE:1 OUT:4 HOT:1 BUT:4 END:1 GET:2 LAST:2 WAS:6 LEAD:4 BEEN:1 JUST:1 NOT:1 THIRD:1 ONE:3 FOURTH:1 MORE:4 BALL:1 TAMARAW:1 TRY:1 SEPTEMBER:1 BEST:1 CHAT:3 NAME:1 AMONG:1 AWARD:1 ALSO:1 YOUNG:1 RIGHT:1 WHERE:1 YOUR:1 WHY:1
https://www.rappler.com/sports/73-the-philippine-volcanoes-bigger-better-faster-stronger/	THE:78 OPEN:2 CLOSE:4 VIDEO:4 INSIDE:1 AND:44 WORLD:5 SPECIAL:3 BOARD:4 SEE:12 ALL:23 NOW:4 TOP:9 SQUARE:1 HOLD:1 HINDI:1 ITO:1 MARITES:1 VIEW:1 ORDER:1 GOOD:1 METRO:1 MANILA:4 PERSONAL:1 FIRST:5 LOOK:2 HOME:1 SARA:3 ATIN:1 ANG:1 BREAK:1 DAKILA:1 FOR:15 KALIKASAN:1 LEGAL:1 YOU:4 KNOW:5 PITIK:1 BULAG:1 SCHOOL:2 SUPPORT:4 SEARCH:1 LAST:3 NEW:3 READ:2 FULL:2 ARE:14 KOREA:3 OUT:3 BUT:4 WAS:5 SECOND:2 KOTA:1 LIKE:4 CAN:3 OVER:2 GET:3 WHERE:2 SAID:5 COACH:3 ONE:4 AWAY:1 DAY:4 NOT:3 BEEN:2 SPOT:1 OUR:2 SUNDAY:1 LET:1 DOWN:1 THINK:1 THIRD:1 ROUND:2 TWO:1 KNOCK:1 YEAR:2 DOUBLE:1 TRAIN:1 DAYS:1 COME:1 COMMON:2 MOTHER:1 HOTEL:1 MARK:1 MORE:4 CHAT:3 NAME:1 AMONG:1 AWARD:1 ALSO:1 YOUNG:1 RIGHT:1 YOUR:1 WHY:1
https://www.rappler.com/sports/286-philippine-volcanoes-on-the-2011-borneo-7s-rugby-tournament/	THE:17 OPEN:2 CLOSE:3 VIDEO:3 INSIDE:1 AND:18 WORLD:4 SPECIAL:3 BOARD:4 SEE:12 ALL:12 NOW:2 TOP:3 SQUARE:1 HOLD:1 HINDI:1 ITO:1 MARITES:1 VIEW:1 ORDER:1 GOOD:1 METRO:1 MANILA:2 PERSONAL:1 FIRST:1 LOOK:1 HOME:1 SARA:3 ATIN:1 ANG:1 BREAK:1 DAKILA:1 FOR:5 KALIKASAN:1 LEGAL:1 YOU:4 KNOW:2 PITIK:1 BULAG:1 SCHOOL:1 SUPPORT:4 SEARCH:1 ARE:2 CHAT:3 NAME:1 AMONG:1 AWARD:1 WAS:2 ALSO:1 ONE:1 YOUNG:1 MORE:3 RIGHT:1 WHERE:1 GET:1 OUT:1 YOUR:1 WHY:1 READ:1
https://www.rappler.com/sports/71-six-things-you-need-to-know-about-the-uaap-finals/	SIX:4 YOU:7 KNOW:7 THE:92 OPEN:2 CLOSE:3 VIDEO:3 INSIDE:2 AND:41 WORLD:4 SPECIAL:3 BOARD:4 SEE:12 ALL:12 NOW:4 TOP:4 SQUARE:1 HOLD:1 HINDI:1 ITO:1 MARITES:1 VIEW:1 ORDER:1 GOOD:4 METRO:1 MANILA:5 PERSONAL:1 FIRST:4 LOOK:1 HOME:1 SARA:3 ATIN:1 ANG:1 BREAK:1 DAKILA:1 FOR:9 KALIKASAN:1 LEGAL:1 PITIK:1 BULAG:1 SCHOOL:1 SUPPORT:4 SEARCH:1 ATENEO:11 BLUE:2 SEASON:8 KEY:1 READ:2 FULL:1 BEEN:1 ARE:7 DAY:1 AWAY:1 FOURTH:1 ALSO:7 YEAR:3 BUT:2 MUST:2 JUST:1 LAST:5 ONE:4 ROUND:8 SECOND:3 COACH:5 BLACK:6 NOT:3 WAS:4 THIRD:1 OUT:2 COURSE:1 LIKE:1 ABLE:2 POUND:1 BALL:1 MORE:4 WAY:1 TIM:1 SAID:1 GONNA:1 BIG:2 PUT:1 EVEN:1 BEST:2 SEVEN:2 TITO:1 FRESH:1 BOOM:1 PERFECT:1 LONG:1 TWO:1 OVER:1 CHAT:3 NAME:1 AMONG:1 AWARD:1 YOUNG:1 RIGHT:1 WHERE:1 GET:1 YOUR:1 WHY:1
https://www.rappler.com/entertainment/285-vice-ganda-at-halftime-of-the-feu-admu-finals-game-1/	GANDA:3 THE:15 OPEN:2 CLOSE:3 VIDEO:3 INSIDE:1 AND:17 WORLD:4 SPECIAL:3 BOARD:4 SEE:12 ALL:12 NOW:2 TOP:2 SQUARE:1 HOLD:1 HINDI:1 ITO:1 MARITES:1 VIEW:1 ORDER:1 GOOD:1 METRO:1 MANILA:2 PERSONAL:1 FIRST:1 LOOK:1 HOME:1 SARA:3 ATIN:1 ANG:1 BREAK:1 DAKILA:1 FOR:6 KALIKASAN:1 LEGAL:1 YOU:4 KNOW:2 PITIK:1 BULAG:1 SCHOOL:1 SUPPORT:4 SEARCH:1 MOVE:1 ALMA:1 CHAT:3 NAME:1 AMONG:1 AWARD:1 WAS:2 ALSO:1 ONE:1 YOUNG:1 MORE:3 RIGHT:1 WHERE:1 GET:1 OUT:1 YOUR:1 WHY:1 ARE:1 READ:1
https://www.rappler.com/sports/70-why-feu-lost-game-1/	WHY:5 OPEN:3 CLOSE:3 VIDEO:3 INSIDE:1 AND:35 WORLD:4 SPECIAL:3 BOARD:4 SEE:12 ALL:14 NOW:2 TOP:2 THE:68 SQUARE:1 HOLD:1 HINDI:1 ITO:1 MARITES:1 VIEW:1 ORDER:1 GOOD:4 METRO:1 MANILA:5 PERSONAL:1 FIRST:6 LOOK:1 HOME:1 SARA:3 ATIN:1 ANG:1 BREAK:2 DAKILA:1 FOR:9 KALIKASAN:1 LEGAL:1 YOU:4 KNOW:2 PITIK:1 BULAG:1 SCHOOL:1 SUPPORT:4 SEARCH:1 ATENEO:5 ONE:6 KEY:2 ABILITY:1 BALL:7 SECOND:4 READ:2 FULL:1 BLUE:1 ARE:3 AWAY:1 BUT:3 THERE:2 WAS:9 SHORT:2 STYLE:1 EVEN:1 JUST:5 OUR:1 BIG:1 SAID:2 COACH:2 BLACK:1 PLAN:1 TWO:2 WHERE:2 SEASON:1 SIX:1 DOUBLE:2 GET:2 BASKET:1 MUST:1 FORWARD:1 EIGHT:1 BEST:1 PERFECT:1 MORE:4 LIKE:1 YEAR:1 SENIOR:1 ALSO:2 LONG:1 THIRD:1 PART:1 NOT:1 DOWN:1 SIMPLE:1 CHAT:3 NAME:1 AMONG:1 AWARD:1 YOUNG:1 RIGHT:1 OUT:1 YOUR:1
https://www.rappler.com/philippines/metro-manila/173-new-seawall-to-replace-damaged-manila-baywalk/	NEW:5 MANILA:15 OPEN:3 METRO:5 CLOSE:3 VIDEO:4 INSIDE:1 AND:31 WORLD:3 SPECIAL:3 BOARD:4 SEE:12 ALL:12 NOW:3 TOP:2 THE:57 SQUARE:1 HOLD:1 HINDI:1 ITO:1 MARITES:1 VIEW:1 ORDER:1 GOOD:1 PERSONAL:1 FIRST:2 LOOK:1 HOME:1 SARA:3 ATIN:1 ANG:1 BREAK:1 DAKILA:1 FOR:8 KALIKASAN:1 LEGAL:1 YOU:4 KNOW:2 PITIK:1 BULAG:1 SCHOOL:1 SUPPORT:4 SEARCH:1 WAS:3 DOUBLE:2 LIKE:1 READ:2 FULL:1 PARK:3 LAST:1 SPOT:1 SAID:5 ALSO:2 ADDRESS:1 PROJECT:1 PAGE:1 STYLE:1 TEXAS:1 ARE:2 CHAT:3 NAME:1 MORE:2 RIGHT:1 WHERE:1 GET:1 OUT:1 YOUR:1 WHY:1
https://www.rappler.com/philippines/6492-ampatuan-aide-tags-gma-mike-arroyo-in-poll-fraud/	OPEN:2 CLOSE:3 VIDEO:3 INSIDE:1 AND:31 WORLD:3 SPECIAL:3 BOARD:5 SEE:12 ALL:13 NOW:2 TOP:2 THE:62 SQUARE:1 HOLD:1 HINDI:3 ITO:1 MARITES:1 VIEW:1 ORDER:1 GOOD:1 METRO:1 MANILA:3 PERSONAL:1 FIRST:1 LOOK:1 HOME:1 SARA:3 ATIN:1 ANG:3 BREAK:1 DAKILA:1 FOR:9 KALIKASAN:1 LEGAL:1 YOU:5 KNOW:2 PITIK:1 BULAG:1 SCHOOL:1 SUPPORT:5 SEARCH:1 ROMERO:1 COME:1 FORWARD:1 READ:2 FULL:1 RIGHT:2 MAN:1 DATU:3 ANDAL:1 WAS:7 ONE:2 MORE:4 SAID:13 THERE:1 OUT:3 LANG:1 KUNG:1 AKIT:1 WHY:2 ALSO:2 ARE:4 CHAIR:1 DAYS:2 DAPAT:1 KAHIT:1 AYUSIN:1 PALITAN:1 NINYO:1 RESULTA:2 EVEN:1 DAY:1 UTOS:1 BOTO:1 BUT:1 NAME:2 NEW:1 AMBA:1 SUSAN:2 SULTAN:1 ARAW:1 AMONG:1 JAIL:1 OVER:1 CHAT:3 WHERE:1 GET:1 YOUR:1
https://www.rappler.com/sports/283-excerpts-from-kiefer-ravena-s-interview/	INTERVIEW:3 OPEN:2 CLOSE:3 VIDEO:3 INSIDE:1 AND:19 WORLD:4 SPECIAL:3 BOARD:4 SEE:12 ALL:12 NOW:2 TOP:2 THE:13 SQUARE:1 HOLD:1 HINDI:1 ITO:1 MARITES:1 VIEW:1 ORDER:1 GOOD:1 METRO:1 MANILA:2 PERSONAL:2 FIRST:1 LOOK:1 HOME:1 SARA:3 ATIN:1 ANG:1 BREAK:1 DAKILA:1 FOR:6 KALIKASAN:1 LEGAL:1 YOU:4 KNOW:2 PITIK:1 BULAG:1 SCHOOL:1 SUPPORT:4 SEARCH:1 DOWN:1 CHAT:3 NAME:1 AMONG:1 AWARD:1 WAS:2 ALSO:1 ONE:1 YOUNG:1 MORE:3 RIGHT:1 WHERE:1 GET:1 OUT:1 YOUR:1 WHY:1 ARE:1 READ:1
https://www.rappler.com/entertainment/282-rappler-asks-what-makes-a-real-man/	REAL:3 MAN:3 OPEN:2 CLOSE:3 VIDEO:3 INSIDE:1 AND:19 WORLD:4 SPECIAL:3 BOARD:4 SEE:12 ALL:12 NOW:2 TOP:2 THE:14 SQUARE:1 HOLD:1 HINDI:1 ITO:1 MARITES:1 VIEW:1 ORDER:1 GOOD:1 METRO:1 MANILA:3 PERSONAL:1 FIRST:1 LOOK:1 HOME:1 SARA:3 ATIN:1 ANG:1 BREAK:1 DAKILA:1 FOR:5 KALIKASAN:1 LEGAL:1 YOU:4 KNOW:2 PITIK:1 BULAG:1 SCHOOL:1 SUPPORT:4 SEARCH:1 BALL:1 PENINSULA:1 HOTEL:1 THINK:1 CHAT:3 NAME:1 AMONG:1 AWARD:1 WAS:2 ALSO:1 ONE:1 YOUNG:1 MORE:3 RIGHT:1 WHERE:1 GET:1 OUT:1 YOUR:1 WHY:1 ARE:1 READ:1
https://www.rappler.com/entertainment/55-what-was-hot-at-the-esquire-ball/	WAS:2 HOT:2 THE:20 BALL:2 OPEN:2 CLOSE:3 VIDEO:3 INSIDE:3 AND:16 WORLD:3 SPECIAL:3 BOARD:4 SEE:12 ALL:12 NOW:3 TOP:2 SQUARE:1 HOLD:1 HINDI:1 ITO:1 MARITES:1 VIEW:1 ORDER:1 GOOD:1 METRO:1 MANILA:4 PERSONAL:1 FIRST:1 LOOK:1 HOME:1 SARA:3 ATIN:1 ANG:1 BREAK:1 DAKILA:1 FOR:4 KALIKASAN:1 LEGAL:1 YOU:4 KNOW:2 PITIK:1 BULAG:1 SCHOOL:1 SUPPORT:4 SEARCH:1 SPOT:2 PENINSULA:2 GET:2 CHAT:3 NAME:1 MORE:2 RIGHT:1 WHERE:1 OUT:1 YOUR:1 WHY:1 ARE:1 READ:1
https://www.rappler.com/philippines/metro-manila/174-p30-m-for-manila-baywalk-reconstruction/	FOR:14 MANILA:12 OPEN:2 METRO:4 CLOSE:3 VIDEO:4 INSIDE:1 AND:32 WORLD:3 SPECIAL:3 BOARD:4 SEE:12 ALL:12 NOW:3 TOP:3 THE:80 SQUARE:1 HOLD:1 HINDI:1 ITO:1 MARITES:1 VIEW:3 ORDER:1 GOOD:1 PERSONAL:1 FIRST:2 LOOK:2 HOME:1 SARA:3 ATIN:1 ANG:1 BREAK:1 DAKILA:1 KALIKASAN:1 LEGAL:1 YOU:4 KNOW:2 PITIK:1 BULAG:1 SCHOOL:1 SUPPORT:4 SEARCH:1 WAS:2 NEW:3 DOUBLE:2 BEEN:1 ADDRESS:2 MAYOR:2 READ:2 FULL:1 PART:1 PARK:2 DUE:1 WAY:1 ABLE:1 BASE:1 YEAR:1 TAKE:1 SAID:6 TAKING:1 CAN:1 ALSO:1 AID:1 NOT:1 POPULAR:1 SPOT:1 CHAT:3 NAME:1 MORE:2 RIGHT:1 WHERE:1 GET:1 OUT:1 YOUR:1 WHY:1 ARE:1
https://www.rappler.com/sports/150-ateneo-blue-eagles-celebrate-their-historic-4-peat/	ATENEO:11 BLUE:7 OPEN:2 CLOSE:3 VIDEO:3 INSIDE:1 AND:35 WORLD:4 SPECIAL:3 BOARD:4 SEE:12 ALL:16 NOW:3 TOP:2 THE:66 SQUARE:1 HOLD:1 HINDI:2 ITO:1 MARITES:1 VIEW:1 ORDER:1 GOOD:1 METRO:1 MANILA:3 PERSONAL:1 FIRST:2 LOOK:1 HOME:1 SARA:3 ATIN:1 ANG:2 BREAK:1 DAKILA:1 FOR:16 KALIKASAN:1 LEGAL:1 YOU:8 KNOW:3 PITIK:1 BULAG:1 SCHOOL:4 SUPPORT:7 SEARCH:1 FOURTH:2 RAIN:3 READ:2 FULL:1 NOT:1 OUT:2 GRADE:1 COACH:2 FIFTH:2 YEAR:8 SARAP:1 MAGING:1 GREAT:2 ALSO:4 JUDO:1 SWIM:1 NEW:2 BADMINTON:1 WAS:6 PUT:1 BLACK:2 SAID:3 BUT:3 LOVE:1 SANA:1 KAYO:1 AMIN:1 LONG:2 TRIO:1 BOLD:1 LET:1 THERE:1 SHORT:1 CAN:1 AMONG:2 SEASON:1 ARE:2 CHAT:3 NAME:1 AWARD:1 ONE:1 YOUNG:1 MORE:3 RIGHT:1 WHERE:1 GET:1 YOUR:1 WHY:1
https://www.rappler.com/sports/280-scenes-from-ateneo-s-celebration-of-uaap-four-peat-win/	OPEN:2 CLOSE:3 VIDEO:3 INSIDE:1 AND:19 WORLD:4 SPECIAL:3 BOARD:4 SEE:12 ALL:13 NOW:2 TOP:2 THE:18 SQUARE:1 HOLD:1 HINDI:1 ITO:1 MARITES:1 VIEW:1 ORDER:1 GOOD:1 METRO:1 MANILA:2 PERSONAL:1 FIRST:1 LOOK:1 HOME:1 SARA:3 ATIN:1 ANG:1 BREAK:1 DAKILA:1 FOR:5 KALIKASAN:1 LEGAL:1 YOU:4 KNOW:2 PITIK:1 BULAG:1 SCHOOL:2 SUPPORT:5 SEARCH:1 NOT:1 ATENEO:3 OUT:2 FOURTH:1 BLUE:1 GRADE:1 COACH:1 CHAT:3 NAME:1 AMONG:1 AWARD:1 WAS:2 ALSO:1 ONE:1 YOUNG:1 MORE:3 RIGHT:1 WHERE:1 GET:1 YOUR:1 WHY:1 ARE:1 READ:1
https://www.rappler.com/sports/281-manny-pacquiao-boxing-and-basketball/	AND:19 OPEN:2 CLOSE:3 VIDEO:3 INSIDE:1 WORLD:5 SPECIAL:3 BOARD:4 SEE:12 ALL:13 NOW:2 TOP:2 THE:15 SQUARE:1 HOLD:1 HINDI:1 ITO:1 MARITES:1 VIEW:1 ORDER:1 GOOD:1 METRO:1 MANILA:2 PERSONAL:1 FIRST:1 LOOK:1 HOME:1 SARA:3 ATIN:1 ANG:1 BREAK:1 DAKILA:1 FOR:6 KALIKASAN:1 LEGAL:1 YOU:4 KNOW:2 PITIK:1 BULAG:1 SCHOOL:1 SUPPORT:4 SEARCH:1 NOT:1 OVER:1 CHAT:3 NAME:1 AMONG:1 AWARD:1 WAS:2 ALSO:1 ONE:1 YOUNG:1 MORE:3 RIGHT:1 WHERE:1 GET:1 OUT:1 YOUR:1 WHY:1 ARE:1 READ:1
https://www.rappler.com/culture-desk/noteworthy/60-can-art-and-culture-change-the-world/	CAN:5 AND:40 THE:56 WORLD:7 OPEN:2 CLOSE:3 VIDEO:7 INSIDE:1 SPECIAL:3 BOARD:4 SEE:12 ALL:12 NOW:2 TOP:2 SQUARE:1 HOLD:1 HINDI:1 ITO:2 MARITES:1 VIEW:1 ORDER:1 GOOD:1 METRO:2 MANILA:4 PERSONAL:2 FIRST:1 LOOK:1 HOME:3 SARA:3 ATIN:1 ANG:3 BREAK:1 DAKILA:1 FOR:14 KALIKASAN:1 LEGAL:1 YOU:4 KNOW:2 PITIK:1 BULAG:1 SCHOOL:1 SUPPORT:4 SEARCH:1 WAS:9 READ:2 FULL:1 GIRL:1 BLUE:1 WHITE:1 SEVEN:1 OVER:2 LIKE:1 OUT:2 GREAT:1 SAID:5 MAN:2 FINE:1 NOT:2 MILITARY:1 NEW:1 SHOW:1 BEEN:1 ABLE:1 END:1 MASYADO:1 NAMAN:1 ARE:3 MUCH:2 SILBI:1 SINE:1 ONE:2 MORE:5 THERE:1 WHERE:3 JUST:2 BUT:1 BEST:1 GIVE:1 BALL:1 EXPRESS:1 SENA:1 NINA:1 ALAMPAY:1 CHAT:3 NAME:1 AMONG:1 AWARD:1 ALSO:1 YOUNG:1 RIGHT:1 GET:1 YOUR:1 WHY:1
https://www.rappler.com/entertainment/279-elmo-magalona-talks-about-documentary-think-before-you-click/	THINK:3 YOU:7 OPEN:2 CLOSE:3 VIDEO:3 INSIDE:1 AND:17 WORLD:4 SPECIAL:3 BOARD:4 SEE:12 ALL:12 NOW:2 TOP:2 THE:16 SQUARE:1 HOLD:1 HINDI:1 ITO:1 MARITES:1 VIEW:1 ORDER:1 GOOD:1 METRO:1 MANILA:2 PERSONAL:1 FIRST:1 LOOK:1 HOME:1 SARA:3 ATIN:1 ANG:1 BREAK:1 DAKILA:1 FOR:5 KALIKASAN:1 LEGAL:1 KNOW:2 PITIK:1 BULAG:1 SCHOOL:1 SUPPORT:4 SEARCH:1 BALL:1 CHAT:3 NAME:1 AMONG:1 AWARD:1 WAS:2 ALSO:1 ONE:1 YOUNG:1 MORE:3 RIGHT:1 WHERE:1 GET:1 OUT:1 YOUR:1 WHY:1 ARE:1 READ:1
https://www.rappler.com/philippines/81-iglesia-ni-cristo-and-a-ghost-town/	AND:37 OPEN:2 CLOSE:3 VIDEO:3 INSIDE:1 WORLD:7 SPECIAL:3 BOARD:4 SEE:12 ALL:13 NOW:3 TOP:2 THE:94 SQUARE:1 HOLD:1 HINDI:2 ITO:1 MARITES:1 VIEW:1 ORDER:1 GOOD:1 METRO:1 MANILA:3 PERSONAL:2 FIRST:2 LOOK:1 HOME:1 SARA:3 ATIN:1 ANG:4 BREAK:1 DAKILA:1 FOR:24 KALIKASAN:1 LEGAL:1 YOU:9 KNOW:5 PITIK:1 BULAG:1 SCHOOL:1 SUPPORT:6 SEARCH:1 DAKOTA:6 BUT:2 AMONG:2 EXPRESS:1 READ:2 FULL:1 MORE:7 ARE:7 NOT:4 EVEN:3 REAL:1 STATE:1 MOVE:1 OVER:1 BEEN:4 ALSO:5 SILENT:2 MANALO:1 CAN:2 WAS:8 SAN:1 WHERE:2 NEW:1 KEY:1 WHY:3 THERE:1 SAID:3 COURSE:1 PAUL:1 PLAN:1 YEAR:1 TAG:1 LEON:1 MONEY:1 ENTIRE:1 ONE:2 PAGE:2 LAST:1 TWO:1 DAYS:1 DAY:1 TALAGA:1 MUNDO:1 PERO:1 TAYO:1 PATULOY:1 PROUD:1 PART:1 DIYOS:1 LAHAT:2 LUMABAN:1 WAG:2 KANG:1 MAGSALITA:2 KUNG:2 ALAM:3 ANO:1 GINAGAWA:2 SAMIN:1 TAGAPAMAHALA:1 NILA:1 PARA:1 DIN:1 MGA:1 ANIB:1 KAYA:1 GANYAN:1 DAHIL:1 WALA:1 OUR:1 JUST:1 YOUR:2 SHUT:1 HUWAG:1 MANGAHAS:1 KAWAWA:1 NAMAN:1 MALAPIT:1 NGA:1 SOON:1 CHAT:3 NAME:1 AWARD:1 YOUNG:1 RIGHT:1 GET:1 OUT:1
https://www.rappler.com/sports/278-phil-younghusband-dedicates-future-games-to-his-mom/	OPEN:2 CLOSE:3 VIDEO:3 INSIDE:1 AND:17 WORLD:4 SPECIAL:3 BOARD:4 SEE:12 ALL:12 NOW:2 TOP:2 THE:16 SQUARE:1 HOLD:1 HINDI:1 ITO:1 MARITES:1 VIEW:1 ORDER:1 GOOD:1 METRO:1 MANILA:2 PERSONAL:1 FIRST:1 LOOK:1 HOME:1 SARA:3 ATIN:1 ANG:1 BREAK:1 DAKILA:1 FOR:5 KALIKASAN:1 LEGAL:1 YOU:4 KNOW:2 PITIK:1 BULAG:1 SCHOOL:1 SUPPORT:4 SEARCH:1 MOTHER:1 AWAY:1 CHAT:3 NAME:1 AMONG:1 AWARD:1 WAS:2 ALSO:1 ONE:1 YOUNG:1 MORE:3 RIGHT:1 WHERE:1 GET:1 OUT:1 YOUR:1 WHY:1 ARE:1 READ:1
https://www.rappler.com/entertainment/57-five-reasons-why-no-other-woman-is-a-huge-hit/	WHY:4 HIT:3 OPEN:2 CLOSE:4 VIDEO:3 INSIDE:1 AND:50 WORLD:5 SPECIAL:3 BOARD:4 SEE:13 ALL:19 NOW:5 TOP:5 THE:97 SQUARE:1 HOLD:1 HINDI:1 ITO:1 MARITES:1 VIEW:1 ORDER:1 GOOD:5 METRO:1 MANILA:3 PERSONAL:1 FIRST:4 LOOK:1 HOME:2 SARA:3 ATIN:1 ANG:2 BREAK:1 DAKILA:1 FOR:19 KALIKASAN:1 LEGAL:1 YOU:8 KNOW:2 PITIK:1 BULAG:1 SCHOOL:1 SUPPORT:4 SEARCH:1 DUE:1 MORE:6 READ:2 FULL:1 NOT:6 LONG:1 COMFORT:1 ONE:7 MOTHER:1 CAST:2 LAST:1 ARE:12 THERE:3 YEAR:1 TRAFFIC:1 WAS:10 BUS:1 BUT:11 SWEET:1 WAY:2 TWO:1 MARK:1 CAN:4 WAYS:1 PERFECT:1 HOT:1 MINE:1 SAID:2 BEEN:3 LIKE:5 EVEN:2 MUST:2 REAL:2 GETS:1 CAR:1 ALSO:3 KAWAWA:1 MALDITA:1 BEST:1 COURSE:1 JOLOGS:1 YOUR:2 OUT:3 OVER:1 MUNDO:1 ISANG:1 LUMABAN:1 JUST:1 LOVE:2 GIRL:1 INTERVIEW:1 BANDILA:1 LIGHT:1 MUCH:1 GIRLFRIEND:1 THIRD:1 MAN:1 TAKE:1 MAY:1 LIST:1 PART:1 THANK:1 OUR:1 SALAMAT:1 EFFECT:1 SECOND:1 BET:1 CHAT:3 NAME:1 AMONG:1 AWARD:1 YOUNG:1 RIGHT:1 WHERE:1 GET:1
https://www.rappler.com/business/68-if-world-economy-sneezes-will-philippine-bpos-catch-a-cold/	WORLD:9 OPEN:2 CLOSE:3 VIDEO:3 INSIDE:1 AND:27 SPECIAL:3 BOARD:4 SEE:13 ALL:17 NOW:5 TOP:2 THE:60 SQUARE:1 HOLD:1 HINDI:1 ITO:1 MARITES:1 VIEW:1 ORDER:1 GOOD:3 METRO:1 MANILA:2 PERSONAL:1 FIRST:2 LOOK:2 HOME:1 SARA:3 ATIN:1 ANG:1 BREAK:1 DAKILA:1 FOR:14 KALIKASAN:1 LEGAL:1 YOU:6 KNOW:3 PITIK:1 BULAG:1 SCHOOL:1 SUPPORT:5 SEARCH:1 SAID:9 BUT:9 NOT:5 ARE:6 MAY:2 DUE:1 THERE:9 ALSO:2 LEAD:1 LIKE:1 READ:2 FULL:1 OUT:5 SAW:1 MONEY:2 MORE:5 THIRD:1 ONE:1 SECOND:2 TOTAL:1 WAS:3 JUST:1 YEAR:4 MEAN:1 BEEN:1 DIP:1 PART:1 WHERE:2 MOVE:1 OWN:1 EVEN:1 THINK:1 CALL:1 YOUR:2 VOICE:1 CHAT:3 NAME:1 RIGHT:1 GET:1 WHY:1
https://www.rappler.com/philippines/metro-manila/172-pup-official-killed-in-sta-mesa-ambush/	MESA:3 OPEN:2 METRO:3 MANILA:7 CLOSE:3 VIDEO:3 INSIDE:2 AND:20 WORLD:3 SPECIAL:3 BOARD:5 SEE:12 ALL:12 NOW:2 TOP:2 THE:27 SQUARE:1 HOLD:1 HINDI:1 ITO:1 MARITES:1 VIEW:1 ORDER:1 GOOD:1 PERSONAL:1 FIRST:1 LOOK:1 HOME:2 SARA:3 ATIN:1 ANG:1 BREAK:1 DAKILA:1 FOR:6 KALIKASAN:1 LEGAL:1 YOU:4 KNOW:2 PITIK:1 BULAG:1 SCHOOL:1 SUPPORT:4 SEARCH:2 WAS:10 LATE:1 SAID:4 WAY:1 TWO:2 ALSO:6 POLICE:1 ARE:2 LAST:1 ONE:1 STATE:1 EDUCATION:1 CHAIR:2 DELA:1 CHAT:3 NAME:1 MORE:2 RIGHT:1 WHERE:1 GET:1 OUT:1 YOUR:1 WHY:1 READ:1
https://www.rappler.com/sports/277-malditas-women-s-national-football-team-ready-for-victory/	FOR:8 OPEN:2 CLOSE:3 VIDEO:3 INSIDE:1 AND:17 WORLD:4 SPECIAL:3 BOARD:4 SEE:12 ALL:12 NOW:2 TOP:2 THE:16 SQUARE:1 HOLD:1 HINDI:1 ITO:1 MARITES:1 VIEW:1 ORDER:1 GOOD:1 METRO:1 MANILA:2 PERSONAL:1 FIRST:1 LOOK:1 HOME:1 SARA:3 ATIN:1 ANG:1 BREAK:1 DAKILA:1 KALIKASAN:1 LEGAL:1 YOU:4 KNOW:2 PITIK:1 BULAG:1 SCHOOL:1 SUPPORT:4 SEARCH:1 ALSO:2 LAOS:1 CHAT:3 NAME:1 AMONG:1 AWARD:1 WAS:2 ONE:1 YOUNG:1 MORE:3 RIGHT:1 WHERE:1 GET:1 OUT:1 YOUR:1 WHY:1 ARE:1 READ:1
https://www.rappler.com/philippines/36-book-on-military-corruption-qthe-enemy-withinq-launched/	BOOK:10 MILITARY:14 THE:92 OPEN:4 CLOSE:3 VIDEO:3 INSIDE:2 AND:50 WORLD:3 SPECIAL:3 BOARD:4 SEE:13 ALL:14 NOW:2 TOP:2 SQUARE:1 HOLD:1 HINDI:1 ITO:1 MARITES:1 VIEW:1 ORDER:1 GOOD:1 METRO:1 MANILA:2 PERSONAL:1 FIRST:1 LOOK:1 HOME:1 SARA:3 ATIN:1 ANG:3 BREAK:1 DAKILA:1 FOR:18 KALIKASAN:1 LEGAL:1 YOU:7 KNOW:3 PITIK:1 BULAG:1 SCHOOL:1 SUPPORT:4 SEARCH:1 EDUCATION:1 FOSTER:1 READ:2 FULL:1 OVER:1 MUCH:1 BUT:5 THERE:2 ARE:8 LONG:1 STATE:1 SAID:14 YEAR:2 LIKE:2 ONE:1 ABAD:5 ABAYA:2 MUST:4 LIST:1 TABLE:4 OUT:3 END:2 TAWAG:1 DIYAN:1 ILAWAN:1 SIMPLE:1 CALL:1 MONEY:2 NOT:4 TEST:1 WAS:5 WHERE:3 BIG:1 SMALL:1 SEPTEMBER:1 JAIL:1 ALSO:3 CAN:2 BALIK:1 DATING:1 UGALI:1 SHORT:1 DEBATE:1 PUT:2 BEEN:1 NAME:2 YOUNG:2 RIGHT:2 TWO:1 ADDRESS:1 TRUE:1 OUR:1 GET:2 WET:1 CHAT:3 MORE:2 YOUR:1 WHY:1
https://www.rappler.com/philippines/46-google-exec-explains-youtube-philippines/	OPEN:2 CLOSE:3 VIDEO:3 INSIDE:1 AND:16 WORLD:3 SPECIAL:3 BOARD:4 SEE:12 ALL:12 NOW:2 TOP:2 THE:12 SQUARE:1 HOLD:1 HINDI:1 ITO:1 MARITES:1 VIEW:1 ORDER:1 GOOD:1 METRO:1 MANILA:2 PERSONAL:1 FIRST:1 LOOK:1 HOME:1 SARA:3 ATIN:1 ANG:1 BREAK:1 DAKILA:1 FOR:5 KALIKASAN:1 LEGAL:1 YOU:4 KNOW:2 PITIK:1 BULAG:1 SCHOOL:1 SUPPORT:4 SEARCH:1 CHAT:3 NAME:1 MORE:2 RIGHT:1 WHERE:1 GET:1 OUT:1 YOUR:1 WHY:1 ARE:1 READ:1
https://www.rappler.com/philippines/58-iglesia-ni-cristo-and-a-ghost-town/	AND:36 OPEN:2 CLOSE:3 VIDEO:3 INSIDE:1 WORLD:7 SPECIAL:3 BOARD:4 SEE:12 ALL:13 NOW:3 TOP:2 THE:92 SQUARE:1 HOLD:1 HINDI:2 ITO:1 MARITES:1 VIEW:1 ORDER:1 GOOD:1 METRO:1 MANILA:3 PERSONAL:2 FIRST:2 LOOK:1 HOME:1 SARA:3 ATIN:1 ANG:4 BREAK:1 DAKILA:1 FOR:23 KALIKASAN:1 LEGAL:1 YOU:9 KNOW:5 PITIK:1 BULAG:1 SCHOOL:1 SUPPORT:5 SEARCH:1 DAKOTA:7 BUT:2 BEEN:5 READ:2 FULL:1 MORE:7 ARE:7 NOT:4 EVEN:3 REAL:1 STATE:1 MOVE:1 OVER:1 ALSO:5 SILENT:2 MANALO:1 CAN:2 WAS:8 SAN:1 WHERE:2 NEW:1 KEY:1 WHY:3 THERE:1 SAID:3 COURSE:1 PAUL:1 PLAN:1 YEAR:1 TAG:1 LEON:1 MONEY:1 ENTIRE:1 ONE:2 PAGE:2 LAST:1 TWO:1 DAYS:1 DAY:1 TALAGA:1 MUNDO:1 PERO:1 TAYO:1 PATULOY:1 PROUD:1 PART:1 DIYOS:1 LAHAT:2 LUMABAN:1 WAG:2 KANG:1 MAGSALITA:2 KUNG:2 ALAM:3 ANO:1 GINAGAWA:2 SAMIN:1 TAGAPAMAHALA:1 NILA:1 PARA:1 DIN:1 MGA:1 ANIB:1 KAYA:1 GANYAN:1 DAHIL:1 WALA:1 OUR:1 JUST:1 YOUR:2 SHUT:1 HUWAG:1 MANGAHAS:1 KAWAWA:1 NAMAN:1 MALAPIT:1 NGA:1 SOON:1 CHAT:3 NAME:1 AMONG:1 AWARD:1 YOUNG:1 RIGHT:1 GET:1 OUT:1
https://www.rappler.com/philippines/59-the-presidents-top-guns/	THE:86 TOP:5 OPEN:2 CLOSE:3 VIDEO:3 INSIDE:2 AND:44 WORLD:3 SPECIAL:5 BOARD:4 SEE:12 ALL:17 NOW:2 SQUARE:1 HOLD:1 HINDI:2 ITO:1 MARITES:1 VIEW:1 ORDER:1 GOOD:1 METRO:1 MANILA:4 PERSONAL:3 FIRST:2 LOOK:3 HOME:1 SARA:3 ATIN:1 ANG:7 BREAK:1 DAKILA:1 FOR:16 KALIKASAN:1 LEGAL:2 YOU:6 KNOW:2 PITIK:1 BULAG:1 SCHOOL:2 SUPPORT:4 SEARCH:1 DUE:1 BUT:7 DOUBLE:2 AMONG:1 READ:2 FULL:1 ONE:3 FIRE:1 SAW:1 CAR:4 BLACK:1 LAST:1 TWO:2 BEEN:2 WAS:14 JAIL:2 ARE:11 SAID:12 SHOW:2 MORAL:1 DEBATE:1 OWN:1 WANG:6 BANG:4 MATUWID:1 SOUND:1 NOT:5 UTAK:2 ALSO:2 LIST:1 BAYAN:1 MUNA:1 TAO:3 MAGDALA:1 GANYAN:1 SIYEMPRE:1 TAYO:2 PAG:1 MATAAS:1 OPISYAL:1 COURSE:1 LIKE:3 MAY:7 EVEN:4 POLICE:4 SEPTEMBER:1 PANAHON:2 LAHAT:1 PWEDE:2 IYAN:3 MGA:6 KUNG:2 NASA:1 SILA:3 SUMUNOD:1 NAMAN:1 KAMI:1 CAN:1 THERE:6 INTERVIEW:1 HANGGANG:1 SAAN:1 PROBINSYA:1 DIN:1 IYO:1 KAILANGAN:1 AKO:1 KASI:1 AKIN:1 WHERE:2 STOP:1 COVER:1 DOON:2 GAMIT:1 LOOB:1 ALAS:1 UMAGA:1 IYON:1 TULOG:1 SENIOR:2 WALA:2 GIVE:2 KAPULISAN:1 DUMATING:1 KAYA:1 DINALA:1 BOY:1 MAN:1 NAME:2 OVER:2 KAKLASE:1 KAIBIGAN:1 PUNO:1 BILIBID:1 MUCH:1 CHAT:3 MORE:2 RIGHT:1 GET:1 OUT:1 YOUR:1 WHY:1
https://www.rappler.com/philippines/62-senators-on-land-titling-mess-garbage-in-garbage-out/	OUT:8 OPEN:2 CLOSE:3 VIDEO:3 INSIDE:1 AND:33 WORLD:3 SPECIAL:3 BOARD:4 SEE:12 ALL:14 NOW:4 TOP:2 THE:79 SQUARE:2 HOLD:1 HINDI:1 ITO:2 MARITES:1 VIEW:1 ORDER:2 GOOD:1 METRO:2 MANILA:3 PERSONAL:1 FIRST:1 LOOK:1 HOME:1 SARA:3 ATIN:1 ANG:1 BREAK:1 DAKILA:1 FOR:12 KALIKASAN:1 LEGAL:1 YOU:6 KNOW:3 PITIK:1 BULAG:1 SCHOOL:3 SUPPORT:4 SEARCH:1 ARE:6 AMONG:2 OVER:4 READ:2 FULL:1 SAID:9 WHERE:3 DOON:1 LANG:2 NAGKAKAROON:1 KALOKOHAN:1 EVEN:1 NOT:5 ALSO:5 KEY:1 PLAN:1 TWO:1 BUT:3 PUT:1 BEST:1 GIVE:1 COMMON:1 DAY:1 LAST:1 SEPTEMBER:1 STOP:2 SEVEN:3 MOTHER:3 WAS:2 OUR:2 BEEN:1 MAY:2 INTERVIEW:1 DAPAT:3 ARAW:1 NILA:1 KAMI:1 DITO:1 ILANG:1 BESES:1 MAGKAROON:1 TAYO:1 BATAS:1 WALA:1 NANG:1 KATAPUSAN:1 PANGA:2 YEAR:1 THERE:2 URBAN:1 LIST:1 GET:2 BIG:2 WAY:1 ENTIRE:1 MUST:1 EFFECT:1 CHAT:3 NAME:1 MORE:2 RIGHT:1 YOUR:1 WHY:1
https://www.rappler.com/philippines/130-red-cross-media-discuss-challenges-of-reporting-on-violence/	RED:6 OPEN:2 CLOSE:3 VIDEO:3 INSIDE:1 AND:36 WORLD:3 SPECIAL:3 BOARD:4 SEE:12 ALL:12 NOW:2 TOP:2 THE:50 SQUARE:1 HOLD:2 HINDI:1 ITO:1 MARITES:1 VIEW:1 ORDER:1 GOOD:1 METRO:1 MANILA:4 PERSONAL:1 FIRST:1 LOOK:2 HOME:1 SARA:3 ATIN:1 ANG:1 BREAK:1 DAKILA:1 FOR:6 KALIKASAN:1 LEGAL:1 YOU:4 KNOW:2 PITIK:1 BULAG:1 SCHOOL:1 SUPPORT:4 SEARCH:1 ARE:5 READ:2 FULL:1 CAN:1 ALSO:1 OUT:3 ABLE:1 GREAT:1 SPRING:1 MAY:1 DUE:1 AID:1 MORE:3 REGULATION:2 ONE:1 BEST:1 ADDRESS:1 CHAT:3 NAME:1 RIGHT:1 WHERE:1 GET:1 YOUR:1 WHY:1
https://www.rappler.com/philippines/metro-manila/78-warning-to-motorcycle-riders-dont-drive-on-the-wrong-lane/	THE:31 OPEN:2 METRO:4 MANILA:6 CLOSE:3 VIDEO:3 INSIDE:1 AND:19 WORLD:3 SPECIAL:3 BOARD:4 SEE:12 ALL:12 NOW:2 TOP:2 SQUARE:1 HOLD:1 HINDI:1 ITO:1 MARITES:1 VIEW:1 ORDER:1 GOOD:1 PERSONAL:1 FIRST:2 LOOK:1 HOME:1 SARA:3 ATIN:1 ANG:1 BREAK:1 DAKILA:1 FOR:7 KALIKASAN:1 LEGAL:1 YOU:4 KNOW:2 PITIK:1 BULAG:1 SCHOOL:1 SUPPORT:4 SEARCH:1 MORE:3 DAY:1 NEW:4 TRAFFIC:2 DRY:1 RUN:1 ONE:1 FOURTH:1 ARE:2 NOT:1 CAN:2 SPOT:1 SEMINAR:2 ALSO:2 SAID:2 BEEN:1 AMONG:1 CHAT:3 NAME:1 RIGHT:1 WHERE:1 GET:1 OUT:1 YOUR:1 WHY:1 READ:1
https://www.rappler.com/philippines/metro-manila/178-mmda-implements-motorcycle-lanes/	OPEN:2 METRO:3 MANILA:4 CLOSE:3 VIDEO:3 INSIDE:1 AND:17 WORLD:3 SPECIAL:3 BOARD:4 SEE:12 ALL:12 NOW:2 TOP:2 THE:13 SQUARE:1 HOLD:1 HINDI:1 ITO:1 MARITES:1 VIEW:1 ORDER:1 GOOD:1 PERSONAL:1 FIRST:1 LOOK:1 HOME:1 SARA:3 ATIN:1 ANG:1 BREAK:1 DAKILA:1 FOR:4 KALIKASAN:1 LEGAL:1 YOU:4 KNOW:2 PITIK:1 BULAG:1 SCHOOL:1 SUPPORT:4 SEARCH:1 DRY:1 RUN:1 CHAT:3 NAME:1 MORE:2 RIGHT:1 WHERE:1 GET:1 OUT:1 YOUR:1 WHY:1 ARE:1 READ:1
https://www.rappler.com/culture-desk/276-scenes-from-masskara-2011/	OPEN:2 CLOSE:3 VIDEO:3 INSIDE:1 AND:17 WORLD:4 SPECIAL:3 BOARD:4 SEE:12 ALL:12 NOW:2 TOP:2 THE:15 SQUARE:1 HOLD:1 HINDI:1 ITO:1 MARITES:1 VIEW:1 ORDER:1 GOOD:1 METRO:1 MANILA:2 PERSONAL:1 FIRST:1 LOOK:1 HOME:1 SARA:3 ATIN:1 ANG:1 BREAK:1 DAKILA:1 FOR:5 KALIKASAN:1 LEGAL:1 YOU:4 KNOW:2 PITIK:1 BULAG:1 SCHOOL:1 SUPPORT:4 SEARCH:1 YEAR:1 CHAT:3 NAME:1 AMONG:1 AWARD:1 WAS:2 ALSO:1 ONE:1 YOUNG:1 MORE:3 RIGHT:1 WHERE:1 GET:1 OUT:1 YOUR:1 WHY:1 ARE:1 READ:1
https://www.rappler.com/philippines/82-church-tv-web-most-trusted-by-pinoys/	OPEN:2 CLOSE:3 VIDEO:3 INSIDE:1 AND:45 WORLD:4 SPECIAL:3 BOARD:4 SEE:14 ALL:12 NOW:2 TOP:3 THE:73 SQUARE:1 HOLD:1 HINDI:1 ITO:1 MARITES:1 VIEW:1 ORDER:2 GOOD:1 METRO:1 MANILA:3 PERSONAL:1 FIRST:2 LOOK:2 HOME:1 SARA:3 ATIN:1 ANG:1 BREAK:1 DAKILA:1 FOR:21 KALIKASAN:1 LEGAL:1 YOU:4 KNOW:2 PITIK:1 BULAG:1 SCHOOL:1 SUPPORT:4 SEARCH:1 STATE:2 ARE:11 READ:2 FULL:1 BUT:3 ALSO:4 NOT:3 LAST:1 KEY:1 STUDY:1 MAY:1 MUCH:3 LOVE:1 DAY:1 DAYS:1 RATING:1 SAID:2 GIVE:4 MORE:4 JUST:1 URBAN:1 ONE:2 CHAT:3 NAME:1 AMONG:1 AWARD:1 WAS:2 YOUNG:1 RIGHT:1 WHERE:1 GET:1 OUT:1 YOUR:1 WHY:1
https://www.rappler.com/philippines/77-hollywood-in-taal-online-community-reacts/	TAAL:14 OPEN:2 CLOSE:3 VIDEO:3 INSIDE:1 AND:22 WORLD:3 SPECIAL:3 BOARD:4 SEE:13 ALL:12 NOW:2 TOP:2 THE:54 SQUARE:1 HOLD:1 HINDI:1 ITO:1 MARITES:1 VIEW:2 ORDER:1 GOOD:1 METRO:1 MANILA:3 PERSONAL:1 FIRST:3 LOOK:2 HOME:1 SARA:3 ATIN:1 ANG:1 BREAK:1 DAKILA:1 FOR:9 KALIKASAN:1 LEGAL:1 YOU:5 KNOW:2 PITIK:1 BULAG:1 SCHOOL:1 SUPPORT:4 SEARCH:2 STYLE:4 BEEN:1 READ:2 FULL:1 TAGAYTAY:2 MAY:1 THINK:1 BUT:2 PUT:3 BIG:1 IDEA:6 LAST:1 MARK:1 WAS:4 SAID:2 PART:2 MORE:4 LIKE:1 DELA:1 CRAZY:1 JUST:1 NOT:1 NATURAL:1 WHERE:2 AMONG:1 ONE:1 ENTIRE:1 ALBUM:1 YOUR:2 CHAT:3 NAME:1 RIGHT:1 GET:1 OUT:1 WHY:1 ARE:1
https://www.rappler.com/world/80-masskara-2011-a-sea-of-smiles/	OPEN:3 WORLD:8 CLOSE:3 VIDEO:3 INSIDE:1 AND:62 SPECIAL:3 BOARD:4 SEE:13 ALL:17 NOW:2 TOP:2 THE:74 SQUARE:1 HOLD:1 HINDI:1 ITO:1 MARITES:1 VIEW:1 ORDER:1 GOOD:1 METRO:1 MANILA:9 PERSONAL:1 FIRST:5 LOOK:1 HOME:2 SARA:3 ATIN:1 ANG:1 BREAK:1 DAKILA:1 FOR:12 KALIKASAN:1 LEGAL:1 YOU:8 KNOW:3 PITIK:1 BULAG:1 SCHOOL:1 SUPPORT:4 SEARCH:1 AMONG:5 READ:2 FULL:1 LONG:2 FELT:1 DAY:2 TSINELAS:1 SANDO:1 BRIGHT:1 WHERE:2 WAS:15 BOLD:1 EVEN:6 THERE:3 LIKE:4 WAY:2 SAN:1 ARE:5 NOT:6 BUT:8 FEED:1 CAN:1 HOP:1 DOWN:2 CAR:1 LET:2 GIVE:1 TAKE:3 GREAT:1 TRIP:1 BOY:1 MORE:5 BOOK:1 MUCH:1 LOVE:4 NEW:3 GIRL:1 TASTE:1 TIRAMISU:1 INASAL:1 MANUKAN:1 PESO:1 FRESH:1 BATCHOY:1 TELESERYE:1 RESORT:1 STYLE:1 MAN:1 PART:2 REMEMBER:1 OWN:2 COMFORT:1 JUST:1 MAY:2 ONE:2 THINK:1 ABILITY:1 IDEA:1 GRAS:1 PARIS:1 SMILE:2 OUT:2 CHAT:3 NAME:1 AWARD:1 ALSO:1 YOUNG:1 RIGHT:1 GET:1 YOUR:1 WHY:1
https://www.rappler.com/culture-desk/travel/171-uproar-over-hollywood-taal-volcano-landscape-under-world-heritage-tentative-list/	OVER:2 TAAL:12 WORLD:11 OPEN:2 CLOSE:3 VIDEO:3 INSIDE:1 AND:28 SPECIAL:3 BOARD:4 SEE:12 ALL:14 NOW:2 TOP:2 THE:48 SQUARE:1 HOLD:1 HINDI:1 ITO:1 MARITES:1 VIEW:1 ORDER:1 GOOD:1 METRO:1 MANILA:3 PERSONAL:1 FIRST:1 LOOK:1 HOME:1 SARA:3 ATIN:1 ANG:1 BREAK:1 DAKILA:1 FOR:13 KALIKASAN:1 LEGAL:1 YOU:4 KNOW:2 PITIK:1 BULAG:1 SCHOOL:1 SUPPORT:4 SEARCH:1 STYLE:3 MAY:2 LIST:10 NATURAL:3 ARE:2 READ:2 FULL:1 PARK:1 WAS:2 ALSO:4 MUST:2 AMONG:1 STATE:1 PLAN:1 TAKE:1 NOTE:1 YOUR:2 PART:1 OUR:1 STUDY:1 PAGE:1 SAID:2 INTERVIEW:1 PROJECT:1 CHAT:3 NAME:1 MORE:2 RIGHT:1 WHERE:1 GET:1 OUT:1 WHY:1
https://www.rappler.com/culture-desk/275-pursuing-art-in-the-philippines/	THE:20 OPEN:2 CLOSE:3 VIDEO:3 INSIDE:1 AND:18 WORLD:4 SPECIAL:3 BOARD:4 SEE:12 ALL:12 NOW:2 TOP:2 SQUARE:1 HOLD:1 HINDI:1 ITO:1 MARITES:1 VIEW:1 ORDER:1 GOOD:1 METRO:1 MANILA:2 PERSONAL:1 FIRST:1 LOOK:1 HOME:1 SARA:3 ATIN:1 ANG:1 BREAK:1 DAKILA:1 FOR:5 KALIKASAN:1 LEGAL:1 YOU:4 KNOW:2 PITIK:1 BULAG:1 SCHOOL:1 SUPPORT:4 SEARCH:1 YEAR:1 CHAT:3 NAME:1 AMONG:1 AWARD:1 WAS:2 ALSO:1 ONE:1 YOUNG:1 MORE:3 RIGHT:1 WHERE:1 GET:1 OUT:1 YOUR:1 WHY:1 ARE:1 READ:1
https://www.rappler.com/sports/88-payatas-kids-play-football-to-pursue-dreams/	OPEN:2 CLOSE:3 VIDEO:3 INSIDE:1 AND:37 WORLD:5 SPECIAL:3 BOARD:4 SEE:13 ALL:15 NOW:3 TOP:2 THE:73 SQUARE:1 HOLD:2 HINDI:4 ITO:1 MARITES:1 VIEW:1 ORDER:1 GOOD:1 METRO:2 MANILA:3 PERSONAL:1 FIRST:4 LOOK:1 HOME:1 SARA:3 ATIN:1 ANG:3 BREAK:1 DAKILA:1 FOR:19 KALIKASAN:1 LEGAL:1 YOU:7 KNOW:2 PITIK:1 BULAG:1 SCHOOL:2 SUPPORT:5 SEARCH:1 YOUNG:2 LIKE:4 EXPRESS:1 LOVE:1 READ:2 FULL:2 SAW:1 MUCH:1 WAS:8 DAY:4 ONE:8 OUT:2 SPOT:1 THERE:3 NOT:3 DOWN:1 ARE:5 YEAR:3 EIGHT:1 COME:1 LONG:1 WAY:2 JUST:3 LAST:1 ALSO:3 BEEN:2 NEW:2 OVER:2 CAN:2 VOICE:1 GET:5 BUT:4 SMILE:2 DUE:1 GIRL:1 SHY:1 SAID:1 TWO:1 THIRD:2 EVEN:2 NAMAN:1 AKO:1 PAG:1 KAMI:3 KASI:1 MASAYA:1 RIN:1 MAGLARO:1 KAHIT:1 WHY:3 MARAMI:1 LUGAR:1 JUNK:1 RED:1 GETS:1 MIND:1 ANGEL:1 ABILITY:1 BALL:1 BEST:1 SANA:1 MANALO:1 LAGI:2 PARA:1 MAGKAROON:1 MUKHA:1 BASURA:1 LANG:1 CHAT:3 NAME:1 AMONG:1 AWARD:1 MORE:3 RIGHT:1 WHERE:1 YOUR:1
https://www.rappler.com/sports/87-five-things-you-need-to-know-about-the-ncaa-finals/	YOU:8 KNOW:5 THE:155 OPEN:2 CLOSE:5 VIDEO:3 INSIDE:1 AND:47 WORLD:4 SPECIAL:3 BOARD:4 SEE:12 ALL:15 NOW:2 TOP:6 SQUARE:1 HOLD:1 HINDI:1 ITO:1 MARITES:1 VIEW:1 ORDER:3 GOOD:1 METRO:1 MANILA:3 PERSONAL:1 FIRST:15 LOOK:1 HOME:1 SARA:3 ATIN:1 ANG:1 BREAK:1 DAKILA:1 FOR:24 KALIKASAN:1 LEGAL:1 PITIK:1 BULAG:1 SCHOOL:1 SUPPORT:4 SEARCH:1 SAN:34 RED:2 TWO:7 OVER:3 SEASON:8 KEY:1 READ:2 FULL:1 ARE:8 BEST:1 BEEN:3 RULE:2 THIRD:4 SPOT:5 FOURTH:2 SECOND:8 BUT:8 NOT:4 SETTLE:1 LAST:9 YEAR:1 ONE:4 ROUND:8 END:2 WAS:8 ALSO:6 CAN:4 COACH:5 SAID:2 MUCH:1 BIG:3 FORWARD:3 SMALL:2 SANGALANG:2 DOUBLE:3 ANGELO:1 WAY:5 STAR:1 OWN:1 RIGHT:2 ZERO:1 WHERE:2 CUT:1 LEAD:2 EVEN:1 DOWN:1 TAKE:2 MUST:1 JUST:2 FIFTH:3 MORE:4 PUT:1 CHAT:3 NAME:1 AMONG:1 AWARD:1 YOUNG:1 GET:1 OUT:1 YOUR:1 WHY:1
https://www.rappler.com/voices/thought-leaders/126-your-war-our-fatal-assumptions/	YOUR:22 OUR:2 OPEN:2 CLOSE:3 VIDEO:3 INSIDE:2 AND:50 WORLD:3 SPECIAL:3 BOARD:4 SEE:12 ALL:20 NOW:5 TOP:2 THE:62 SQUARE:1 HOLD:1 HINDI:1 ITO:1 MARITES:1 VIEW:1 ORDER:1 GOOD:1 METRO:1 MANILA:4 PERSONAL:1 FIRST:1 LOOK:2 HOME:1 SARA:3 ATIN:1 ANG:1 BREAK:1 DAKILA:1 FOR:19 KALIKASAN:1 LEGAL:1 YOU:26 KNOW:4 PITIK:1 BULAG:1 SCHOOL:1 SUPPORT:4 SEARCH:1 CALL:5 OUT:9 MILITARY:3 BEEN:3 READ:2 FULL:1 OWN:3 END:1 GET:3 REAL:1 OVER:2 AWAY:1 RUN:1 LIKE:2 NAME:2 LAST:1 TWO:1 BUT:3 GREAT:1 ALSO:2 REMEMBER:3 NOT:7 PUT:2 DAY:1 LONG:3 YOUNG:1 COURSE:1 WAS:3 WHERE:2 WAY:2 BIG:1 TEST:1 POLICE:1 LEAD:1 DOWN:1 MUST:1 MOTHER:1 KAIBIGAN:1 RIGHT:3 NORTE:1 THERE:1 BOSS:1 EVEN:1 ONE:1 MORE:5 MONEY:1 MUCH:1 ARE:2 BOOK:1 POPULAR:1 CHAT:3 WHY:1
https://www.rappler.com/sports/149-dragon-boating-the-sport-of-breast-cancer-survivors/	DRAGON:13 THE:74 OPEN:3 CLOSE:3 VIDEO:3 INSIDE:1 AND:39 WORLD:5 SPECIAL:3 BOARD:4 SEE:13 ALL:12 NOW:3 TOP:2 SQUARE:1 HOLD:1 HINDI:1 ITO:1 MARITES:1 VIEW:1 ORDER:1 GOOD:2 METRO:1 MANILA:17 PERSONAL:1 FIRST:2 LOOK:1 HOME:2 SARA:3 ATIN:1 ANG:1 BREAK:1 DAKILA:1 FOR:19 KALIKASAN:1 LEGAL:1 YOU:5 KNOW:3 PITIK:1 BULAG:1 SCHOOL:1 SUPPORT:5 SEARCH:1 NEW:1 MORE:6 EXERCISE:2 STRESS:2 READ:2 FULL:1 YEAR:1 ARE:7 ALSO:4 BEEN:3 TRY:1 OUT:4 EVEN:1 SOON:1 JUST:3 DAY:4 RUN:1 GET:2 POPULAR:4 AMONG:2 WAS:7 LIKE:2 USA:1 THERE:1 ONE:7 ABLE:2 PUT:1 TAKE:2 SUNDAY:1 MAY:2 WAY:1 SHORT:1 CAN:3 NOT:2 COME:3 RIGHT:2 AWAY:1 BUT:4 WELCOME:1 TWO:1 LAST:1 GREAT:1 DUE:2 TAMPA:1 CHAT:3 NAME:1 AWARD:1 YOUNG:1 WHERE:1 YOUR:1 WHY:1
https://www.rappler.com/voices/thought-leaders/159-fiasco-in-basilan/	OPEN:2 CLOSE:5 VIDEO:3 INSIDE:1 AND:40 WORLD:3 SPECIAL:7 BOARD:4 SEE:12 ALL:16 NOW:2 TOP:2 THE:116 SQUARE:1 HOLD:2 HINDI:2 ITO:1 MARITES:1 VIEW:1 ORDER:1 GOOD:1 METRO:1 MANILA:3 PERSONAL:1 FIRST:6 LOOK:1 HOME:1 SARA:3 ATIN:1 ANG:1 BREAK:2 DAKILA:1 FOR:12 KALIKASAN:1 LEGAL:1 YOU:4 KNOW:2 PITIK:1 BULAG:1 SCHOOL:1 SUPPORT:6 SEARCH:1 MILITARY:13 AMONG:1 READ:2 FULL:3 LAST:4 BEEN:3 PICTURE:1 THERE:3 ARE:5 SAID:12 LONG:1 WAS:10 NOT:4 WHY:3 POLICE:1 AWAY:2 BASE:1 TWO:2 EXERCISE:2 ALSO:1 COMMON:2 PASA:1 BILIS:1 MOVE:1 SECOND:1 PINTAKASI:1 ONE:2 OUR:1 VERSION:1 BLACK:1 DOWN:2 MORE:7 YOUNG:2 LATE:2 HIT:1 AIR:2 SIX:2 BUT:4 WATER:1 PENA:2 SENIOR:2 OWN:1 OUT:5 MATANGGAP:1 INTERVIEW:1 MAY:1 IYONG:2 GRUPO:1 LIKE:1 PUT:1 WAY:1 WHERE:2 FORWARD:1 COME:1 CHAT:3 NAME:1 RIGHT:1 GET:1 YOUR:1
https://www.rappler.com/philippines/metro-manila/168-police-heightens-security-nationwide-ahead-of-undas/	POLICE:6 OPEN:2 METRO:3 MANILA:5 CLOSE:3 VIDEO:3 INSIDE:1 AND:26 WORLD:3 SPECIAL:3 BOARD:4 SEE:12 ALL:14 NOW:2 TOP:2 THE:27 SQUARE:1 HOLD:1 HINDI:1 ITO:1 MARITES:1 VIEW:1 ORDER:1 GOOD:1 PERSONAL:1 FIRST:1 LOOK:1 HOME:2 SARA:3 ATIN:1 ANG:1 BREAK:1 DAKILA:1 FOR:7 KALIKASAN:1 LEGAL:1 YOU:4 KNOW:2 PITIK:1 BULAG:1 SCHOOL:1 SUPPORT:4 SEARCH:1 ONE:1 DAY:1 BEEN:3 ALSO:5 SAID:2 TRANSPORT:1 OUR:1 THERE:1 BUS:2 TERMINAL:2 OPLAN:1 KALULUWA:1 GET:2 AIR:1 OUT:2 CHAT:3 NAME:1 MORE:2 RIGHT:1 WHERE:1 YOUR:1 WHY:1 ARE:1 READ:1
https://www.rappler.com/philippines/169-deped-schedules-semestral-break-for-public-elementary-high-schools/	BREAK:5 FOR:10 OPEN:2 CLOSE:3 VIDEO:3 INSIDE:1 AND:25 WORLD:3 SPECIAL:3 BOARD:4 SEE:12 ALL:12 NOW:2 TOP:2 THE:23 SQUARE:1 HOLD:1 HINDI:1 ITO:1 MARITES:1 VIEW:1 ORDER:1 GOOD:1 METRO:1 MANILA:3 PERSONAL:1 FIRST:1 LOOK:1 HOME:1 SARA:3 ATIN:1 ANG:1 DAKILA:1 KALIKASAN:1 LEGAL:1 YOU:4 KNOW:2 PITIK:1 BULAG:1 SCHOOL:4 SUPPORT:4 SEARCH:1 EDUCATION:3 SAID:4 CAN:2 BUT:1 DAYS:5 PER:1 MUST:3 TOTAL:1 END:1 YEAR:1 DAY:1 DUE:2 NATURAL:1 WAY:1 ARE:2 ALSO:1 CHAT:3 NAME:1 MORE:2 RIGHT:1 WHERE:1 GET:1 OUT:1 YOUR:1 WHY:1 READ:1
https://www.rappler.com/philippines/170-questions-for-a-president-direct-from-the-people/	FOR:10 THE:44 OPEN:2 CLOSE:3 VIDEO:5 INSIDE:1 AND:29 WORLD:9 SPECIAL:3 BOARD:4 SEE:12 ALL:12 NOW:2 TOP:3 SQUARE:1 HOLD:1 HINDI:1 ITO:1 MARITES:1 VIEW:6 ORDER:1 GOOD:1 METRO:1 MANILA:3 PERSONAL:1 FIRST:4 LOOK:1 HOME:1 SARA:3 ATIN:1 ANG:1 BREAK:1 DAKILA:1 KALIKASAN:1 LEGAL:1 YOU:5 KNOW:2 PITIK:1 BULAG:1 SCHOOL:1 SUPPORT:5 SEARCH:1 ARE:5 CAN:6 READ:2 FULL:1 JUST:2 WHERE:3 ALSO:2 CLIP:2 BEEN:1 MILITARY:1 POLICE:1 NOT:1 THERE:1 WAY:1 MORE:3 YOUR:4 OUR:3 YOUNG:1 EVEN:2 OUT:2 WANG:2 STATE:1 PART:1 INTERVIEW:1 AMONG:1 MARK:1 PAUL:1 MAY:1 LUIS:1 CHAT:3 NAME:1 RIGHT:1 GET:1 WHY:1
https://www.rappler.com/voices/thought-leaders/160-why-the-fiasco-in-basilan/	WHY:7 THE:63 OPEN:2 CLOSE:3 VIDEO:3 INSIDE:1 AND:37 WORLD:3 SPECIAL:14 BOARD:4 SEE:12 ALL:12 NOW:2 TOP:2 SQUARE:1 HOLD:1 HINDI:1 ITO:1 MARITES:1 VIEW:1 ORDER:1 GOOD:5 METRO:1 MANILA:3 PERSONAL:1 FIRST:2 LOOK:1 HOME:1 SARA:3 ATIN:1 ANG:1 BREAK:1 DAKILA:1 FOR:10 KALIKASAN:1 LEGAL:1 YOU:6 KNOW:2 PITIK:1 BULAG:1 SCHOOL:1 SUPPORT:4 SEARCH:1 MILITARY:5 NEW:3 TAKING:1 MAY:3 READ:2 FULL:1 OUT:4 MIND:1 JUST:2 WAS:6 MEAN:1 ARE:6 TWO:2 BEEN:6 PENA:5 ONE:1 MORE:5 NOT:5 MAN:2 WALA:1 FELT:1 PART:4 THERE:1 TAKE:5 YEAR:1 MUCH:1 ALSO:1 LEAD:1 SAID:1 PLAN:1 BUT:1 CHAT:3 NAME:1 RIGHT:1 WHERE:1 GET:1 YOUR:1
https://www.rappler.com/sports/273-announcement-of-la-galaxy-coming-to-manila/	MANILA:5 OPEN:2 CLOSE:3 VIDEO:3 INSIDE:1 AND:18 WORLD:4 SPECIAL:3 BOARD:4 SEE:12 ALL:12 NOW:2 TOP:2 THE:15 SQUARE:1 HOLD:1 HINDI:1 ITO:1 MARITES:1 VIEW:1 ORDER:1 GOOD:1 METRO:1 PERSONAL:1 FIRST:1 LOOK:1 HOME:1 SARA:3 ATIN:1 ANG:1 BREAK:1 DAKILA:1 FOR:5 KALIKASAN:1 LEGAL:1 YOU:4 KNOW:2 PITIK:1 BULAG:1 SCHOOL:1 SUPPORT:4 SEARCH:1 MAKATI:1 CHAT:3 NAME:1 AMONG:1 AWARD:1 WAS:2 ALSO:1 ONE:1 YOUNG:1 MORE:3 RIGHT:1 WHERE:1 GET:1 OUT:1 YOUR:1 WHY:1 ARE:1 READ:1
https://www.rappler.com/sports/274-ncaa-finals-interview-with-dave-marcelo-and-coach-frankie-lim/	INTERVIEW:2 AND:20 COACH:3 OPEN:2 CLOSE:3 VIDEO:3 INSIDE:1 WORLD:4 SPECIAL:3 BOARD:4 SEE:12 ALL:12 NOW:2 TOP:2 THE:17 SQUARE:1 HOLD:1 HINDI:1 ITO:1 MARITES:1 VIEW:1 ORDER:1 GOOD:1 METRO:1 MANILA:2 PERSONAL:1 FIRST:1 LOOK:1 HOME:1 SARA:3 ATIN:1 ANG:1 BREAK:1 DAKILA:1 FOR:5 KALIKASAN:1 LEGAL:1 YOU:4 KNOW:2 PITIK:1 BULAG:1 SCHOOL:1 SUPPORT:4 SEARCH:1 SAN:2 RED:1 CHAT:3 NAME:1 AMONG:1 AWARD:1 WAS:2 ALSO:1 ONE:1 YOUNG:1 MORE:3 RIGHT:1 WHERE:1 GET:1 OUT:1 YOUR:1 WHY:1 ARE:1 READ:1
https://www.rappler.com/entertainment/132-the-unkabogable-fan-vice-ganda/	THE:39 GANDA:13 OPEN:2 CLOSE:3 VIDEO:3 INSIDE:1 AND:23 WORLD:3 SPECIAL:3 BOARD:4 SEE:20 ALL:12 NOW:2 TOP:2 SQUARE:1 HOLD:1 HINDI:2 ITO:3 MARITES:1 VIEW:1 ORDER:1 GOOD:2 METRO:1 MANILA:3 PERSONAL:1 FIRST:2 LOOK:1 HOME:1 SARA:3 ATIN:1 ANG:4 BREAK:1 DAKILA:1 FOR:8 KALIKASAN:1 LEGAL:1 YOU:5 KNOW:2 PITIK:1 BULAG:1 SCHOOL:1 SUPPORT:4 SEARCH:1 EVEN:3 NOT:10 GET:2 WAS:1 RED:2 READ:2 FULL:1 BUT:5 WALA:2 TALAGA:2 AKO:4 PAPASOK:1 MAKITA:1 SIYA:3 ULI:1 KUNG:4 MAKAKUHA:1 PARA:2 PERO:1 GUSTO:1 MAKAUSAP:1 KAHIT:3 ONE:1 AWAY:1 AKIN:3 BASTA:1 MAG:1 CHIKA:1 YUN:1 KABAYO:1 GAY:3 MILITARY:3 MGA:2 KAIBIGAN:1 MALABO:1 MATA:1 MAHINA:1 TIWALA:1 KANILA:1 CAN:4 PUT:2 ARE:3 THINK:1 POPULAR:2 PAG:1 BAKLA:2 SALOT:1 AGAD:1 PANAHON:1 NGAYON:1 DAPAT:1 MARUNONG:1 TUMAYO:1 ANO:2 SANA:1 KAMI:1 MAIBALIK:1 MAN:2 LANG:1 GINAGAWA:1 NIYA:1 MERON:1 TAYONG:1 HALAGA:1 NATIN:3 SARILI:1 MANIWALA:1 TAYO:1 ATING:1 SEXUAL:1 NILA:2 TINGNAN:1 TAO:1 KAPASIDAD:1 MAS:1 GAWIN:1 KAS:1 INDIBIDWAL:1 MAY:1 SAW:1 CHAT:3 NAME:1 MORE:2 RIGHT:1 WHERE:1 OUT:1 YOUR:1 WHY:1
https://www.rappler.com/sports/148-is-david-beckham-coming-in-december/	OPEN:2 CLOSE:3 VIDEO:3 INSIDE:1 AND:20 WORLD:5 SPECIAL:3 BOARD:4 SEE:12 ALL:12 NOW:2 TOP:2 THE:53 SQUARE:1 HOLD:1 HINDI:1 ITO:1 MARITES:1 VIEW:1 ORDER:1 GOOD:4 METRO:1 MANILA:6 PERSONAL:1 FIRST:2 LOOK:1 HOME:1 SARA:3 ATIN:1 ANG:1 BREAK:1 DAKILA:1 FOR:19 KALIKASAN:1 LEGAL:1 YOU:5 KNOW:2 PITIK:1 BULAG:1 SCHOOL:1 SUPPORT:5 SEARCH:1 ENTIRE:2 ALSO:5 READ:2 FULL:2 COME:2 POPULAR:1 ARE:3 JUST:1 DAY:1 LAST:1 BUT:1 WAS:3 ONE:2 OUR:2 SAID:7 SEASON:1 BEST:2 PART:1 TAKE:1 AMONG:2 COURSE:2 TRIP:1 NEW:1 PUT:1 SHOW:1 BIG:1 END:1 YEAR:1 MORE:4 CAN:1 CHAT:3 NAME:1 AWARD:1 YOUNG:1 RIGHT:1 WHERE:1 GET:1 OUT:1 YOUR:1 WHY:1
https://www.rappler.com/newsbreak/2246-fausto-of-arakan/	OPEN:2 CLOSE:3 VIDEO:3 INSIDE:1 AND:21 WORLD:3 SPECIAL:3 BOARD:4 SEE:12 ALL:12 NOW:2 TOP:2 THE:18 SQUARE:1 HOLD:1 HINDI:1 ITO:1 MARITES:1 VIEW:1 ORDER:1 GOOD:1 METRO:1 MANILA:2 PERSONAL:1 FIRST:1 LOOK:1 HOME:1 SARA:3 ATIN:1 ANG:1 BREAK:1 DAKILA:1 FOR:5 KALIKASAN:1 LEGAL:1 YOU:4 KNOW:2 PITIK:1 BULAG:1 SCHOOL:2 SUPPORT:4 SEARCH:1 SEVEN:1 WAS:1 DOWN:1 SANG:1 NAME:2 SUSPECT:1 KIRI:1 ARKIPELAGO:1 CHAT:3 MORE:2 RIGHT:1 WHERE:1 GET:1 OUT:1 YOUR:1 WHY:1 ARE:1 READ:1
https://www.rappler.com/business/272-air-asia-no-frills-all-business/	AIR:4 ALL:14 OPEN:3 CLOSE:3 VIDEO:3 INSIDE:1 AND:19 WORLD:4 SPECIAL:3 BOARD:4 SEE:12 NOW:2 TOP:2 THE:14 SQUARE:1 HOLD:1 HINDI:1 ITO:1 MARITES:1 VIEW:1 ORDER:1 GOOD:1 METRO:1 MANILA:2 PERSONAL:1 FIRST:1 LOOK:1 HOME:1 SARA:3 ATIN:1 ANG:1 BREAK:1 DAKILA:1 FOR:6 KALIKASAN:1 LEGAL:1 YOU:4 KNOW:2 PITIK:1 BULAG:1 SCHOOL:1 SUPPORT:4 SEARCH:1 OUT:2 GIVE:1 MORE:4 CHAT:3 NAME:1 AMONG:1 AWARD:1 WAS:2 ALSO:1 ONE:1 YOUNG:1 RIGHT:1 WHERE:1 GET:1 YOUR:1 WHY:1 ARE:1 READ:1
https://www.rappler.com/philippines/98-are-we-7-billion-too-many/	ARE:7 OPEN:2 CLOSE:3 VIDEO:3 INSIDE:1 AND:65 WORLD:9 SPECIAL:3 BOARD:4 SEE:12 ALL:15 NOW:3 TOP:2 THE:88 SQUARE:1 HOLD:1 HINDI:1 ITO:1 MARITES:1 VIEW:1 ORDER:2 GOOD:1 METRO:1 MANILA:4 PERSONAL:1 FIRST:1 LOOK:1 HOME:1 SARA:3 ATIN:1 ANG:1 BREAK:1 DAKILA:1 FOR:14 KALIKASAN:1 LEGAL:1 YOU:5 KNOW:2 PITIK:1 BULAG:1 SCHOOL:1 SUPPORT:5 SEARCH:1 LIKE:1 ADDRESS:5 EDUCATION:5 READ:2 FULL:2 LAGOS:1 MAY:1 WAS:2 HOSPITAL:1 ALSO:8 SECOND:1 BABY:2 ONE:2 BEEN:3 SAID:9 MORE:8 CAN:6 NOT:3 JUST:1 STATE:3 LAST:1 OUR:4 WAYS:1 BUT:5 GREAT:1 DOWN:2 AVERAGE:1 DUE:1 THERE:1 TAKING:1 NATURAL:1 EVEN:1 SEVEN:2 NEW:1 BAN:2 INTERVIEW:1 CALL:1 WAY:2 WATER:1 RIGHT:3 YOUNG:1 WHERE:2 TAKE:1 PUT:1 END:1 YEAR:1 ENTIRE:1 ORG:1 CHAT:3 NAME:1 GET:1 OUT:1 YOUR:1 WHY:1
https://www.rappler.com/entertainment/100-boy-abunda-brings-celebrity-interview-showbiz-segments-to-bandila/	BOY:8 INTERVIEW:4 BANDILA:18 OPEN:2 CLOSE:3 VIDEO:3 INSIDE:1 AND:46 WORLD:3 SPECIAL:3 BOARD:4 SEE:13 ALL:12 NOW:7 TOP:2 THE:80 SQUARE:1 HOLD:1 HINDI:4 ITO:2 MARITES:1 VIEW:1 ORDER:1 GOOD:3 METRO:1 MANILA:3 PERSONAL:1 FIRST:7 LOOK:2 HOME:1 SARA:3 ATIN:1 ANG:7 BREAK:1 DAKILA:1 FOR:7 KALIKASAN:1 LEGAL:1 YOU:4 KNOW:2 PITIK:1 BULAG:1 SCHOOL:1 SUPPORT:4 SEARCH:1 LATE:2 NEW:11 BEEN:1 EXPRESS:1 OVER:2 READ:2 FULL:1 TAKE:1 PART:4 MOVE:1 SHOW:9 NGAYON:2 DUE:1 MAKASAYSAYAN:1 DAHIL:1 NOT:4 JUST:3 SAKSI:1 AKSYON:1 WAS:16 LAST:2 AIR:1 EVEN:1 WHERE:2 MUCH:2 BUT:3 OWN:2 TABLE:1 SOUND:1 HIT:2 BIG:1 PICTURE:1 KNIFE:1 LIKE:2 IBA:1 PAMANTAYAN:1 NATIN:1 KALIGAYAHAN:1 SAID:3 BASTA:1 DAPAT:1 FINE:2 LONG:1 MONEY:1 ONE:3 GETS:1 BALITA:1 STAND:1 DEBATE:1 IKAW:1 BENDITA:1 STAR:1 MOTHER:1 NAME:2 FATHER:1 YEAR:1 FELT:2 DAMI:1 NANG:1 BESES:1 SARILI:1 THERE:1 SAW:1 ABLE:1 AKO:2 MORE:3 KAPAG:1 NASA:1 ULIT:1 LOVE:1 TITO:1 TASTE:1 MEDYO:2 LANG:1 SIGURO:1 ALSO:1 DOWN:1 ARE:2 SANA:1 PAG:1 MAY:1 KAY:1 SYA:1 HAHA:1 BEST:1 TAKING:1 KUNG:1 WELCOME:1 CHAT:3 RIGHT:1 GET:1 OUT:1 YOUR:1 WHY:1
https://www.rappler.com/world/101-fast-facts-the-world-of-the-7-billionth-human/	THE:28 WORLD:11 OPEN:2 CLOSE:3 VIDEO:3 INSIDE:1 AND:24 SPECIAL:3 BOARD:4 SEE:12 ALL:12 NOW:2 TOP:3 SQUARE:1 HOLD:1 HINDI:2 ITO:1 MARITES:1 VIEW:1 ORDER:1 GOOD:1 METRO:1 MANILA:3 PERSONAL:1 FIRST:2 LOOK:1 HOME:1 SARA:3 ATIN:1 ANG:1 BREAK:1 DAKILA:1 FOR:4 KALIKASAN:1 LEGAL:1 YOU:4 KNOW:2 PITIK:1 BULAG:1 SCHOOL:1 SUPPORT:4 SEARCH:1 WHERE:2 ARE:6 YOUNG:1 RULE:1 URBAN:1 SAO:1 AVERAGE:1 OVER:1 CAN:1 READ:2 PART:1 BUT:1 MILITARY:1 CHAT:3 NAME:1 MORE:2 RIGHT:1 GET:1 OUT:1 YOUR:1 WHY:1
https://www.rappler.com/newsbreak/127-seminar-to-examine-pnoy-s-health-agenda/	SEMINAR:10 OPEN:2 CLOSE:3 VIDEO:3 INSIDE:1 AND:45 WORLD:4 SPECIAL:3 BOARD:5 SEE:12 ALL:12 NOW:2 TOP:4 THE:57 SQUARE:1 HOLD:1 HINDI:1 ITO:1 MARITES:2 VIEW:1 ORDER:1 GOOD:1 METRO:1 MANILA:3 PERSONAL:1 FIRST:1 LOOK:1 HOME:1 SARA:3 ATIN:1 ANG:1 BREAK:1 DAKILA:1 FOR:12 KALIKASAN:1 LEGAL:1 YOU:4 KNOW:2 PITIK:1 BULAG:1 SCHOOL:1 SUPPORT:4 SEARCH:1 WHERE:3 READ:2 FULL:1 SECOND:1 ALSO:1 WHY:2 TAKE:1 HOSPITAL:2 ASTROLOGO:1 DAY:1 THERE:1 FINE:1 BEST:1 TWO:2 AWARD:1 AMONG:1 CALL:1 TRINIDAD:1 CHAT:3 NAME:1 MORE:2 RIGHT:1 GET:1 OUT:1 YOUR:1 ARE:1
https://www.rappler.com/philippines/133-blogger-tourism-department-website-stole-my-post/	OPEN:2 CLOSE:3 VIDEO:3 INSIDE:1 AND:31 WORLD:3 SPECIAL:3 BOARD:4 SEE:13 ALL:13 NOW:2 TOP:2 THE:62 SQUARE:1 HOLD:1 HINDI:1 ITO:1 MARITES:1 VIEW:1 ORDER:1 GOOD:1 METRO:1 MANILA:4 PERSONAL:1 FIRST:3 LOOK:1 HOME:1 SARA:3 ATIN:1 ANG:1 BREAK:1 DAKILA:1 FOR:11 KALIKASAN:1 LEGAL:1 YOU:4 KNOW:2 PITIK:1 BULAG:1 SCHOOL:1 SUPPORT:4 SEARCH:1 ONE:4 NOT:2 READ:2 FULL:3 IRE:1 BEEN:3 NEW:4 WHERE:2 SAID:5 PUTAHE:1 WAS:6 PAGE:2 ALSO:5 DOWN:1 BUT:2 ABLE:1 GRAB:1 THERE:2 ARE:3 THINK:1 LIKE:1 ADDRESS:1 EVEN:1 MORE:3 OUT:2 KAY:1 GANDA:1 LOGO:3 JUST:1 DAYS:1 LAST:1 TWO:1 CHAT:3 NAME:1 RIGHT:1 GET:1 YOUR:1 WHY:1
https://www.rappler.com/world/139-how-do-we-choose-to-live-our-lives/	OUR:4 OPEN:2 WORLD:6 CLOSE:3 VIDEO:3 INSIDE:1 AND:47 SPECIAL:3 BOARD:4 SEE:12 ALL:12 NOW:2 TOP:2 THE:75 SQUARE:1 HOLD:1 HINDI:1 ITO:1 MARITES:1 VIEW:1 ORDER:1 GOOD:1 METRO:1 MANILA:3 PERSONAL:1 FIRST:1 LOOK:1 HOME:1 SARA:3 ATIN:1 ANG:1 BREAK:1 DAKILA:1 FOR:16 KALIKASAN:1 LEGAL:1 YOU:4 KNOW:2 PITIK:1 BULAG:1 SCHOOL:1 SUPPORT:4 SEARCH:1 ALSO:4 LIKE:1 AIR:2 READ:2 FULL:1 BIG:1 ARE:5 EVEN:2 OVER:1 NOT:3 MORE:3 COME:1 BUT:3 BEAR:2 JUST:1 MUST:1 WATER:1 THERE:1 WHERE:3 GAS:1 MIND:1 ADDRESS:1 WAY:1 NATURAL:1 CAN:2 WAYS:1 LONG:2 LIST:2 NEW:3 WAS:1 ONE:2 LAST:1 YEAR:1 BEEN:1 AVERAGE:3 PER:1 SAID:3 EDUCATION:2 OUT:2 DUE:1 MOVE:1 MUCH:1 CHAT:3 NAME:1 RIGHT:1 GET:1 YOUR:1 WHY:1
https://www.rappler.com/sports/271-kuala-lumpur-s-sepang-international-circuit/	OPEN:2 CLOSE:3 VIDEO:3 INSIDE:1 AND:18 WORLD:4 SPECIAL:3 BOARD:4 SEE:13 ALL:17 NOW:2 TOP:2 THE:19 SQUARE:1 HOLD:1 HINDI:1 ITO:1 MARITES:1 VIEW:1 ORDER:1 GOOD:1 METRO:3 MANILA:4 PERSONAL:1 FIRST:1 LOOK:1 HOME:1 SARA:3 ATIN:1 ANG:2 BREAK:1 DAKILA:1 FOR:6 KALIKASAN:1 LEGAL:1 YOU:4 KNOW:2 PITIK:1 BULAG:1 SCHOOL:1 SUPPORT:4 SEARCH:1 DAY:5 ONE:2 MUST:1 MORE:6 CHAT:13 ANGAT:6 BUHAY:6 AMONG:1 AWARD:1 WAS:2 ALSO:1 YOUNG:1 BEST:1 UNDAS:1 TRAFFIC:1 NEW:1 OVER:1 KUSINA:1 PAG:1 ASA:1 HOT:1 STATE:1 RED:1 BADOY:1 NOT:1 KULANG:1 KONTEKSTO:1 RIGHT:1 WHERE:1 GET:1 OUT:1 YOUR:1 WHY:1 ARE:1 READ:1
https://www.rappler.com/entertainment/394-recasting-the-revillas/	THE:20 OPEN:2 CLOSE:3 VIDEO:3 INSIDE:1 AND:16 WORLD:3 SPECIAL:3 BOARD:4 SEE:12 ALL:12 NOW:2 TOP:2 SQUARE:1 HOLD:1 HINDI:1 ITO:1 MARITES:1 VIEW:1 ORDER:1 GOOD:1 METRO:1 MANILA:2 PERSONAL:1 FIRST:1 LOOK:1 HOME:1 SARA:3 ATIN:1 ANG:1 BREAK:1 DAKILA:1 FOR:4 KALIKASAN:1 LEGAL:1 YOU:4 KNOW:2 PITIK:1 BULAG:1 SCHOOL:1 SUPPORT:4 SEARCH:1 MURDER:2 BEEN:2 CHAT:3 NAME:1 MORE:2 RIGHT:1 WHERE:1 GET:1 OUT:1 YOUR:1 WHY:1 ARE:1 READ:1
https://www.rappler.com/business/780-thailand-floods-halt-production-at-honda-philippines/	OPEN:2 CLOSE:3 VIDEO:3 INSIDE:2 AND:20 WORLD:3 SPECIAL:3 BOARD:4 SEE:12 ALL:13 NOW:2 TOP:2 THE:26 SQUARE:1 HOLD:1 HINDI:1 ITO:1 MARITES:1 VIEW:1 ORDER:1 GOOD:1 METRO:1 MANILA:3 PERSONAL:1 FIRST:1 LOOK:1 HOME:1 SARA:5 ATIN:1 ANG:1 BREAK:1 DAKILA:1 FOR:6 KALIKASAN:1 LEGAL:1 YOU:4 KNOW:2 PITIK:1 BULAG:1 SCHOOL:3 SUPPORT:4 SEARCH:1 DUE:2 SUPPLY:3 HIT:2 PER:1 DAY:1 ALSO:1 WAS:1 AMONG:1 ARE:3 MAY:1 OUR:3 CAR:1 SAID:1 CHAT:13 MORE:4 WHY:2 RIGHT:1 WHERE:1 GET:1 OUT:1 YOUR:1 READ:1
https://www.rappler.com/moveph/147-the-philippines-a-country-for-women/	THE:86 FOR:18 OPEN:2 CLOSE:3 VIDEO:3 INSIDE:1 AND:35 WORLD:6 SPECIAL:3 BOARD:4 SEE:12 ALL:14 NOW:2 TOP:3 SQUARE:1 HOLD:1 HINDI:1 ITO:1 MARITES:1 VIEW:1 ORDER:1 GOOD:1 METRO:1 MANILA:3 PERSONAL:1 FIRST:2 LOOK:1 HOME:1 SARA:3 ATIN:1 ANG:1 BREAK:1 DAKILA:1 KALIKASAN:1 LEGAL:1 YOU:5 KNOW:3 PITIK:1 BULAG:1 SCHOOL:1 SUPPORT:4 SEARCH:1 EDUCATION:3 READ:2 FULL:1 GREAT:1 OUT:3 MORE:7 ARE:10 BEST:1 SAID:1 WHERE:3 FRESH:1 NEW:1 SEVEN:2 LIST:1 KEY:1 BUT:4 WHY:3 MOVE:1 CAN:4 THIRD:1 EVEN:2 YOUNG:2 WAS:3 OUR:3 SIX:1 AVERAGE:1 TWO:2 SIMPLE:1 ONE:4 YEAR:1 BEEN:1 LIKE:1 MONEY:1 NOT:2 WAY:1 RESCUE:1 SEXUAL:1 SPOT:1 THERE:2 MUCH:2 RATING:1 CHAT:3 NAME:1 AMONG:1 AWARD:1 ALSO:1 RIGHT:1 GET:1 YOUR:1
https://www.rappler.com/philippines/175-the-bicol-express-chugs-back-to-life/	THE:171 EXPRESS:19 OPEN:2 CLOSE:3 VIDEO:3 INSIDE:1 AND:66 WORLD:4 SPECIAL:3 BOARD:4 SEE:12 ALL:17 NOW:7 TOP:2 SQUARE:1 HOLD:1 HINDI:1 ITO:2 MARITES:1 VIEW:2 ORDER:1 GOOD:1 METRO:2 MANILA:9 PERSONAL:1 FIRST:3 LOOK:1 HOME:1 SARA:3 ATIN:1 ANG:3 BREAK:1 DAKILA:1 FOR:25 KALIKASAN:1 LEGAL:1 YOU:5 KNOW:2 PITIK:1 BULAG:1 SCHOOL:1 SUPPORT:4 SEARCH:1 SILENT:2 MUCH:2 MORE:6 TRAIN:26 MODERN:2 TRANSPORT:4 AMONG:3 REMEMBER:1 READ:2 FULL:2 NAGA:6 WAY:3 SEPTEMBER:2 YEAR:2 TEST:3 EVEN:3 RUN:2 WAS:14 CUT:1 SHORT:1 DUE:1 NEW:1 JUST:8 BUT:7 ATENEO:1 NOT:6 LONG:3 DAY:2 AKO:1 TREN:5 SIKSIKAN:2 MAN:1 BUS:3 TALAGA:1 THERE:4 CAR:2 NAME:2 PART:1 POPULAR:1 MAS:1 IYONG:5 RILES:1 KAYSA:1 MGA:4 IYON:2 DAHIL:1 WALA:1 KALABAN:1 ALSO:7 TWO:2 ASIN:1 NOON:2 NIYA:3 ULI:3 SALT:1 DILIS:1 DIRETSO:2 DUMAN:1 BILAS:1 BIYAHE:1 UNA:1 TANDA:1 DOON:1 LUGAR:1 TAGALOG:3 KASI:1 LAHAT:1 KUNG:1 MAY:2 KAYA:1 IYAN:1 PATI:1 BAYAN:2 CAN:2 BIRO:1 NGA:1 ENTIRE:3 ARE:3 MILENYO:1 STOP:1 LAST:1 COMMERCIAL:1 SAW:1 DAYS:1 BABALIK:3 KELAN:2 ONE:3 TERMINAL:1 SOON:1 MUST:2 LIKE:1 TUMAKBO:1 SABI:1 TATAY:1 KARAMIHAN:1 GUSTO:1 FATHER:2 SAID:1 BEEN:1 SILI:1 PILI:1 THINK:1 FOURTH:1 OUR:4 PAGE:1 CHAT:3 RIGHT:1 WHERE:1 GET:1 OUT:1 YOUR:1 WHY:1
https://www.rappler.com/culture-desk/347-are-filipinos-getting-fatter/	ARE:3 OPEN:2 CLOSE:3 VIDEO:3 INSIDE:1 AND:17 WORLD:3 SPECIAL:3 BOARD:4 SEE:12 ALL:12 NOW:2 TOP:2 THE:16 SQUARE:1 HOLD:1 HINDI:1 ITO:1 MARITES:1 VIEW:1 ORDER:1 GOOD:1 METRO:1 MANILA:2 PERSONAL:1 FIRST:1 LOOK:1 HOME:1 SARA:3 ATIN:1 ANG:1 BREAK:1 DAKILA:1 FOR:5 KALIKASAN:1 LEGAL:1 YOU:4 KNOW:2 PITIK:1 BULAG:1 SCHOOL:1 SUPPORT:4 SEARCH:1 SIMPLE:2 CHAT:3 NAME:1 MORE:2 RIGHT:1 WHERE:1 GET:1 OUT:1 YOUR:1 WHY:1 READ:1
https://www.rappler.com/culture-desk/travel/177-the-grand-dame-of-philippine-railways-returns/	THE:17 OPEN:2 CLOSE:3 VIDEO:3 INSIDE:1 AND:16 WORLD:3 SPECIAL:3 BOARD:4 SEE:12 ALL:12 NOW:2 TOP:2 SQUARE:1 HOLD:1 HINDI:1 ITO:1 MARITES:1 VIEW:1 ORDER:1 GOOD:1 METRO:1 MANILA:2 PERSONAL:1 FIRST:1 LOOK:1 HOME:1 SARA:3 ATIN:1 ANG:1 BREAK:1 DAKILA:1 FOR:4 KALIKASAN:1 LEGAL:1 YOU:4 KNOW:2 PITIK:1 BULAG:1 SCHOOL:1 SUPPORT:4 SEARCH:1 ARE:3 EXPRESS:2 CHAT:3 NAME:1 MORE:2 RIGHT:1 WHERE:1 GET:1 OUT:1 YOUR:1 WHY:1 READ:1
https://www.rappler.com/sports/270-a-day-in-manny-pacquiao-s-training-camp/	DAY:2 OPEN:2 CLOSE:3 VIDEO:3 INSIDE:1 AND:17 WORLD:4 SPECIAL:4 BOARD:4 SEE:12 ALL:12 NOW:2 TOP:2 THE:14 SQUARE:1 HOLD:1 HINDI:1 ITO:1 MARITES:1 VIEW:1 ORDER:1 GOOD:1 METRO:1 MANILA:2 PERSONAL:1 FIRST:1 LOOK:1 HOME:1 SARA:3 ATIN:1 ANG:1 BREAK:1 DAKILA:1 FOR:5 KALIKASAN:1 LEGAL:1 YOU:5 KNOW:2 PITIK:1 BULAG:1 SCHOOL:1 SUPPORT:4 SEARCH:1 MOVE:1 LAS:1 CHAT:3 NAME:1 AMONG:1 AWARD:1 WAS:2 ALSO:1 ONE:1 YOUNG:1 MORE:3 RIGHT:1 WHERE:1 GET:1 OUT:1 YOUR:1 WHY:1 ARE:1 READ:1
https://www.rappler.com/culture-desk/146-in-her-shoes-jessica-cox-the-armless-achiever/	THE:47 OPEN:3 CLOSE:3 VIDEO:3 INSIDE:1 AND:35 WORLD:4 SPECIAL:4 BOARD:4 SEE:12 ALL:14 NOW:2 TOP:2 SQUARE:1 HOLD:1 HINDI:1 ITO:1 MARITES:1 VIEW:1 ORDER:1 GOOD:1 METRO:1 MANILA:5 PERSONAL:1 FIRST:5 LOOK:2 HOME:1 SARA:3 ATIN:1 ANG:1 BREAK:1 DAKILA:1 FOR:16 KALIKASAN:1 LEGAL:1 YOU:9 KNOW:2 PITIK:1 BULAG:1 SCHOOL:2 SUPPORT:5 SEARCH:1 LIKE:2 BLACK:2 PILOT:2 READ:2 FULL:1 WAS:6 BUT:2 WAY:2 PUT:1 YEAR:2 THINK:2 BEEN:3 ATENEO:2 KEY:1 ABLE:1 MUCH:2 THERE:1 MORE:5 ONE:3 DAY:1 CAR:2 CAN:8 ALSO:4 NOT:1 ARE:2 TWO:1 YOUNG:2 MOTHER:2 FATHER:1 PART:1 PROUD:1 JUST:3 FOURTH:1 TAKE:1 LIMIT:1 COMMERCIAL:1 SOON:1 TAKING:1 SMILE:1 CHAT:3 NAME:1 AMONG:1 AWARD:1 RIGHT:1 WHERE:1 GET:1 OUT:1 YOUR:1 WHY:1
https://www.rappler.com/sports/269-sea-games-2011-special-philippine-equestrian-team/	SPECIAL:6 OPEN:2 CLOSE:3 VIDEO:3 INSIDE:1 AND:17 WORLD:4 BOARD:4 SEE:12 ALL:12 NOW:2 TOP:2 THE:17 SQUARE:1 HOLD:1 HINDI:1 ITO:1 MARITES:1 VIEW:1 ORDER:1 GOOD:1 METRO:1 MANILA:2 PERSONAL:1 FIRST:1 LOOK:1 HOME:1 SARA:3 ATIN:1 ANG:1 BREAK:1 DAKILA:1 FOR:6 KALIKASAN:1 LEGAL:1 YOU:5 KNOW:2 PITIK:1 BULAG:1 SCHOOL:1 SUPPORT:4 SEARCH:1 CHAT:3 NAME:1 AMONG:1 AWARD:1 WAS:2 ALSO:1 ONE:1 YOUNG:1 MORE:3 RIGHT:1 WHERE:1 GET:1 OUT:1 YOUR:1 WHY:1 ARE:1 READ:1
https://www.rappler.com/sports/145-five-things-you-need-to-know-about-marquez/	YOU:8 KNOW:7 OPEN:2 CLOSE:4 VIDEO:3 INSIDE:2 AND:39 WORLD:6 SPECIAL:3 BOARD:4 SEE:12 ALL:12 NOW:2 TOP:2 THE:49 SQUARE:1 HOLD:1 HINDI:1 ITO:1 MARITES:1 VIEW:1 ORDER:1 GOOD:2 METRO:1 MANILA:4 PERSONAL:1 FIRST:5 LOOK:1 HOME:1 SARA:3 ATIN:1 ANG:1 BREAK:1 DAKILA:1 FOR:19 KALIKASAN:1 LEGAL:1 PITIK:1 BULAG:1 SCHOOL:1 SUPPORT:4 SEARCH:1 DINAMITA:2 LONG:2 RING:4 ABILITY:2 READ:2 FULL:1 THERE:1 KAMAO:1 ARE:3 OUT:2 BUT:6 LAS:1 SUNDAY:1 THIRD:2 GET:2 CALL:1 BEEN:6 SIX:1 TRUE:1 LIKE:3 DOWN:1 ROUND:2 WAY:1 SECOND:1 FIRE:1 WAS:6 HIT:1 RIGHT:2 ONE:5 NOT:3 JUST:1 ALSO:2 LAST:3 YEAR:3 TWO:1 FATHER:1 OVER:1 OWN:1 REGULAR:1 WHY:3 STOP:2 WATER:1 OXYGEN:3 CAN:1 BEST:1 POUND:2 USA:1 CHAT:3 NAME:1 AMONG:1 AWARD:1 YOUNG:1 MORE:3 WHERE:1 YOUR:1
https://www.rappler.com/sports/268-fight-week-special-pacquiao-is-ready-for-marquez/	SPECIAL:5 FOR:8 OPEN:2 CLOSE:3 VIDEO:3 INSIDE:1 AND:17 WORLD:5 BOARD:4 SEE:12 ALL:12 NOW:2 TOP:2 THE:17 SQUARE:1 HOLD:1 HINDI:1 ITO:1 MARITES:1 VIEW:1 ORDER:1 GOOD:1 METRO:1 MANILA:2 PERSONAL:1 FIRST:1 LOOK:1 HOME:1 SARA:3 ATIN:1 ANG:1 BREAK:1 DAKILA:1 KALIKASAN:1 LEGAL:1 YOU:4 KNOW:2 PITIK:1 BULAG:1 SCHOOL:1 SUPPORT:4 SEARCH:1 LAS:1 EIGHT:1 SETTLE:1 CHAT:3 NAME:1 AMONG:1 AWARD:1 WAS:2 ALSO:1 ONE:1 YOUNG:1 MORE:3 RIGHT:1 WHERE:1 GET:1 OUT:1 YOUR:1 WHY:1 ARE:1 READ:1
https://www.rappler.com/sports/267-fight-week-special-pacquiao-marquez-iii-fight-wrap-up/	SPECIAL:5 OPEN:2 CLOSE:3 VIDEO:3 INSIDE:1 AND:17 WORLD:4 BOARD:4 SEE:12 ALL:12 NOW:2 TOP:2 THE:13 SQUARE:1 HOLD:1 HINDI:1 ITO:1 MARITES:1 VIEW:1 ORDER:1 GOOD:1 METRO:1 MANILA:2 PERSONAL:1 FIRST:1 LOOK:1 HOME:1 SARA:3 ATIN:1 ANG:1 BREAK:1 DAKILA:1 FOR:5 KALIKASAN:1 LEGAL:1 YOU:4 KNOW:2 PITIK:1 BULAG:1 SCHOOL:1 SUPPORT:4 SEARCH:1 OVER:1 THIRD:1 CHAT:3 NAME:1 AMONG:1 AWARD:1 WAS:2 ALSO:1 ONE:1 YOUNG:1 MORE:3 RIGHT:1 WHERE:1 GET:1 OUT:1 YOUR:1 WHY:1 ARE:1 READ:1
https://www.rappler.com/culture-desk/300-italian-cinema-takes-manila/	PAGBABALIK:3 OIL:9 PRESYO:9 LANGIS:8 OPEN:1 CLOSE:2 VIDEO:4 INSIDE:1 AND:15 WORLD:3 SPECIAL:3 BOARD:2 SEE:12 ALL:12 NOW:2 TOP:2 THE:10 SQUARE:1 HOLD:1 HINDI:3 ITO:2 MARITES:1 VIEW:1 ORDER:1 GOOD:1 METRO:1 MANILA:2 PERSONAL:1 FIRST:1 LOOK:1 HOME:1 SARA:3 ATIN:1 ANG:17 BREAK:1 DAKILA:1 FOR:3 KALIKASAN:1 LEGAL:1 YOU:3 KNOW:2 PITIK:1 BULAG:1 SCHOOL:1 SUPPORT:4 SEARCH:1 AKADEMIYA:2 BAYAN:2 KONTRA:2 GAS:1 KAHIT:1 MAG:1 NITO:1 DATI:1 PROGRAMA:1 MGA:3 SUSUNOD:1 ADMINISTRASYON:1 RATING:1 PAGPAPATUPAD:1 MULA:1 KAY:2 HANGGANG:1 KITA:3 PANAHON:2 PALITAN:1 DOLYAR:1 IBINIBIGAY:1 DIPERENSIYA:1 HALIP:1 MARAMDAMAN:1 MAMIMILI:2 DIN:2 TUWING:1 MAY:1 SAPAGKAT:1 PAG:1 ATRAS:1 HABANG:1 GASOLINAHAN:1 IMBENTARYO:1 BAGO:1 KAPAKANAN:1 PROTEKSYON:1 BATIS:1 IBON:2 CHAT:3 NAME:1 MORE:2 OUT:1 YOUR:1 WHY:1 ARE:1 READ:1
https://www.rappler.com/sports/144-three-reasons-why-pacquiao-won-the-fight/	WHY:3 THE:103 OPEN:2 CLOSE:8 VIDEO:3 INSIDE:1 AND:46 WORLD:5 SPECIAL:3 BOARD:4 SEE:13 ALL:15 NOW:4 TOP:2 SQUARE:1 HOLD:1 HINDI:1 ITO:1 MARITES:1 VIEW:1 ORDER:1 GOOD:1 METRO:1 MANILA:3 PERSONAL:2 FIRST:5 LOOK:1 HOME:1 SARA:3 ATIN:1 ANG:1 BREAK:1 DAKILA:1 FOR:18 KALIKASAN:1 LEGAL:1 YOU:6 KNOW:2 PITIK:1 BULAG:1 SCHOOL:1 SUPPORT:5 SEARCH:1 NOT:9 MORE:17 EVEN:6 DEBATE:1 READ:2 FULL:1 EIGHT:1 TWO:4 MUCH:1 LAST:4 THERE:2 WAS:19 KNOCK:1 OUT:4 BEST:1 OVER:1 ARE:13 BUT:9 MEAN:1 DOWN:5 END:5 ABSENT:1 AWAY:1 STYLE:1 ROUND:12 ONE:9 GETS:1 SECOND:2 NOTE:2 MAY:4 ALSO:2 PAPA:2 DARK:1 LIKE:1 MUST:1 SHOW:1 RIGHT:2 PER:3 HIT:1 JAB:3 COURSE:1 JUST:4 SAID:3 TOTAL:3 CAN:1 GIVE:1 TAKE:1 COME:1 ABLE:1 THIRD:3 BEEN:1 WAY:1 DAY:1 GET:2 PUT:1 SETTLE:1 FOURTH:1 CHAT:3 NAME:1 AMONG:1 AWARD:1 YOUNG:1 WHERE:1 YOUR:1
https://www.rappler.com/sports/266-sea-games-2011-philippine-bowling-team/	OPEN:2 CLOSE:3 VIDEO:3 INSIDE:1 AND:17 WORLD:4 SPECIAL:3 BOARD:4 SEE:12 ALL:12 NOW:2 TOP:2 THE:16 SQUARE:1 HOLD:1 HINDI:1 ITO:1 MARITES:1 VIEW:1 ORDER:1 GOOD:1 METRO:1 MANILA:2 PERSONAL:1 FIRST:1 LOOK:1 HOME:1 SARA:3 ATIN:1 ANG:1 BREAK:1 DAKILA:1 FOR:5 KALIKASAN:1 LEGAL:1 YOU:4 KNOW:3 PITIK:1 BULAG:1 SCHOOL:1 SUPPORT:4 SEARCH:1 GET:2 BUT:1 BEST:1 CHAT:3 NAME:1 AMONG:1 AWARD:1 WAS:2 ALSO:1 ONE:1 YOUNG:1 MORE:3 RIGHT:1 WHERE:1 OUT:1 YOUR:1 WHY:1 ARE:1 READ:1
https://www.rappler.com/philippines/142-clinton-gma-did-not-seek-us-help/	NOT:4 OPEN:3 CLOSE:3 VIDEO:3 INSIDE:1 AND:34 WORLD:4 SPECIAL:3 BOARD:4 SEE:14 ALL:12 NOW:3 TOP:2 THE:59 SQUARE:1 HOLD:1 HINDI:1 ITO:1 MARITES:1 VIEW:1 ORDER:2 GOOD:1 METRO:1 MANILA:3 PERSONAL:2 FIRST:1 LOOK:2 HOME:1 SARA:3 ATIN:1 ANG:1 BREAK:1 DAKILA:1 FOR:20 KALIKASAN:1 LEGAL:1 YOU:7 KNOW:2 PITIK:1 BULAG:1 SCHOOL:1 SUPPORT:5 SEARCH:1 STATE:2 ALSO:4 THINK:3 READ:2 FULL:1 SAID:12 WAS:7 WASHINGTON:1 TAKE:1 ONE:3 DAY:1 LIMA:1 MORE:4 WHERE:2 CAN:2 ARE:4 BUT:3 ABLE:1 WELCOME:1 PART:1 OIL:1 GAS:1 STAND:1 JUST:1 AMONG:2 PILOT:1 RIGHT:3 LIGHT:1 JUNK:1 BRIEF:1 EXPRESS:1 LOVE:1 YOUR:2 COME:1 CHAT:3 NAME:1 AWARD:1 YOUNG:1 GET:1 OUT:1 WHY:1
https://www.rappler.com/philippines/265-hillary-clinton-to-the-philippines-we-re-betting-on-you/	THE:18 YOU:6 OPEN:2 CLOSE:3 VIDEO:3 INSIDE:1 AND:18 WORLD:4 SPECIAL:3 BOARD:4 SEE:12 ALL:12 NOW:2 TOP:2 SQUARE:1 HOLD:1 HINDI:1 ITO:1 MARITES:1 VIEW:1 ORDER:1 GOOD:1 METRO:1 MANILA:3 PERSONAL:1 FIRST:1 LOOK:1 HOME:1 SARA:3 ATIN:1 ANG:1 BREAK:1 DAKILA:1 FOR:7 KALIKASAN:1 LEGAL:1 KNOW:2 PITIK:1 BULAG:1 SCHOOL:1 SUPPORT:5 SEARCH:1 STATE:1 BUT:1 ONE:2 DAY:1 CHAT:3 NAME:1 AMONG:1 AWARD:1 WAS:2 ALSO:1 YOUNG:1 MORE:3 RIGHT:1 WHERE:1 GET:1 OUT:1 YOUR:1 WHY:1 ARE:1 READ:1
https://www.rappler.com/sports/264-sea-games-2011-philippine-paragliding-team/	OPEN:2 CLOSE:3 VIDEO:3 INSIDE:1 AND:17 WORLD:4 SPECIAL:3 BOARD:4 SEE:12 ALL:12 NOW:2 TOP:2 THE:18 SQUARE:1 HOLD:1 HINDI:1 ITO:1 MARITES:1 VIEW:1 ORDER:1 GOOD:1 METRO:1 MANILA:2 PERSONAL:1 FIRST:1 LOOK:1 HOME:1 SARA:3 ATIN:1 ANG:1 BREAK:1 DAKILA:1 FOR:5 KALIKASAN:1 LEGAL:1 YOU:4 KNOW:2 PITIK:1 BULAG:1 SCHOOL:1 SUPPORT:4 SEARCH:1 WAS:3 NEW:1 YEAR:1 MORE:4 CHAT:3 NAME:1 AMONG:1 AWARD:1 ALSO:1 ONE:1 YOUNG:1 RIGHT:1 WHERE:1 GET:1 OUT:1 YOUR:1 WHY:1 ARE:1 READ:1
https://www.rappler.com/philippines/262-gloria-macapagal-arroyo-s-first-day-as-a-prisoner/	FIRST:4 DAY:4 OPEN:2 CLOSE:3 VIDEO:3 INSIDE:1 AND:18 WORLD:4 SPECIAL:3 BOARD:4 SEE:12 ALL:12 NOW:2 TOP:2 THE:15 SQUARE:1 HOLD:1 HINDI:1 ITO:1 MARITES:1 VIEW:1 ORDER:1 GOOD:1 METRO:1 MANILA:2 PERSONAL:1 LOOK:1 HOME:1 SARA:3 ATIN:1 ANG:1 BREAK:1 DAKILA:1 FOR:5 KALIKASAN:1 LEGAL:1 YOU:4 KNOW:2 PITIK:1 BULAG:1 SCHOOL:1 SUPPORT:4 SEARCH:1 POLICE:1 CHAT:3 NAME:1 AMONG:1 AWARD:1 WAS:2 ALSO:1 ONE:1 YOUNG:1 MORE:3 RIGHT:1 WHERE:1 GET:1 OUT:1 YOUR:1 WHY:1 ARE:1 READ:1
https://www.rappler.com/philippines/152-the-day-arroyo-was-arrested/	THE:15 DAY:2 WAS:3 OPEN:2 CLOSE:3 VIDEO:4 INSIDE:1 AND:18 WORLD:3 SPECIAL:3 BOARD:4 SEE:12 ALL:12 NOW:2 TOP:2 SQUARE:1 HOLD:1 HINDI:1 ITO:1 MARITES:1 VIEW:2 ORDER:1 GOOD:1 METRO:1 MANILA:2 PERSONAL:1 FIRST:1 LOOK:1 HOME:1 SARA:3 ATIN:1 ANG:1 BREAK:1 DAKILA:1 FOR:5 KALIKASAN:1 LEGAL:1 YOU:4 KNOW:2 PITIK:1 BULAG:1 SCHOOL:1 SUPPORT:4 SEARCH:1 HOSPITAL:1 MOVE:2 LALA:1 ALSO:1 CHAT:3 NAME:1 MORE:2 RIGHT:1 WHERE:1 GET:1 OUT:1 YOUR:1 WHY:1 ARE:1 READ:1
https://www.rappler.com/entertainment/celebrities/211-this-is-a-fairy-tale-andi-eigenmann/	OPEN:2 CLOSE:3 VIDEO:3 INSIDE:1 AND:18 WORLD:3 SPECIAL:3 BOARD:4 SEE:12 ALL:12 NOW:2 TOP:2 THE:13 SQUARE:1 HOLD:1 HINDI:1 ITO:1 MARITES:1 VIEW:1 ORDER:1 GOOD:1 METRO:1 MANILA:2 PERSONAL:1 FIRST:1 LOOK:1 HOME:1 SARA:3 ATIN:1 ANG:1 BREAK:1 DAKILA:1 FOR:4 KALIKASAN:1 LEGAL:1 YOU:4 KNOW:2 PITIK:1 BULAG:1 SCHOOL:1 SUPPORT:4 SEARCH:1 BENDITA:2 STAR:2 JUST:2 CHAT:3 NAME:1 MORE:2 RIGHT:1 WHERE:1 GET:1 OUT:1 YOUR:1 WHY:1 ARE:1 READ:1
https://www.rappler.com/culture-desk/143-rico-hizon-on-news-the-philippines-and-pacquiao-for-president/	THE:85 AND:42 FOR:19 OPEN:2 CLOSE:3 VIDEO:3 INSIDE:1 WORLD:10 SPECIAL:3 BOARD:4 SEE:16 ALL:13 NOW:3 TOP:2 SQUARE:1 HOLD:1 HINDI:1 ITO:1 MARITES:1 VIEW:1 ORDER:2 GOOD:4 METRO:1 MANILA:5 PERSONAL:1 FIRST:3 LOOK:1 HOME:1 SARA:3 ATIN:1 ANG:1 BREAK:2 DAKILA:1 KALIKASAN:1 LEGAL:2 YOU:4 KNOW:2 PITIK:1 BULAG:1 SCHOOL:1 SUPPORT:4 SEARCH:1 END:2 ABILITY:2 MORE:10 READ:4 FULL:1 THERE:3 SMILE:1 BROWN:1 OVER:1 WHITE:1 POLO:1 RED:1 HAIR:1 PIN:2 SMALL:1 HOTEL:1 COME:1 BALL:1 PROUD:3 ONE:5 BIG:2 MUST:1 PUT:1 BUT:6 ALSO:3 GET:2 NOT:5 SOON:1 MOVE:1 CAN:1 ARE:3 RUN:1 THINK:3 WHY:3 WAS:7 RIGHT:2 LIKE:1 BEST:1 MIND:1 DOUBLE:1 TWO:1 LATE:1 DAY:1 EVEN:2 LAST:1 YEAR:1 LOVE:1 GREAT:1 STATE:1 SIMPLE:1 YOUNG:2 JUST:1 CHAT:3 NAME:1 AMONG:1 AWARD:1 WHERE:1 OUT:1 YOUR:1
https://www.rappler.com/philippines/227-paris-hilton-aung-san-suu-kyi-granted-house-arrests-why-not-gma/	PARIS:3 SAN:3 WHY:3 NOT:3 OPEN:2 CLOSE:3 VIDEO:3 INSIDE:1 AND:25 WORLD:6 SPECIAL:3 BOARD:4 SEE:12 ALL:12 NOW:2 TOP:2 THE:39 SQUARE:1 HOLD:1 HINDI:1 ITO:1 MARITES:1 VIEW:1 ORDER:1 GOOD:1 METRO:1 MANILA:3 PERSONAL:1 FIRST:1 LOOK:1 HOME:1 SARA:3 ATIN:1 ANG:1 BREAK:1 DAKILA:1 FOR:10 KALIKASAN:1 LEGAL:2 YOU:4 KNOW:2 PITIK:1 BULAG:1 SCHOOL:1 SUPPORT:4 SEARCH:1 PRE:4 READ:2 FULL:1 ALBAY:1 HOSPITAL:1 ARE:3 POLICE:1 LIST:2 WAS:3 BUT:1 ALSO:1 PUT:1 AMIN:1 ALI:1 SAID:1 TWO:1 RIGHT:2 MOVE:1 CHAT:3 NAME:1 MORE:2 WHERE:1 GET:1 OUT:1 YOUR:1
https://www.rappler.com/sports/261-pacquiao-fans-want-mayweather/	OPEN:2 CLOSE:3 VIDEO:3 INSIDE:1 AND:17 WORLD:4 SPECIAL:3 BOARD:4 SEE:12 ALL:12 NOW:2 TOP:2 THE:14 SQUARE:1 HOLD:1 HINDI:1 ITO:1 MARITES:1 VIEW:1 ORDER:1 GOOD:1 METRO:1 MANILA:2 PERSONAL:1 FIRST:1 LOOK:1 HOME:1 SARA:3 ATIN:1 ANG:1 BREAK:1 DAKILA:1 FOR:5 KALIKASAN:1 LEGAL:1 YOU:4 KNOW:2 PITIK:1 BULAG:1 SCHOOL:1 SUPPORT:4 SEARCH:1 ONE:2 STOP:1 CHAT:3 NAME:1 AMONG:1 AWARD:1 WAS:2 ALSO:1 YOUNG:1 MORE:3 RIGHT:1 WHERE:1 GET:1 OUT:1 YOUR:1 WHY:1 ARE:1 READ:1
https://www.rappler.com/philippines/158-over-p20b-worth-tourism-mixed-use-complexes-to-rise-in-clark/	OVER:2 OPEN:2 CLOSE:3 VIDEO:3 INSIDE:1 AND:33 WORLD:3 SPECIAL:3 BOARD:4 SEE:12 ALL:12 NOW:3 TOP:2 THE:39 SQUARE:1 HOLD:1 HINDI:1 ITO:1 MARITES:1 VIEW:1 ORDER:1 GOOD:1 METRO:1 MANILA:3 PERSONAL:1 FIRST:2 LOOK:1 HOME:1 SARA:3 ATIN:1 ANG:1 BREAK:1 DAKILA:1 FOR:8 KALIKASAN:1 LEGAL:1 YOU:4 KNOW:2 PITIK:1 BULAG:1 SCHOOL:1 SUPPORT:4 SEARCH:1 ARE:4 KEY:1 COMMERCIAL:3 READ:2 FULL:1 TAKE:1 YEAR:1 MILITARY:1 BASE:1 NEW:2 STAR:2 PROJECT:2 TRANSPORT:1 TERMINAL:1 PARK:2 LIGHT:1 COURSE:2 WATER:1 TWO:1 OUT:2 CHAT:3 NAME:1 MORE:2 RIGHT:1 WHERE:1 GET:1 YOUR:1 WHY:1
https://www.rappler.com/philippines/161-sending-text-messages-cheaper-by-20-cents-by-nov-30/	OPEN:2 CLOSE:3 VIDEO:3 INSIDE:1 AND:19 WORLD:3 SPECIAL:3 BOARD:4 SEE:12 ALL:12 NOW:2 TOP:2 THE:29 SQUARE:1 HOLD:1 HINDI:1 ITO:1 MARITES:1 VIEW:1 ORDER:1 GOOD:1 METRO:1 MANILA:3 PERSONAL:1 FIRST:1 LOOK:1 HOME:1 SARA:3 ATIN:1 ANG:1 BREAK:1 DAKILA:1 FOR:6 KALIKASAN:1 LEGAL:1 YOU:4 KNOW:2 PITIK:1 BULAG:1 SCHOOL:1 SUPPORT:4 SEARCH:1 REGULAR:1 SHORT:1 DOWN:1 ONE:1 AVERAGE:1 PER:2 ARE:5 PLUS:1 ALSO:1 CHAT:3 NAME:1 MORE:2 RIGHT:1 WHERE:1 GET:1 OUT:1 YOUR:1 WHY:1 READ:1
https://www.rappler.com/philippines/162-how-interested-is-mvp-in-airline-business/	OPEN:2 CLOSE:3 VIDEO:4 INSIDE:1 AND:17 WORLD:3 SPECIAL:3 BOARD:4 SEE:12 ALL:12 NOW:2 TOP:2 THE:14 SQUARE:1 HOLD:1 HINDI:1 ITO:1 MARITES:1 VIEW:2 ORDER:1 GOOD:1 METRO:1 MANILA:2 PERSONAL:1 FIRST:1 LOOK:1 HOME:1 SARA:3 ATIN:1 ANG:1 BREAK:1 DAKILA:1 FOR:4 KALIKASAN:1 LEGAL:1 YOU:4 KNOW:2 PITIK:1 BULAG:1 SCHOOL:1 SUPPORT:4 SEARCH:1 LALA:1 PANGILINAN:1 ONE:1 CLIP:1 WAS:1 THIRD:1 LONG:1 WHERE:2 MOVE:1 ALSO:1 CHAT:3 NAME:1 MORE:2 RIGHT:1 GET:1 OUT:1 YOUR:1 WHY:1 ARE:1 READ:1
https://www.rappler.com/philippines/163-timelapse-video-sunset-in-san-juan-la-union/	VIDEO:6 SAN:3 OPEN:2 CLOSE:3 INSIDE:1 AND:19 WORLD:3 SPECIAL:3 BOARD:4 SEE:12 ALL:12 NOW:2 TOP:2 THE:12 SQUARE:1 HOLD:1 HINDI:1 ITO:1 MARITES:1 VIEW:3 ORDER:1 GOOD:1 METRO:1 MANILA:2 PERSONAL:1 FIRST:1 LOOK:1 HOME:1 SARA:3 ATIN:1 ANG:1 BREAK:1 DAKILA:1 FOR:4 KALIKASAN:1 LEGAL:1 YOU:4 KNOW:2 PITIK:1 BULAG:1 SCHOOL:1 SUPPORT:4 SEARCH:1 LALA:2 ARE:2 MOVE:2 ALSO:1 CHAT:3 NAME:1 MORE:2 RIGHT:1 WHERE:1 GET:1 OUT:1 YOUR:1 WHY:1 READ:1
https://www.rappler.com/philippines/164-peace-bonds-tax-issue-unfair-unpredictable/	OPEN:2 CLOSE:3 VIDEO:3 INSIDE:1 AND:23 WORLD:3 SPECIAL:3 BOARD:5 SEE:12 ALL:12 NOW:2 TOP:2 THE:16 SQUARE:1 HOLD:1 HINDI:1 ITO:1 MARITES:1 VIEW:2 ORDER:1 GOOD:1 METRO:1 MANILA:3 PERSONAL:1 FIRST:1 LOOK:1 HOME:1 SARA:3 ATIN:1 ANG:1 BREAK:1 DAKILA:1 FOR:4 KALIKASAN:1 LEGAL:1 YOU:5 KNOW:3 PITIK:1 BULAG:1 SCHOOL:1 SUPPORT:4 SEARCH:1 LALA:1 TAKE:1 WAS:1 DAY:1 READ:2 MOVE:2 HOTEL:1 LIKE:1 CHAT:3 NAME:1 MORE:2 RIGHT:1 WHERE:1 GET:1 OUT:1 YOUR:1 WHY:1 ARE:1
https://www.rappler.com/philippines/225-supreme-court-wins-in-budget-battle-with-malacanang/	OPEN:2 CLOSE:3 VIDEO:3 INSIDE:1 AND:38 WORLD:3 SPECIAL:4 BOARD:4 SEE:12 ALL:14 NOW:2 TOP:2 THE:98 SQUARE:1 HOLD:1 HINDI:1 ITO:1 MARITES:1 VIEW:1 ORDER:1 GOOD:1 METRO:1 MANILA:3 PERSONAL:1 FIRST:1 LOOK:1 HOME:1 SARA:3 ATIN:1 ANG:1 BREAK:1 DAKILA:1 FOR:23 KALIKASAN:1 LEGAL:1 YOU:4 KNOW:2 PITIK:1 BULAG:1 SCHOOL:2 SUPPORT:4 SEARCH:1 KEY:1 READ:2 FULL:2 LIST:1 PUT:1 BEEN:5 SIX:1 STATE:2 WAS:2 ABAYA:1 CUT:1 MOVE:3 CORONA:3 BUT:2 EVEN:2 SAID:3 ENTIRE:1 DAYS:1 MUCH:1 OUR:1 MAY:1 NOT:1 YEAR:1 ABAD:1 WHERE:2 VERSION:1 END:1 ARE:3 ALBAY:1 CAST:1 EDUCATION:2 PAMANA:1 WATER:3 POTABLE:1 SUPPLY:1 TOTAL:1 CHAT:3 NAME:1 MORE:2 RIGHT:1 GET:1 OUT:1 YOUR:1 WHY:1
https://www.rappler.com/philippines/229-house-postpones-voting-on-impeach-bid-vs-sc-justice/	OPEN:2 CLOSE:4 VIDEO:3 INSIDE:1 AND:17 WORLD:4 SPECIAL:3 BOARD:4 SEE:13 ALL:12 NOW:2 TOP:2 THE:35 SQUARE:1 HOLD:1 HINDI:1 ITO:1 MARITES:1 VIEW:1 ORDER:1 GOOD:1 METRO:1 MANILA:3 PERSONAL:1 FIRST:2 LOOK:1 HOME:1 SARA:3 ATIN:1 ANG:1 BREAK:1 DAKILA:1 FOR:7 KALIKASAN:1 LEGAL:2 YOU:4 KNOW:2 PITIK:1 BULAG:1 SCHOOL:1 SUPPORT:4 SEARCH:1 SENIOR:1 BUT:2 WAS:2 THERE:2 ARE:3 DAYS:2 COMFORT:1 GET:2 SEXUAL:1 MOVE:2 BEEN:1 LAST:1 MAY:2 NOT:2 CHAT:3 NAME:1 MORE:2 RIGHT:1 WHERE:1 OUT:1 YOUR:1 WHY:1 READ:1
https://www.rappler.com/sports/290-pacquiao-hopeful-his-next-fight-is-against-mayweather/	OPEN:2 CLOSE:5 VIDEO:5 INSIDE:1 AND:39 WORLD:8 SPECIAL:4 BOARD:4 SEE:12 ALL:20 NOW:3 TOP:2 THE:56 SQUARE:1 HOLD:1 HINDI:2 ITO:1 MARITES:1 VIEW:1 ORDER:1 GOOD:2 METRO:1 MANILA:4 PERSONAL:1 FIRST:2 LOOK:1 HOME:6 SARA:3 ATIN:1 ANG:1 BREAK:1 DAKILA:1 FOR:16 KALIKASAN:1 LEGAL:1 YOU:7 KNOW:4 PITIK:1 BULAG:1 SCHOOL:1 SUPPORT:7 SEARCH:1 OVER:4 LAST:4 READ:2 FULL:1 HOTEL:1 ONE:6 COME:2 BLACK:1 POLO:1 RED:1 JUST:1 WHERE:2 YOUNG:2 VERSION:1 SAID:1 ALAM:1 LAHAT:1 MASAYA:2 DOON:1 NOT:6 LANG:1 YUN:1 DAPAT:1 TAYO:1 THANK:2 SUPORTA:1 LAGI:1 NIYO:1 SUPORTAHAN:1 HUWAG:1 SANA:1 AKIN:1 YOUR:2 THERE:2 WHY:2 WAS:3 AKO:1 REAL:1 BIG:1 BOLD:1 TABLE:1 ARE:2 SECOND:1 POPULAR:1 MORE:5 ACCENT:1 BUT:1 FLASH:1 OUT:2 SMILE:1 SLEEP:1 TAKE:1 MUCH:1 CHAT:3 NAME:1 AMONG:1 AWARD:1 ALSO:1 RIGHT:1 GET:1
https://www.rappler.com/sports/260-meet-jinx-macabenta-the-mastermind-of-the-la-galaxy-azkals-game/	THE:20 OPEN:2 CLOSE:3 VIDEO:3 INSIDE:1 AND:17 WORLD:4 SPECIAL:3 BOARD:4 SEE:12 ALL:12 NOW:2 TOP:2 SQUARE:1 HOLD:1 HINDI:1 ITO:1 MARITES:1 VIEW:1 ORDER:1 GOOD:1 METRO:1 MANILA:2 PERSONAL:1 FIRST:1 LOOK:1 HOME:1 SARA:3 ATIN:1 ANG:1 BREAK:1 DAKILA:1 FOR:5 KALIKASAN:1 LEGAL:1 YOU:4 KNOW:2 PITIK:1 BULAG:1 SCHOOL:1 SUPPORT:4 SEARCH:1 OVER:1 ARE:2 INTERVIEW:1 CHAT:3 NAME:1 AMONG:1 AWARD:1 WAS:2 ALSO:1 ONE:1 YOUNG:1 MORE:3 RIGHT:1 WHERE:1 GET:1 OUT:1 YOUR:1 WHY:1 READ:1
https://www.rappler.com/sports/258-la-galaxy-and-david-beckham-arrive-in-manila/	AND:21 MANILA:4 OPEN:2 CLOSE:3 VIDEO:3 INSIDE:1 WORLD:4 SPECIAL:3 BOARD:4 SEE:12 ALL:12 NOW:2 TOP:2 THE:18 SQUARE:1 HOLD:1 HINDI:1 ITO:1 MARITES:1 VIEW:1 ORDER:1 GOOD:1 METRO:1 PERSONAL:1 FIRST:1 LOOK:1 HOME:1 SARA:3 ATIN:1 ANG:1 BREAK:1 DAKILA:1 FOR:6 KALIKASAN:1 LEGAL:1 YOU:4 KNOW:2 PITIK:1 BULAG:1 SCHOOL:1 SUPPORT:4 SEARCH:1 ARE:2 DAY:1 CHAT:3 NAME:1 AMONG:1 AWARD:1 WAS:2 ALSO:1 ONE:1 YOUNG:1 MORE:3 RIGHT:1 WHERE:1 GET:1 OUT:1 YOUR:1 WHY:1 READ:1
https://www.rappler.com/sports/259-pre-match-press-conference-of-la-galaxy-and-azkals/	PRE:3 AND:21 OPEN:2 CLOSE:3 VIDEO:3 INSIDE:1 WORLD:4 SPECIAL:3 BOARD:4 SEE:12 ALL:12 NOW:2 TOP:2 THE:18 SQUARE:1 HOLD:1 HINDI:1 ITO:1 MARITES:1 VIEW:1 ORDER:1 GOOD:1 METRO:1 MANILA:2 PERSONAL:1 FIRST:1 LOOK:1 HOME:1 SARA:3 ATIN:1 ANG:1 BREAK:1 DAKILA:1 FOR:5 KALIKASAN:1 LEGAL:1 YOU:4 KNOW:2 PITIK:1 BULAG:1 SCHOOL:1 SUPPORT:4 SEARCH:1 FULL:1 MUCH:1 EXPRESS:1 COME:1 TRUE:1 CHAT:3 NAME:1 AMONG:1 AWARD:1 WAS:2 ALSO:1 ONE:1 YOUNG:1 MORE:3 RIGHT:1 WHERE:1 GET:1 OUT:1 YOUR:1 WHY:1 ARE:1 READ:1
https://www.rappler.com/sports/288-beckham-to-filipino-fans-thank-you-for-the-welcome/	THANK:3 YOU:7 FOR:22 THE:70 WELCOME:4 OPEN:3 CLOSE:3 VIDEO:3 INSIDE:1 AND:34 WORLD:6 SPECIAL:3 BOARD:4 SEE:12 ALL:13 NOW:2 TOP:3 SQUARE:1 HOLD:1 HINDI:1 ITO:1 MARITES:1 VIEW:1 ORDER:1 GOOD:1 METRO:1 MANILA:5 PERSONAL:1 FIRST:2 LOOK:1 HOME:1 SARA:3 ATIN:1 ANG:1 BREAK:1 DAKILA:1 KALIKASAN:1 LEGAL:1 KNOW:3 PITIK:1 BULAG:1 SCHOOL:1 SUPPORT:4 SEARCH:1 READ:2 FULL:1 COME:2 TRUE:2 BUT:3 MAKATI:1 WHERE:3 ARE:12 END:1 DAY:1 ALSO:4 GREAT:1 JUST:2 PROUD:1 PART:2 DAYS:1 AMONG:2 BEST:1 COACH:2 BALL:1 SECOND:1 STOP:1 OUT:2 MORE:5 WAS:4 EVEN:1 TRIP:1 BANTAY:1 BATA:1 EVENING:1 BRIGHT:1 COMMERCIAL:1 MONEY:1 CHAT:3 NAME:1 AWARD:1 ONE:1 YOUNG:1 RIGHT:1 GET:1 YOUR:1 WHY:1
https://www.rappler.com/sports/289-meet-the-mastermind-of-the-la-galaxy-vs-azkals-dream-cup-game/	THE:108 OPEN:4 CLOSE:3 VIDEO:3 INSIDE:1 AND:41 WORLD:4 SPECIAL:3 BOARD:4 SEE:14 ALL:14 NOW:2 TOP:5 SQUARE:1 HOLD:1 HINDI:1 ITO:1 MARITES:1 VIEW:1 ORDER:1 GOOD:1 METRO:1 MANILA:3 PERSONAL:1 FIRST:3 LOOK:1 HOME:1 SARA:3 ATIN:1 ANG:1 BREAK:1 DAKILA:1 FOR:20 KALIKASAN:1 LEGAL:1 YOU:7 KNOW:5 PITIK:1 BULAG:1 SCHOOL:1 SUPPORT:4 SEARCH:1 BEEN:5 IDEA:5 OVER:2 MORE:8 READ:2 FULL:1 LIKE:3 DAYS:2 SORRY:1 DAY:3 COME:1 TRUE:1 INTERVIEW:1 AWAY:1 ARE:4 MAN:1 OUT:2 WAS:16 HOT:1 SAID:3 LOVE:1 FORWARD:1 NOT:5 CALL:1 NOTE:1 ONE:2 LET:1 EVEN:1 MUCH:3 HOTEL:1 WHERE:2 EVENING:1 BRIGHT:1 BUT:2 RIGHT:2 MOVE:1 THERE:1 WAY:1 ALSO:4 TAKE:1 PER:1 BANTAY:1 BATA:1 TWO:1 BEST:2 OUR:1 OWN:1 JUST:1 SMILE:1 CHAT:3 NAME:1 AMONG:1 AWARD:1 YOUNG:1 GET:1 YOUR:1 WHY:1
https://www.rappler.com/sports/291-la-galaxy-azkals-jersey-exchange/	OPEN:2 CLOSE:3 VIDEO:3 INSIDE:1 AND:18 WORLD:4 SPECIAL:3 BOARD:4 SEE:12 ALL:12 NOW:2 TOP:2 THE:17 SQUARE:1 HOLD:1 HINDI:1 ITO:1 MARITES:1 VIEW:1 ORDER:1 GOOD:1 METRO:1 MANILA:2 PERSONAL:1 FIRST:1 LOOK:1 HOME:1 SARA:3 ATIN:1 ANG:1 BREAK:1 DAKILA:1 FOR:5 KALIKASAN:1 LEGAL:1 YOU:4 KNOW:2 PITIK:1 BULAG:1 SCHOOL:1 SUPPORT:4 SEARCH:1 PRE:1 TAKE:1 CHAT:3 NAME:1 AMONG:1 AWARD:1 WAS:2 ALSO:1 ONE:1 YOUNG:1 MORE:3 RIGHT:1 WHERE:1 GET:1 OUT:1 YOUR:1 WHY:1 ARE:1 READ:1
https://www.rappler.com/moveph/705-tip-sheet/	TIP:3 OPEN:2 CLOSE:3 VIDEO:3 INSIDE:1 AND:16 WORLD:3 SPECIAL:3 BOARD:4 SEE:12 ALL:12 NOW:2 TOP:2 THE:12 SQUARE:1 HOLD:1 HINDI:1 ITO:1 MARITES:1 VIEW:1 ORDER:1 GOOD:1 METRO:1 MANILA:2 PERSONAL:1 FIRST:1 LOOK:1 HOME:1 SARA:3 ATIN:1 ANG:1 BREAK:1 DAKILA:1 FOR:4 KALIKASAN:1 LEGAL:1 YOU:6 KNOW:2 PITIK:1 BULAG:1 SCHOOL:1 SUPPORT:4 SEARCH:1 MAY:1 CHAT:3 NAME:1 MORE:2 RIGHT:1 WHERE:1 GET:1 OUT:1 YOUR:1 WHY:1 ARE:1 READ:1
https://www.rappler.com/philippines/184-rh-bill-takes-center-stage-at-popdev-awards/	OPEN:2 CLOSE:3 VIDEO:3 INSIDE:1 AND:46 WORLD:7 SPECIAL:3 BOARD:4 SEE:13 ALL:14 NOW:3 TOP:2 THE:88 SQUARE:1 HOLD:1 HINDI:1 ITO:1 MARITES:1 VIEW:2 ORDER:1 GOOD:1 METRO:1 MANILA:4 PERSONAL:1 FIRST:1 LOOK:1 HOME:1 SARA:3 ATIN:1 ANG:2 BREAK:2 DAKILA:1 FOR:22 KALIKASAN:1 LEGAL:1 YOU:4 KNOW:2 PITIK:1 BULAG:1 SCHOOL:1 SUPPORT:7 SEARCH:1 OUT:6 EVENING:2 THERE:8 WAS:7 WHERE:6 EDUCATION:2 LEAD:1 READ:3 FULL:2 VOICE:3 ALSO:1 OUR:2 YOUNG:1 ARE:5 MAY:1 NOT:4 PESO:1 MORE:5 HOT:2 TOTAL:1 ANA:2 WHY:2 SIX:1 BUT:2 BEST:10 SAID:3 THINK:1 JUST:3 BASE:1 PICTURE:1 SEXUAL:1 MOVE:1 WHITE:1 BLACK:1 END:1 MOTHER:1 SOON:1 PERFECT:1 MUCH:2 EVEN:1 DEBATE:5 OVER:2 PATIENT:1 MARK:1 ESPIRITU:1 LIRA:1 DALANGIN:1 SHOW:1 MEL:1 BAWAL:1 PASAWAY:1 KAY:1 SAGOT:1 SALOT:1 PULIDO:1 BENTE:1 DOS:1 HIT:1 RULE:1 CHAT:3 NAME:1 RIGHT:1 GET:1 YOUR:1
https://www.rappler.com/sports/255-the-dream-cup-la-galaxy-vs-azkals-in-manila/	THE:21 MANILA:4 OPEN:2 CLOSE:3 VIDEO:3 INSIDE:1 AND:17 WORLD:4 SPECIAL:3 BOARD:4 SEE:12 ALL:12 NOW:2 TOP:2 SQUARE:1 HOLD:1 HINDI:1 ITO:1 MARITES:1 VIEW:1 ORDER:1 GOOD:1 METRO:1 PERSONAL:1 FIRST:1 LOOK:1 HOME:1 SARA:3 ATIN:1 ANG:1 BREAK:1 DAKILA:1 FOR:5 KALIKASAN:1 LEGAL:1 YOU:4 KNOW:2 PITIK:1 BULAG:1 SCHOOL:1 SUPPORT:4 SEARCH:1 MUCH:1 CHAT:3 NAME:1 AMONG:1 AWARD:1 WAS:2 ALSO:1 ONE:1 YOUNG:1 MORE:3 RIGHT:1 WHERE:1 GET:1 OUT:1 YOUR:1 WHY:1 ARE:1 READ:1
https://www.rappler.com/sports/256-david-beckham-on-manny-pacquiao-i-m-a-huge-fan/	OPEN:2 CLOSE:3 VIDEO:3 INSIDE:1 AND:17 WORLD:4 SPECIAL:3 BOARD:4 SEE:12 ALL:12 NOW:2 TOP:2 THE:15 SQUARE:1 HOLD:1 HINDI:1 ITO:1 MARITES:1 VIEW:1 ORDER:1 GOOD:1 METRO:1 MANILA:2 PERSONAL:1 FIRST:1 LOOK:1 HOME:1 SARA:3 ATIN:1 ANG:1 BREAK:1 DAKILA:1 FOR:6 KALIKASAN:1 LEGAL:1 YOU:4 KNOW:2 PITIK:1 BULAG:1 SCHOOL:1 SUPPORT:4 SEARCH:1 CHAT:3 NAME:1 AMONG:1 AWARD:1 WAS:2 ALSO:1 ONE:1 YOUNG:1 MORE:3 RIGHT:1 WHERE:1 GET:1 OUT:1 YOUR:1 WHY:1 ARE:1 READ:1
https://www.rappler.com/sports/257-la-galaxy-vs-azals-post-match-press-conference/	OPEN:2 CLOSE:3 VIDEO:3 INSIDE:1 AND:20 WORLD:4 SPECIAL:3 BOARD:4 SEE:12 ALL:12 NOW:2 TOP:2 THE:16 SQUARE:1 HOLD:1 HINDI:1 ITO:1 MARITES:1 VIEW:1 ORDER:1 GOOD:1 METRO:1 MANILA:2 PERSONAL:1 FIRST:1 LOOK:1 HOME:1 SARA:3 ATIN:1 ANG:1 BREAK:1 DAKILA:1 FOR:5 KALIKASAN:1 LEGAL:1 YOU:4 KNOW:2 PITIK:1 BULAG:1 SCHOOL:1 SUPPORT:4 SEARCH:1 COACH:2 CHAT:3 NAME:1 AMONG:1 AWARD:1 WAS:2 ALSO:1 ONE:1 YOUNG:1 MORE:3 RIGHT:1 WHERE:1 GET:1 OUT:1 YOUR:1 WHY:1 ARE:1 READ:1
https://www.rappler.com/business/208-what-s-the-real-score-in-the-naia-1-project/	THE:20 REAL:2 PROJECT:2 OPEN:2 CLOSE:3 VIDEO:3 INSIDE:1 AND:19 WORLD:4 SPECIAL:3 BOARD:4 SEE:12 ALL:12 NOW:2 TOP:2 SQUARE:1 HOLD:1 HINDI:1 ITO:1 MARITES:1 VIEW:1 ORDER:1 GOOD:1 METRO:1 MANILA:2 PERSONAL:1 FIRST:1 LOOK:1 HOME:1 SARA:3 ATIN:1 ANG:1 BREAK:1 DAKILA:1 FOR:6 KALIKASAN:1 LEGAL:1 YOU:4 KNOW:2 PITIK:1 BULAG:1 SCHOOL:1 SUPPORT:4 SEARCH:1 NEW:2 TERMINAL:3 WAS:3 DEAL:1 BEEN:1 BUT:1 PLAN:2 OUT:3 CHAT:3 NAME:1 MORE:2 RIGHT:1 WHERE:1 GET:1 YOUR:1 WHY:1 ARE:1 READ:1
https://www.rappler.com/philippines/210-hunt-for-missing-officer-in-zambo-on/	FOR:10 OPEN:2 CLOSE:3 VIDEO:3 INSIDE:1 AND:26 WORLD:3 SPECIAL:3 BOARD:4 SEE:12 ALL:12 NOW:2 TOP:2 THE:39 SQUARE:1 HOLD:1 HINDI:1 ITO:1 MARITES:1 VIEW:1 ORDER:1 GOOD:1 METRO:1 MANILA:3 PERSONAL:1 FIRST:1 LOOK:1 HOME:1 SARA:3 ATIN:1 ANG:1 BREAK:1 DAKILA:1 KALIKASAN:1 LEGAL:1 YOU:4 KNOW:2 PITIK:1 BULAG:1 SCHOOL:1 SUPPORT:4 SEARCH:5 SUR:3 DOWN:2 ARE:3 READ:2 FULL:1 MILITARY:4 PENINSULA:1 IPIL:1 WAS:3 NEW:1 BARANGAY:1 WAY:1 LAST:1 AMONG:1 ONE:2 ALSO:1 MOVE:1 BEEN:2 SAID:1 CHAT:3 NAME:1 MORE:2 RIGHT:1 WHERE:1 GET:1 OUT:1 YOUR:1 WHY:1
https://www.rappler.com/culture-desk/212-rh-bill-takes-center-stage-at-popdev-awards/	OPEN:2 CLOSE:3 VIDEO:3 INSIDE:1 AND:43 WORLD:8 SPECIAL:3 BOARD:4 SEE:13 ALL:14 NOW:3 TOP:2 THE:78 SQUARE:1 HOLD:1 HINDI:1 ITO:1 MARITES:1 VIEW:1 ORDER:1 GOOD:1 METRO:1 MANILA:3 PERSONAL:1 FIRST:1 LOOK:2 HOME:1 SARA:3 ATIN:1 ANG:2 BREAK:2 DAKILA:1 FOR:23 KALIKASAN:1 LEGAL:1 YOU:4 KNOW:2 PITIK:1 BULAG:1 SCHOOL:1 SUPPORT:7 SEARCH:1 PATIENT:2 OVER:2 AMONG:1 WHERE:5 READ:3 FULL:3 OUT:5 EVENING:1 THERE:6 WAS:5 VOICE:3 EDUCATION:1 ALSO:1 OUR:1 YOUNG:1 ARE:5 MAY:1 NOT:4 PESO:1 MORE:3 HOT:2 TOTAL:1 ANA:2 WHY:2 SIX:1 BUT:2 BEST:10 SAID:3 THINK:1 JUST:2 BASE:1 PICTURE:1 SEXUAL:1 LIKE:1 MOVE:1 CAN:1 WHITE:1 BLACK:1 END:1 MOTHER:1 SOON:1 PERFECT:1 MUCH:2 EVEN:1 DEBATE:2 MARK:1 ESPIRITU:1 LIRA:1 DALANGIN:1 SHOW:1 MEL:1 BAWAL:1 PASAWAY:1 KAY:1 SAGOT:1 SALOT:1 PULIDO:1 BENTE:1 DOS:1 CHAT:3 NAME:1 RIGHT:1 GET:1 YOUR:1
https://www.rappler.com/sports/254-the-impact-of-the-dream-cup-on-the-philippines/	THE:27 OPEN:2 CLOSE:3 VIDEO:3 INSIDE:1 AND:18 WORLD:4 SPECIAL:3 BOARD:4 SEE:12 ALL:12 NOW:3 TOP:3 SQUARE:1 HOLD:1 HINDI:1 ITO:1 MARITES:1 VIEW:1 ORDER:1 GOOD:1 METRO:1 MANILA:2 PERSONAL:1 FIRST:1 LOOK:1 HOME:1 SARA:3 ATIN:1 ANG:1 BREAK:1 DAKILA:1 FOR:8 KALIKASAN:1 LEGAL:1 YOU:4 KNOW:2 PITIK:1 BULAG:1 SCHOOL:1 SUPPORT:4 SEARCH:1 OVER:1 CHAT:3 NAME:1 AMONG:1 AWARD:1 WAS:2 ALSO:1 ONE:1 YOUNG:1 MORE:3 RIGHT:1 WHERE:1 GET:1 OUT:1 YOUR:1 WHY:1 ARE:1 READ:1
https://www.rappler.com/philippines/209-foggy-morning-in-metro-manila-as-temps-drop/	METRO:9 MANILA:10 OPEN:2 CLOSE:3 VIDEO:3 INSIDE:1 AND:26 WORLD:3 SPECIAL:3 BOARD:4 SEE:12 ALL:12 NOW:2 TOP:2 THE:48 SQUARE:1 HOLD:1 HINDI:1 ITO:1 MARITES:1 VIEW:1 ORDER:1 GOOD:1 PERSONAL:1 FIRST:1 LOOK:1 HOME:1 SARA:3 ATIN:1 ANG:1 BREAK:1 DAKILA:1 FOR:6 KALIKASAN:1 LEGAL:1 YOU:4 KNOW:2 PITIK:1 BULAG:1 SCHOOL:1 SUPPORT:4 SEARCH:1 MOVE:1 DUE:2 OVER:2 WAS:4 AIR:3 READ:2 FULL:1 INTERVIEW:1 SAID:3 WHERE:2 ARE:2 DAYS:1 LIGHT:1 FELT:1 GET:2 ALSO:2 CAN:1 NINA:1 CHAT:3 NAME:1 MORE:2 RIGHT:1 OUT:1 YOUR:1 WHY:1
https://www.rappler.com/business/220-easier-to-do-business-under-arroyo-than-aquino/	OPEN:2 CLOSE:3 VIDEO:3 INSIDE:1 AND:22 WORLD:7 SPECIAL:3 BOARD:4 SEE:12 ALL:14 NOW:2 TOP:4 THE:51 SQUARE:1 HOLD:1 HINDI:1 ITO:1 MARITES:1 VIEW:1 ORDER:1 GOOD:1 METRO:1 MANILA:2 PERSONAL:1 FIRST:3 LOOK:1 HOME:1 SARA:3 ATIN:1 ANG:1 BREAK:1 DAKILA:1 FOR:12 KALIKASAN:1 LEGAL:1 YOU:4 KNOW:2 PITIK:1 BULAG:1 SCHOOL:1 SUPPORT:4 SEARCH:1 TWO:1 MAY:3 DAYS:2 YEAR:6 THERE:2 LIKE:1 READ:2 FULL:1 THIRD:1 REGULATION:2 ONE:1 WAS:5 MORE:6 WHERE:2 LAST:2 DUE:1 KOREA:1 SPEED:1 CHAT:3 NAME:1 RIGHT:1 GET:1 OUT:1 YOUR:1 WHY:1 ARE:1
https://www.rappler.com/business/219-the-man-who-developed-the-soul-of-bonifacio-global-city/	THE:89 MAN:4 OPEN:3 CLOSE:3 VIDEO:3 INSIDE:1 AND:34 WORLD:4 SPECIAL:3 BOARD:4 SEE:12 ALL:13 NOW:3 TOP:3 SQUARE:3 HOLD:1 HINDI:1 ITO:1 MARITES:1 VIEW:1 ORDER:1 GOOD:1 METRO:2 MANILA:4 PERSONAL:1 FIRST:8 LOOK:1 HOME:2 SARA:3 ATIN:1 ANG:1 BREAK:1 DAKILA:1 FOR:11 KALIKASAN:1 LEGAL:1 YOU:6 KNOW:2 PITIK:1 BULAG:1 SCHOOL:1 SUPPORT:4 SEARCH:1 ONE:5 HOT:2 KEY:1 URBAN:1 LIKE:3 REAL:2 NOTABLE:1 READ:2 FULL:1 RISES:1 COMMERCIAL:2 YEAR:2 BOLD:1 WAS:5 ALSO:3 OVER:1 PESO:1 MILITARY:1 BASE:1 PROUD:1 PER:1 WATER:3 MORE:6 BIG:4 RUN:2 MAKATI:2 CAN:1 LIMA:3 AIR:1 DUE:1 PILOT:1 PROJECT:2 BERDE:1 FELT:1 CALL:1 BUT:4 ARE:6 OUT:5 STRING:2 PARIS:1 COME:1 GET:4 JUST:2 LONG:1 COVER:1 ENTIRE:1 NAME:2 NOT:2 FATHER:3 DON:1 AMONG:1 MOVE:1 NEW:1 EVEN:1 THIRD:1 TINA:1 GREAT:1 IDEA:1 CHAT:3 RIGHT:1 WHERE:1 YOUR:1 WHY:1
https://www.rappler.com/philippines/223-search-for-abducted-aussie-continues/	SEARCH:3 FOR:8 OPEN:2 CLOSE:3 VIDEO:3 INSIDE:1 AND:25 WORLD:3 SPECIAL:3 BOARD:4 SEE:12 ALL:12 NOW:2 TOP:2 THE:45 SQUARE:1 HOLD:1 HINDI:1 ITO:1 MARITES:1 VIEW:1 ORDER:1 GOOD:1 METRO:1 MANILA:3 PERSONAL:1 FIRST:1 LOOK:1 HOME:9 SARA:3 ATIN:1 ANG:1 BREAK:1 DAKILA:1 KALIKASAN:1 LEGAL:1 YOU:4 KNOW:2 PITIK:1 BULAG:1 SCHOOL:2 SUPPORT:4 WAS:9 GIRLFRIEND:2 WHERE:3 DUE:1 MILITARY:2 ARE:3 BUT:3 THERE:2 BEEN:2 READ:2 FULL:1 YEAR:2 IPIL:7 MAYOR:2 ALIBUTDAN:1 BARANGAY:1 MOVE:1 SIX:2 EVENING:1 SAID:4 ALSO:3 ONE:2 POLICE:4 CAN:1 SEPTEMBER:1 TWO:1 BOY:1 LAST:1 NOTE:1 CHAT:3 NAME:1 MORE:2 RIGHT:1 GET:1 OUT:1 YOUR:1 WHY:1
https://www.rappler.com/philippines/224-doj-allows-ongpin-aide-to-leave-country/	OPEN:2 CLOSE:3 VIDEO:3 INSIDE:1 AND:27 WORLD:3 SPECIAL:3 BOARD:4 SEE:12 ALL:12 NOW:2 TOP:2 THE:73 SQUARE:1 HOLD:1 HINDI:1 ITO:1 MARITES:1 VIEW:1 ORDER:7 GOOD:1 METRO:1 MANILA:3 PERSONAL:2 FIRST:1 LOOK:1 HOME:1 SARA:3 ATIN:1 ANG:1 BREAK:1 DAKILA:1 FOR:13 KALIKASAN:1 LEGAL:1 YOU:4 KNOW:2 PITIK:1 BULAG:1 SCHOOL:1 SUPPORT:4 SEARCH:1 ROMERO:1 MANALO:4 LIST:14 LIMA:12 ABILITY:1 READ:2 FULL:1 BAR:1 BLUE:2 WAS:3 LIGHT:1 STOP:1 TWO:2 SECOND:1 YEAR:1 SAID:5 ALSO:2 TRIBUNAL:1 ROSARIO:1 EFFECT:1 MILITARY:2 BEEN:1 NEW:1 SEPTEMBER:1 DAYS:1 CAN:1 PAG:1 MAY:1 IPA:1 KASO:1 CHAT:3 NAME:1 MORE:2 RIGHT:1 WHERE:1 GET:1 OUT:1 YOUR:1 WHY:1 ARE:1
https://www.rappler.com/philippines/307-un-cites-weak-institutions-in-ph-s-development-gaps/	OPEN:2 CLOSE:3 VIDEO:3 INSIDE:1 AND:36 WORLD:4 SPECIAL:3 BOARD:5 SEE:12 ALL:13 NOW:2 TOP:2 THE:48 SQUARE:1 HOLD:1 HINDI:1 ITO:1 MARITES:1 VIEW:1 ORDER:1 GOOD:2 METRO:1 MANILA:4 PERSONAL:1 FIRST:1 LOOK:1 HOME:1 SARA:3 ATIN:1 ANG:1 BREAK:1 DAKILA:1 FOR:11 KALIKASAN:1 LEGAL:1 YOU:4 KNOW:2 PITIK:1 BULAG:1 SCHOOL:2 SUPPORT:5 SEARCH:1 ARE:4 PLAN:4 ADDRESS:2 LIKE:2 RULE:2 NEW:3 READ:2 FULL:1 SAID:4 BEEN:3 SEVEN:1 YEAR:3 WAS:2 THIRD:1 HIT:2 ABILITY:1 EDUCATION:2 DEBATE:1 SIX:1 NOT:2 OUT:2 GRADE:1 THERE:2 SHOW:2 CAN:1 ABLE:1 URBAN:1 CHAT:3 NAME:1 MORE:2 RIGHT:1 WHERE:1 GET:1 YOUR:1 WHY:1
https://www.rappler.com/newsbreak/326-what-s-fueling-pnoy-s-stand-vs-sc-arroyo/	STAND:2 OPEN:2 CLOSE:3 VIDEO:3 INSIDE:1 AND:51 WORLD:3 SPECIAL:3 BOARD:4 SEE:12 ALL:12 NOW:2 TOP:3 THE:74 SQUARE:1 HOLD:1 HINDI:1 ITO:1 MARITES:1 VIEW:1 ORDER:2 GOOD:2 METRO:1 MANILA:3 PERSONAL:1 FIRST:2 LOOK:1 HOME:1 SARA:3 ATIN:1 ANG:2 BREAK:1 DAKILA:1 FOR:12 KALIKASAN:1 LEGAL:1 YOU:4 KNOW:2 PITIK:1 BULAG:1 SCHOOL:1 SUPPORT:8 SEARCH:1 ARE:35 ADDRESS:6 BUT:3 READ:2 FULL:1 KUNG:1 MAHIRAP:1 SHOW:1 LEAD:1 DEAL:1 SECOND:1 THIRD:1 FOURTH:1 THERE:4 RATING:3 TOTAL:1 CAN:2 RIGHT:3 MAY:1 NOT:2 TAKING:1 MAGULO:1 RIN:1 BANSA:1 ALSO:3 ONE:1 OUT:2 MORE:7 AMONG:2 ABLE:1 SIX:1 YEAR:1 BEEN:1 LIST:1 DOWN:1 SUPPLY:1 EDUCATION:1 PUT:1 JAIL:1 HACIENDA:1 BIG:1 BOLD:1 CHAT:3 NAME:1 WHERE:1 GET:1 YOUR:1 WHY:1
https://www.rappler.com/philippines/236-missing-soldier-back-to-his-unit/	OPEN:2 CLOSE:3 VIDEO:3 INSIDE:1 AND:22 WORLD:3 SPECIAL:3 BOARD:5 SEE:12 ALL:12 NOW:2 TOP:2 THE:21 SQUARE:1 HOLD:1 HINDI:1 ITO:1 MARITES:1 VIEW:1 ORDER:1 GOOD:1 METRO:1 MANILA:3 PERSONAL:1 FIRST:1 LOOK:1 HOME:1 SARA:3 ATIN:1 ANG:1 BREAK:1 DAKILA:1 FOR:4 KALIKASAN:1 LEGAL:1 YOU:4 KNOW:2 PITIK:1 BULAG:1 SCHOOL:1 SUPPORT:4 SEARCH:1 WAS:8 BEEN:2 IPIL:2 NEW:1 WHERE:2 WAY:1 SUR:1 DOWN:1 ABLE:2 ALSO:1 NOT:1 SAID:1 MILITARY:1 EVENING:1 BARANGAY:1 MOVE:1 CHAT:3 NAME:1 MORE:2 RIGHT:1 GET:1 OUT:1 YOUR:1 WHY:1 ARE:1 READ:1
https://www.rappler.com/philippines/237-empower-people-with-disabilities/	OPEN:2 CLOSE:3 VIDEO:3 INSIDE:1 AND:49 WORLD:18 SPECIAL:3 BOARD:4 SEE:12 ALL:16 NOW:2 TOP:2 THE:58 SQUARE:1 HOLD:1 HINDI:1 ITO:1 MARITES:1 VIEW:1 ORDER:1 GOOD:1 METRO:1 MANILA:4 PERSONAL:2 FIRST:3 LOOK:1 HOME:1 SARA:3 ATIN:1 ANG:1 BREAK:2 DAKILA:1 FOR:10 KALIKASAN:1 LEGAL:1 YOU:4 KNOW:2 PITIK:1 BULAG:1 SCHOOL:1 SUPPORT:9 SEARCH:1 ARE:6 EDUCATION:8 CAN:2 READ:2 FULL:1 MORE:4 ONE:1 OVER:1 LONG:1 TRANSPORT:1 SAID:6 SHOW:1 MUCH:1 MUST:1 DOWN:1 DUE:1 AMONG:1 ALSO:2 MENTAL:1 WAS:1 NEW:1 LAST:1 NOT:2 MOTOR:1 BEEN:1 LET:1 MORAL:1 GET:2 PLAN:1 MOVE:1 CHAT:3 NAME:1 RIGHT:1 WHERE:1 OUT:1 YOUR:1 WHY:1
https://www.rappler.com/business/240-ongpin-appears-at-senate-hearing-to-defend-self-on-behest-loan-issue/	OPEN:2 CLOSE:3 VIDEO:3 INSIDE:1 AND:19 WORLD:3 SPECIAL:3 BOARD:4 SEE:12 ALL:12 NOW:2 TOP:2 THE:23 SQUARE:1 HOLD:1 HINDI:1 ITO:1 MARITES:1 VIEW:1 ORDER:1 GOOD:1 METRO:1 MANILA:4 PERSONAL:1 FIRST:3 LOOK:1 HOME:1 SARA:3 ATIN:1 ANG:1 BREAK:1 DAKILA:1 FOR:5 KALIKASAN:1 LEGAL:1 YOU:4 KNOW:2 PITIK:1 BULAG:1 SCHOOL:1 SUPPORT:4 SEARCH:1 LALA:1 STATE:2 ONE:2 ARE:2 BLUE:1 WAS:2 TWO:1 DAY:1 PANGILINAN:1 NOT:1 CHAT:3 NAME:1 MORE:2 RIGHT:1 WHERE:1 GET:1 OUT:1 YOUR:1 WHY:1 READ:1
https://www.rappler.com/business/251-anatomy-of-a-behest-loan/	OPEN:2 CLOSE:3 VIDEO:3 INSIDE:1 AND:33 WORLD:3 SPECIAL:3 BOARD:5 SEE:12 ALL:16 NOW:2 TOP:2 THE:93 SQUARE:1 HOLD:1 HINDI:1 ITO:1 MARITES:1 VIEW:1 ORDER:2 GOOD:1 METRO:1 MANILA:5 PERSONAL:1 FIRST:5 LOOK:1 HOME:1 SARA:3 ATIN:1 ANG:1 BREAK:1 DAKILA:1 FOR:14 KALIKASAN:1 LEGAL:1 YOU:4 KNOW:2 PITIK:1 BULAG:1 SCHOOL:1 SUPPORT:4 SEARCH:1 LALA:1 STATE:4 WAS:22 READ:2 FULL:3 BLUE:6 EIGHT:2 ARE:7 OWN:1 PROJECT:1 NOT:13 SPEED:1 TWO:4 COMMON:1 AMONG:1 ENTIRE:1 OVER:1 DAY:3 ONE:1 TAKE:1 EVEN:1 PANGILINAN:3 SAW:1 PER:1 COVER:5 ALSO:6 ROSARIO:3 SAID:10 PUT:2 THERE:1 SECOND:2 WHY:4 BUT:4 NEW:1 WAY:1 MAY:1 NORMAL:1 COURSE:1 LIKE:1 BAG:1 INTERVIEW:1 OIL:1 REGULATION:1 YEAR:1 DEAL:1 MOVE:1 CHAT:3 NAME:1 MORE:2 RIGHT:1 WHERE:1 GET:1 OUT:1 YOUR:1
https://www.rappler.com/business/252-ongpin-skips-senate-hearing-on-behest-dbp-loan/	OPEN:2 CLOSE:3 VIDEO:3 INSIDE:1 AND:18 WORLD:3 SPECIAL:3 BOARD:4 SEE:12 ALL:12 NOW:2 TOP:2 THE:31 SQUARE:1 HOLD:1 HINDI:1 ITO:1 MARITES:1 VIEW:1 ORDER:1 GOOD:1 METRO:1 MANILA:4 PERSONAL:1 FIRST:1 LOOK:1 HOME:1 SARA:3 ATIN:1 ANG:1 BREAK:1 DAKILA:1 FOR:5 KALIKASAN:1 LEGAL:1 YOU:4 KNOW:2 PITIK:1 BULAG:1 SCHOOL:1 SUPPORT:4 SEARCH:1 LALA:1 NOT:3 STATE:2 BLUE:2 OUT:2 SAID:2 CHAIR:1 READ:3 WAS:3 PART:1 OVER:1 CHAT:3 NAME:1 MORE:2 RIGHT:1 WHERE:1 GET:1 YOUR:1 WHY:1 ARE:1
https://www.rappler.com/philippines/295-why-foreign-investors-find-investing-in-ppps-difficult/	WHY:3 OPEN:2 CLOSE:3 VIDEO:3 INSIDE:1 AND:16 WORLD:3 SPECIAL:3 BOARD:4 SEE:12 ALL:12 NOW:2 TOP:2 THE:14 SQUARE:1 HOLD:1 HINDI:1 ITO:1 MARITES:1 VIEW:1 ORDER:1 GOOD:1 METRO:1 MANILA:4 PERSONAL:1 FIRST:1 LOOK:1 HOME:1 SARA:3 ATIN:1 ANG:1 BREAK:1 DAKILA:1 FOR:4 KALIKASAN:1 LEGAL:2 YOU:4 KNOW:2 PITIK:1 BULAG:1 SCHOOL:1 SUPPORT:4 SEARCH:1 EXPERT:1 MOVE:1 CHAT:3 NAME:1 MORE:2 RIGHT:1 WHERE:1 GET:1 OUT:1 YOUR:1 ARE:1 READ:1
https://www.rappler.com/business/296-mounting-frustration-with-ppps/	OPEN:2 CLOSE:3 VIDEO:3 INSIDE:1 AND:16 WORLD:3 SPECIAL:3 BOARD:4 SEE:12 ALL:12 NOW:3 TOP:2 THE:19 SQUARE:1 HOLD:1 HINDI:1 ITO:1 MARITES:1 VIEW:1 ORDER:1 GOOD:1 METRO:1 MANILA:4 PERSONAL:1 FIRST:1 LOOK:1 HOME:1 SARA:3 ATIN:1 ANG:1 BREAK:1 DAKILA:1 FOR:4 KALIKASAN:1 LEGAL:1 YOU:4 KNOW:2 PITIK:1 BULAG:1 SCHOOL:1 SUPPORT:4 SEARCH:1 NOT:1 LATE:1 LAST:1 YEAR:1 THERE:2 WAS:1 AMONG:1 MOVE:1 CHAT:3 NAME:1 MORE:2 RIGHT:1 WHERE:1 GET:1 OUT:1 YOUR:1 WHY:1 ARE:1 READ:1
https://www.rappler.com/business/297-no-hot-seat-for-ongpin-at-senate/	HOT:2 FOR:6 OPEN:2 CLOSE:3 VIDEO:3 INSIDE:1 AND:16 WORLD:3 SPECIAL:3 BOARD:4 SEE:12 ALL:12 NOW:2 TOP:2 THE:14 SQUARE:1 HOLD:1 HINDI:1 ITO:1 MARITES:1 VIEW:1 ORDER:1 GOOD:1 METRO:1 MANILA:4 PERSONAL:1 FIRST:1 LOOK:1 HOME:1 SARA:3 ATIN:1 ANG:1 BREAK:1 DAKILA:1 KALIKASAN:1 LEGAL:1 YOU:4 KNOW:2 PITIK:1 BULAG:1 SCHOOL:1 SUPPORT:4 SEARCH:1 LALA:1 WAS:3 AMONG:1 CHAT:3 NAME:1 MORE:2 RIGHT:1 WHERE:1 GET:1 OUT:1 YOUR:1 WHY:1 ARE:1 READ:1
https://www.rappler.com/business/298-balay-samar-factions-have-role-in-ongpin-deals-probe-says-osmena/	OPEN:2 CLOSE:3 VIDEO:3 INSIDE:1 AND:16 WORLD:3 SPECIAL:3 BOARD:4 SEE:12 ALL:12 NOW:2 TOP:2 THE:18 SQUARE:1 HOLD:1 HINDI:1 ITO:1 MARITES:1 VIEW:1 ORDER:1 GOOD:1 METRO:1 MANILA:4 PERSONAL:1 FIRST:1 LOOK:1 HOME:1 SARA:3 ATIN:1 ANG:1 BREAK:1 DAKILA:1 FOR:4 KALIKASAN:1 LEGAL:1 YOU:4 KNOW:2 PITIK:1 BULAG:1 SCHOOL:1 SUPPORT:4 SEARCH:1 LALA:1 ARE:3 STATE:2 MOVE:1 CLIP:1 CHAT:3 NAME:1 MORE:2 RIGHT:1 WHERE:1 GET:1 OUT:1 YOUR:1 WHY:1 READ:1
https://www.rappler.com/business/299-tax-cigarettes-amp-booze-to-fund-better-health-care/	OPEN:2 CLOSE:3 VIDEO:3 INSIDE:1 AND:37 WORLD:6 SPECIAL:3 BOARD:4 SEE:12 ALL:12 NOW:2 TOP:2 THE:46 SQUARE:1 HOLD:1 HINDI:1 ITO:1 MARITES:1 VIEW:1 ORDER:1 GOOD:1 METRO:1 MANILA:3 PERSONAL:1 FIRST:1 LOOK:1 HOME:1 SARA:3 ATIN:1 ANG:1 BREAK:1 DAKILA:1 FOR:9 KALIKASAN:1 LEGAL:1 YOU:6 KNOW:2 PITIK:1 BULAG:1 SCHOOL:2 SUPPORT:6 SEARCH:1 ARE:5 WAY:2 THERE:1 MAY:1 READ:2 FULL:1 PUT:1 HOTEL:1 OUR:2 MORE:5 YEAR:1 SAID:5 BEEN:1 BUT:2 FRESH:1 NOT:2 MONEY:2 GIVE:1 ONE:1 COMMON:1 LIKE:2 GET:2 NEW:1 STOP:1 TAKE:1 CAN:1 DOWN:1 CHAT:3 NAME:1 RIGHT:1 WHERE:1 OUT:1 YOUR:1 WHY:1
https://www.rappler.com/business/321-what-globe-subscribers-will-get-from-790-million-improvement/	GET:3 OPEN:2 CLOSE:3 VIDEO:3 INSIDE:1 AND:16 WORLD:3 SPECIAL:3 BOARD:4 SEE:12 ALL:12 NOW:2 TOP:2 THE:13 SQUARE:1 HOLD:1 HINDI:1 ITO:1 MARITES:1 VIEW:1 ORDER:1 GOOD:1 METRO:1 MANILA:2 PERSONAL:1 FIRST:1 LOOK:1 HOME:1 SARA:3 ATIN:1 ANG:1 BREAK:1 DAKILA:1 FOR:5 KALIKASAN:1 LEGAL:1 YOU:4 KNOW:2 PITIK:1 BULAG:1 SCHOOL:1 SUPPORT:4 SEARCH:1 OVER:1 MOVE:1 CHAT:3 NAME:1 MORE:2 RIGHT:1 WHERE:1 OUT:1 YOUR:1 WHY:1 ARE:1 READ:1
https://www.rappler.com/voices/thought-leaders/323-who-will-blink-first-pnoy-or-corona/	FIRST:4 CORONA:10 OPEN:2 CLOSE:3 VIDEO:3 INSIDE:1 AND:40 WORLD:3 SPECIAL:4 BOARD:4 SEE:12 ALL:17 NOW:3 TOP:2 THE:149 SQUARE:1 HOLD:2 HINDI:1 ITO:1 MARITES:1 VIEW:2 ORDER:2 GOOD:1 METRO:1 MANILA:2 PERSONAL:1 LOOK:1 HOME:1 SARA:3 ATIN:1 ANG:1 BREAK:2 DAKILA:1 FOR:17 KALIKASAN:1 LEGAL:8 YOU:6 KNOW:2 PITIK:1 BULAG:1 SCHOOL:1 SUPPORT:6 SEARCH:1 JUST:7 SHOW:2 ALSO:4 THERE:1 DIVIDE:1 AMONG:2 READ:2 FULL:1 TWO:6 ONE:10 MAKATI:1 NOT:8 BEEN:3 OUT:5 BASE:1 LAST:5 PER:1 GETS:1 WAY:2 BUT:7 EVEN:2 ARE:4 TAKING:1 BEST:2 WAS:6 ATENEO:1 AWAY:1 RIGHT:2 CAN:5 KEY:1 NOTE:1 BAHAY:1 PANGARAP:1 OVER:2 TRIBUNAL:2 ENTIRE:1 SAID:1 DAY:2 TOTAL:1 DAYS:1 WHY:2 RUSH:1 REAL:1 MORAL:1 MUST:1 NEUTRAL:1 YEAR:2 GET:2 SECOND:1 SEASON:1 MAY:6 RULE:1 ADDRESS:1 SUSAN:1 DEAL:1 PRESBITERO:1 STOP:1 WAYS:1 WHERE:3 LIBERAL:1 TRY:1 CALL:1 DEBATE:2 COMMON:1 CHAT:3 NAME:1 MORE:3 YOUR:1
https://www.rappler.com/philippines/572-butch-abad-on-freedom/	ABAD:3 OPEN:2 CLOSE:3 VIDEO:3 INSIDE:1 AND:19 WORLD:4 SPECIAL:3 BOARD:4 SEE:12 ALL:12 NOW:2 TOP:2 THE:22 SQUARE:1 HOLD:1 HINDI:1 ITO:1 MARITES:1 VIEW:1 ORDER:2 GOOD:1 METRO:1 MANILA:2 PERSONAL:1 FIRST:1 LOOK:1 HOME:1 SARA:4 ATIN:1 ANG:1 BREAK:1 DAKILA:1 FOR:8 KALIKASAN:1 LEGAL:1 YOU:4 KNOW:2 PITIK:1 BULAG:1 SCHOOL:1 SUPPORT:4 SEARCH:1 MOVE:1 LIBERAL:2 YEAR:2 LONG:1 BEEN:1 JUST:1 SEVEN:1 CHAT:13 BEST:1 DOUBLE:1 MURDER:1 LIST:1 DAY:1 MORE:4 CAN:1 YOUR:2 DAYS:1 STOP:1 OUT:2 RIGHT:1 WHERE:1 GET:1 WHY:1 ARE:1 READ:1
https://www.rappler.com/business/302-how-will-globe-fund-their-790-m-modernization-plan/	PLAN:2 OPEN:2 CLOSE:3 VIDEO:3 INSIDE:1 AND:20 WORLD:3 SPECIAL:3 BOARD:4 SEE:12 ALL:12 NOW:3 TOP:3 THE:18 SQUARE:1 HOLD:1 HINDI:1 ITO:1 MARITES:1 VIEW:1 ORDER:1 GOOD:1 METRO:1 MANILA:2 PERSONAL:1 FIRST:1 LOOK:1 HOME:1 SARA:3 ATIN:1 ANG:1 BREAK:1 DAKILA:1 FOR:4 KALIKASAN:1 LEGAL:1 YOU:4 KNOW:2 PITIK:1 BULAG:1 SCHOOL:1 SUPPORT:4 SEARCH:1 TWO:2 CLIP:1 SECOND:1 DEAL:1 THIRD:1 CHAT:3 NAME:1 MORE:2 RIGHT:1 WHERE:1 GET:1 OUT:1 YOUR:1 WHY:1 ARE:1 READ:1
https://www.rappler.com/business/303-hospitals-abroad-eye-pangilinan-led-mpic/	PANGILINAN:2 OPEN:2 CLOSE:3 VIDEO:4 INSIDE:1 AND:16 WORLD:3 SPECIAL:3 BOARD:4 SEE:12 ALL:12 NOW:4 TOP:2 THE:16 SQUARE:1 HOLD:1 HINDI:1 ITO:1 MARITES:1 VIEW:1 ORDER:1 GOOD:1 METRO:4 MANILA:2 PERSONAL:1 FIRST:1 LOOK:1 HOME:1 SARA:3 ATIN:1 ANG:1 BREAK:1 DAKILA:1 FOR:4 KALIKASAN:1 LEGAL:1 YOU:4 KNOW:2 PITIK:1 BULAG:1 SCHOOL:1 SUPPORT:4 SEARCH:1 HOSPITAL:2 CLIP:1 WAS:1 CHAT:3 NAME:1 MORE:2 RIGHT:1 WHERE:1 GET:1 OUT:1 YOUR:1 WHY:1 ARE:1 READ:1
https://www.rappler.com/business/304-mpic-unit-expects-final-sctex-deal-this-nov-2011/	DEAL:4 OPEN:2 CLOSE:3 VIDEO:3 INSIDE:1 AND:16 WORLD:3 SPECIAL:3 BOARD:4 SEE:12 ALL:12 NOW:2 TOP:2 THE:13 SQUARE:1 HOLD:1 HINDI:1 ITO:1 MARITES:1 VIEW:1 ORDER:1 GOOD:1 METRO:3 MANILA:2 PERSONAL:1 FIRST:1 LOOK:1 HOME:1 SARA:3 ATIN:1 ANG:1 BREAK:1 DAKILA:1 FOR:4 KALIKASAN:1 LEGAL:1 YOU:4 KNOW:2 PITIK:1 BULAG:1 SCHOOL:1 SUPPORT:4 SEARCH:1 SAID:2 LONG:2 CHAT:3 NAME:1 MORE:2 RIGHT:1 WHERE:1 GET:1 OUT:1 YOUR:1 WHY:1 ARE:1 READ:1
https://www.rappler.com/business/305-are-you-a-globe-subscriber-globe-to-spend-790-m-for-you/	ARE:3 YOU:8 FOR:7 OPEN:2 CLOSE:3 VIDEO:3 INSIDE:1 AND:16 WORLD:3 SPECIAL:3 BOARD:4 SEE:12 ALL:12 NOW:2 TOP:2 THE:13 SQUARE:1 HOLD:1 HINDI:1 ITO:1 MARITES:1 VIEW:1 ORDER:1 GOOD:1 METRO:1 MANILA:3 PERSONAL:1 FIRST:1 LOOK:1 HOME:1 SARA:3 ATIN:1 ANG:1 BREAK:1 DAKILA:1 KALIKASAN:1 LEGAL:1 KNOW:2 PITIK:1 BULAG:1 SCHOOL:1 SUPPORT:4 SEARCH:1 OVER:2 MOVE:1 CHAT:3 NAME:1 MORE:2 RIGHT:1 WHERE:1 GET:1 OUT:1 YOUR:1 WHY:1 READ:1
https://www.rappler.com/business/308-tv5-expands-abroad-mulling-media-assets/	OPEN:2 CLOSE:3 VIDEO:4 INSIDE:1 AND:20 WORLD:3 SPECIAL:3 BOARD:4 SEE:12 ALL:12 NOW:2 TOP:2 THE:15 SQUARE:1 HOLD:1 HINDI:1 ITO:1 MARITES:1 VIEW:2 ORDER:1 GOOD:1 METRO:1 MANILA:3 PERSONAL:1 FIRST:1 LOOK:1 HOME:1 SARA:3 ATIN:1 ANG:1 BREAK:1 DAKILA:1 FOR:4 KALIKASAN:1 LEGAL:1 YOU:4 KNOW:2 PITIK:1 BULAG:1 SCHOOL:1 SUPPORT:4 SEARCH:1 LALA:1 PANGILINAN:2 WHERE:3 CHAIR:2 ALSO:3 STATE:2 MOVE:2 LONG:1 THIRD:1 CHAT:3 NAME:1 MORE:2 RIGHT:1 GET:1 OUT:1 YOUR:1 WHY:1 ARE:1 READ:1
https://www.rappler.com/business/309-how-interested-is-mvp-in-airline-business/	OPEN:2 CLOSE:3 VIDEO:4 INSIDE:1 AND:16 WORLD:3 SPECIAL:3 BOARD:4 SEE:12 ALL:12 NOW:2 TOP:2 THE:15 SQUARE:1 HOLD:1 HINDI:1 ITO:1 MARITES:1 VIEW:1 ORDER:1 GOOD:1 METRO:1 MANILA:3 PERSONAL:1 FIRST:1 LOOK:1 HOME:1 SARA:3 ATIN:1 ANG:1 BREAK:1 DAKILA:1 FOR:4 KALIKASAN:1 LEGAL:1 YOU:4 KNOW:2 PITIK:1 BULAG:1 SCHOOL:1 SUPPORT:4 SEARCH:1 LALA:1 PANGILINAN:2 ONE:2 CLIP:1 WAS:1 THIRD:1 LONG:1 WHERE:2 CHAT:3 NAME:1 MORE:2 RIGHT:1 GET:1 OUT:1 YOUR:1 WHY:1 ARE:1 READ:1
https://www.rappler.com/philippines/311-vietnamese-president-meets-ramon-ang-smc-execs/	ANG:5 OPEN:2 CLOSE:3 VIDEO:3 INSIDE:1 AND:24 WORLD:3 SPECIAL:3 BOARD:4 SEE:13 ALL:12 NOW:2 TOP:4 THE:22 SQUARE:1 HOLD:1 HINDI:1 ITO:1 MARITES:1 VIEW:1 ORDER:1 GOOD:1 METRO:1 MANILA:4 PERSONAL:1 FIRST:2 LOOK:1 HOME:1 SARA:3 ATIN:1 BREAK:1 DAKILA:1 FOR:4 KALIKASAN:1 LEGAL:1 YOU:4 KNOW:2 PITIK:1 BULAG:1 SCHOOL:1 SUPPORT:4 SEARCH:1 SAN:4 SANG:2 WAS:2 DAY:1 TWO:1 SAID:1 AMONG:1 CHAT:3 NAME:1 MORE:2 RIGHT:1 WHERE:1 GET:1 OUT:1 YOUR:1 WHY:1 ARE:1 READ:1
https://www.rappler.com/business/312-world-bank-s-zoellick-speaks-on-rising-global-food-prices/	WORLD:8 OPEN:2 CLOSE:3 VIDEO:3 INSIDE:1 AND:17 SPECIAL:3 BOARD:4 SEE:12 ALL:13 NOW:2 TOP:2 THE:20 SQUARE:1 HOLD:1 HINDI:1 ITO:1 MARITES:1 VIEW:1 ORDER:1 GOOD:1 METRO:1 MANILA:4 PERSONAL:1 FIRST:1 LOOK:1 HOME:1 SARA:3 ATIN:1 ANG:1 BREAK:1 DAKILA:1 FOR:5 KALIKASAN:1 LEGAL:1 YOU:4 KNOW:2 PITIK:1 BULAG:1 SCHOOL:1 SUPPORT:4 SEARCH:1 DOWN:2 SECOND:1 DAY:1 WAS:1 NOT:1 WHERE:2 CHAT:3 NAME:1 MORE:2 RIGHT:1 GET:1 OUT:1 YOUR:1 WHY:1 ARE:1 READ:1
https://www.rappler.com/business/313-world-bank-optimistic-about-ppp-despite-delays/	WORLD:8 OPEN:2 CLOSE:3 VIDEO:3 INSIDE:1 AND:17 SPECIAL:3 BOARD:4 SEE:12 ALL:12 NOW:2 TOP:2 THE:20 SQUARE:1 HOLD:1 HINDI:1 ITO:1 MARITES:1 VIEW:1 ORDER:1 GOOD:1 METRO:1 MANILA:4 PERSONAL:1 FIRST:1 LOOK:1 HOME:1 SARA:3 ATIN:1 ANG:1 BREAK:1 DAKILA:1 FOR:5 KALIKASAN:1 LEGAL:1 YOU:4 KNOW:2 PITIK:1 BULAG:1 SCHOOL:1 SUPPORT:4 SEARCH:1 NOT:1 SAID:1 CHAT:3 NAME:1 MORE:2 RIGHT:1 WHERE:1 GET:1 OUT:1 YOUR:1 WHY:1 ARE:1 READ:1
https://www.rappler.com/business/314-ntc-sets-conditions-to-pldt-digitel-deal/	DEAL:3 OPEN:2 CLOSE:3 VIDEO:3 INSIDE:1 AND:18 WORLD:3 SPECIAL:3 BOARD:4 SEE:12 ALL:12 NOW:2 TOP:2 THE:19 SQUARE:1 HOLD:1 HINDI:1 ITO:1 MARITES:1 VIEW:1 ORDER:1 GOOD:1 METRO:1 MANILA:3 PERSONAL:1 FIRST:1 LOOK:1 HOME:1 SARA:3 ATIN:1 ANG:1 BREAK:1 DAKILA:1 FOR:4 KALIKASAN:1 LEGAL:1 YOU:4 KNOW:2 PITIK:1 BULAG:1 SCHOOL:1 SUPPORT:4 SEARCH:1 BUT:2 CHAT:3 NAME:1 MORE:2 RIGHT:1 WHERE:1 GET:1 OUT:1 YOUR:1 WHY:1 ARE:1 READ:1
https://www.rappler.com/business/315-ntc-says-pldt-digitel-to-reduce-3g-frequencies/	OPEN:2 CLOSE:3 VIDEO:3 INSIDE:1 AND:16 WORLD:3 SPECIAL:3 BOARD:4 SEE:12 ALL:12 NOW:2 TOP:2 THE:15 SQUARE:1 HOLD:1 HINDI:1 ITO:1 MARITES:1 VIEW:1 ORDER:1 GOOD:1 METRO:1 MANILA:3 PERSONAL:1 FIRST:1 LOOK:1 HOME:1 SARA:3 ATIN:1 ANG:1 BREAK:1 DAKILA:1 FOR:4 KALIKASAN:1 LEGAL:1 YOU:4 KNOW:2 PITIK:1 BULAG:1 SCHOOL:1 SUPPORT:4 SEARCH:1 SAID:2 DEAL:3 WAS:2 LET:1 CHAT:3 NAME:1 MORE:2 RIGHT:1 WHERE:1 GET:1 OUT:1 YOUR:1 WHY:1 ARE:1 READ:1
https://www.rappler.com/philippines/322-for-breaking-barriers-11-women-from-mindanao-honored-today/	FOR:20 OPEN:2 CLOSE:3 VIDEO:3 INSIDE:1 AND:32 WORLD:3 SPECIAL:3 BOARD:4 SEE:12 ALL:12 NOW:2 TOP:2 THE:53 SQUARE:1 HOLD:1 HINDI:1 ITO:1 MARITES:1 VIEW:1 ORDER:1 GOOD:1 METRO:1 MANILA:3 PERSONAL:1 FIRST:2 LOOK:1 HOME:1 SARA:3 ATIN:1 ANG:1 BREAK:1 DAKILA:1 KALIKASAN:1 LEGAL:1 YOU:4 KNOW:2 PITIK:1 BULAG:1 SCHOOL:1 SUPPORT:5 SEARCH:1 ADDRESS:1 READ:2 FULL:1 NEW:2 CHAIR:1 SAID:1 BUT:1 MUCH:1 WAS:1 ONE:1 NOT:1 AMONG:1 ARE:2 OBO:1 DELA:1 MORE:3 ALANG:1 TEKNOLOHIYA:1 NGA:1 MILITARY:1 JAIL:1 HALAL:1 TWO:1 DAY:1 PARK:1 SHORT:1 HOTEL:1 ALSO:1 CHAT:3 NAME:1 RIGHT:1 WHERE:1 GET:1 OUT:1 YOUR:1 WHY:1
https://www.rappler.com/moveph/330-what-collaboration-is-all-about/	ALL:14 OPEN:2 CLOSE:3 VIDEO:4 INSIDE:1 AND:27 WORLD:4 SPECIAL:3 BOARD:4 SEE:12 NOW:2 TOP:2 THE:16 SQUARE:1 HOLD:1 HINDI:1 ITO:1 MARITES:1 VIEW:1 ORDER:1 GOOD:1 METRO:1 MANILA:2 PERSONAL:1 FIRST:1 LOOK:1 HOME:1 SARA:3 ATIN:1 ANG:1 BREAK:1 DAKILA:1 FOR:4 KALIKASAN:1 LEGAL:1 YOU:4 KNOW:2 PITIK:1 BULAG:1 SCHOOL:1 SUPPORT:4 SEARCH:1 CAN:1 TWO:2 ONE:1 SOLO:1 ARE:3 MOVE:2 MAY:2 LEAD:1 PART:1 FORWARD:1 FELT:1 OUR:2 CHAT:3 NAME:1 MORE:2 RIGHT:1 WHERE:1 GET:1 OUT:1 YOUR:1 WHY:1 READ:1
https://www.rappler.com/philippines/356-veterans-arroyo-s-prison-and-a-nation-s-misfortune/	AND:20 OPEN:2 CLOSE:3 VIDEO:3 INSIDE:1 WORLD:3 SPECIAL:3 BOARD:4 SEE:12 ALL:12 NOW:2 TOP:2 THE:15 SQUARE:1 HOLD:1 HINDI:1 ITO:1 MARITES:1 VIEW:1 ORDER:1 GOOD:1 METRO:1 MANILA:2 PERSONAL:1 FIRST:1 LOOK:1 HOME:1 SARA:3 ATIN:1 ANG:1 BREAK:1 DAKILA:1 FOR:4 KALIKASAN:1 LEGAL:1 YOU:4 KNOW:2 PITIK:1 BULAG:1 SCHOOL:1 SUPPORT:4 SEARCH:1 RUN:2 CHAT:3 NAME:1 MORE:2 RIGHT:1 WHERE:1 GET:1 OUT:1 YOUR:1 WHY:1 ARE:1 READ:1
https://www.rappler.com/philippines/454-arroyo-transfer-from-st-luke-s-to-veterans/	OPEN:2 CLOSE:3 VIDEO:3 INSIDE:1 AND:17 WORLD:4 SPECIAL:3 BOARD:4 SEE:12 ALL:12 NOW:2 TOP:2 THE:16 SQUARE:1 HOLD:1 HINDI:1 ITO:1 MARITES:1 VIEW:1 ORDER:1 GOOD:1 METRO:1 MANILA:2 PERSONAL:1 FIRST:1 LOOK:1 HOME:1 SARA:3 ATIN:1 ANG:1 BREAK:1 DAKILA:1 FOR:6 KALIKASAN:1 LEGAL:1 YOU:4 KNOW:2 PITIK:1 BULAG:1 SCHOOL:1 SUPPORT:4 SEARCH:1 HOSPITAL:1 WAS:3 NOT:1 END:1 CHAT:3 NAME:1 AMONG:1 AWARD:1 ALSO:1 ONE:1 YOUNG:1 MORE:3 RIGHT:1 WHERE:1 GET:1 OUT:1 YOUR:1 WHY:1 ARE:1 READ:1
https://www.rappler.com/moveph/357-dancing-traffic-enforcer-moves-and-shakes-to-the-beat/	TRAFFIC:4 AND:20 THE:21 OPEN:2 CLOSE:3 VIDEO:3 INSIDE:1 WORLD:3 SPECIAL:3 BOARD:4 SEE:12 ALL:12 NOW:2 TOP:2 SQUARE:1 HOLD:1 HINDI:1 ITO:1 MARITES:1 VIEW:1 ORDER:1 GOOD:1 METRO:1 MANILA:2 PERSONAL:1 FIRST:1 LOOK:1 HOME:1 SARA:3 ATIN:1 ANG:1 BREAK:1 DAKILA:1 FOR:4 KALIKASAN:1 LEGAL:1 YOU:4 KNOW:2 PITIK:1 BULAG:1 SCHOOL:1 SUPPORT:4 SEARCH:1 MOVE:3 WAY:2 BANOS:2 FETCH:2 REAL:2 CHAT:3 NAME:1 MORE:2 RIGHT:1 WHERE:1 GET:1 OUT:1 YOUR:1 WHY:1 ARE:1 READ:1
https://www.rappler.com/philippines/338-plane-crashes-into-school-paranaque-slums-kills-at-least-13/	SCHOOL:5 OPEN:2 CLOSE:3 VIDEO:3 INSIDE:1 AND:21 WORLD:3 SPECIAL:3 BOARD:4 SEE:12 ALL:12 NOW:4 TOP:2 THE:31 SQUARE:1 HOLD:1 HINDI:1 ITO:1 MARITES:1 VIEW:1 ORDER:1 GOOD:1 METRO:1 MANILA:3 PERSONAL:1 FIRST:1 LOOK:1 HOME:1 SARA:3 ATIN:1 ANG:1 BREAK:1 DAKILA:1 FOR:7 KALIKASAN:1 LEGAL:1 YOU:4 KNOW:2 PITIK:1 BULAG:1 SUPPORT:4 SEARCH:1 OUT:2 ARE:3 PILOT:2 YOUNG:1 WAS:2 POPULAR:1 WHERE:2 LIGHT:1 MOVE:2 FIRE:2 AWAY:1 SMALL:1 TAKE:1 THERE:1 PLAN:1 COME:1 TRUE:1 TANA:1 HOSPITAL:1 CHAT:3 NAME:1 MORE:2 RIGHT:1 GET:1 YOUR:1 WHY:1 READ:1
https://www.rappler.com/philippines/334-rappler-beta-feedback/	OPEN:2 CLOSE:3 VIDEO:3 INSIDE:1 AND:16 WORLD:3 SPECIAL:3 BOARD:4 SEE:12 ALL:12 NOW:2 TOP:2 THE:11 SQUARE:1 HOLD:1 HINDI:1 ITO:1 MARITES:1 VIEW:1 ORDER:1 GOOD:1 METRO:1 MANILA:2 PERSONAL:1 FIRST:1 LOOK:1 HOME:1 SARA:3 ATIN:1 ANG:1 BREAK:1 DAKILA:1 FOR:4 KALIKASAN:1 LEGAL:1 YOU:4 KNOW:2 PITIK:1 BULAG:1 SCHOOL:1 SUPPORT:4 SEARCH:1 CHAT:3 NAME:1 MORE:2 RIGHT:1 WHERE:1 GET:1 OUT:1 YOUR:1 WHY:1 ARE:1 READ:1
https://www.rappler.com/philippines/335-corona-fights-back-i-am-not-going-anywhere/	CORONA:9 NOT:7 OPEN:2 CLOSE:3 VIDEO:3 INSIDE:1 AND:29 WORLD:3 SPECIAL:3 BOARD:4 SEE:12 ALL:16 NOW:2 TOP:2 THE:54 SQUARE:1 HOLD:1 HINDI:1 ITO:1 MARITES:1 VIEW:1 ORDER:2 GOOD:1 METRO:1 MANILA:3 PERSONAL:1 FIRST:1 LOOK:1 HOME:1 SARA:3 ATIN:1 ANG:1 BREAK:1 DAKILA:1 FOR:10 KALIKASAN:1 LEGAL:1 YOU:5 KNOW:3 PITIK:1 BULAG:1 SCHOOL:1 SUPPORT:4 SEARCH:1 ROMERO:1 PLAN:2 READ:2 FULL:1 SAID:6 ARE:2 PLOT:1 WHERE:5 ABAYA:1 WAS:2 LIBERAL:1 MAKATI:1 ALSO:1 LIST:2 LIMA:1 BUT:1 BEEN:1 TAKE:1 MORE:3 DAYS:1 YOUR:4 LEAD:1 OUR:1 CHAT:3 NAME:1 RIGHT:1 GET:1 OUT:1 WHY:1
https://www.rappler.com/philippines/341-impeach-complaint-drags-corona-s-wife/	OPEN:2 CLOSE:3 VIDEO:3 INSIDE:1 AND:62 WORLD:4 SPECIAL:4 BOARD:5 SEE:12 ALL:16 NOW:5 TOP:2 THE:131 SQUARE:2 HOLD:2 HINDI:1 ITO:1 MARITES:1 VIEW:1 ORDER:5 GOOD:2 METRO:1 MANILA:3 PERSONAL:2 FIRST:1 LOOK:1 HOME:1 SARA:3 ATIN:1 ANG:1 BREAK:1 DAKILA:1 FOR:13 KALIKASAN:1 LEGAL:1 YOU:4 KNOW:2 PITIK:1 BULAG:1 SCHOOL:1 SUPPORT:4 SEARCH:1 EIGHT:2 APARTMENT:2 CORONA:23 KEY:2 ALSO:2 READ:5 FULL:1 ARE:3 ABAYA:1 BAG:1 GET:2 ONE:2 THIRD:1 THERE:1 MORE:3 STYLE:1 NOT:6 BEEN:1 EVEN:3 DARK:1 DAYS:1 DUE:1 BUT:2 COVER:1 MUST:1 HAY:2 SAID:4 WAS:9 ANTE:4 LAST:1 YEAR:1 SERENO:1 DAY:1 PRESBITERO:1 LUIS:1 MAY:2 BAN:1 GIVE:1 TWO:1 CAST:1 NEW:2 TRIBUNAL:1 MIND:1 CHAT:3 NAME:1 RIGHT:1 WHERE:1 OUT:1 YOUR:1 WHY:1
https://www.rappler.com/business/342-ongpin-s-long-time-aide-admits-she-s-a-dummy-osmena/	LONG:5 OPEN:2 CLOSE:3 VIDEO:3 INSIDE:1 AND:30 WORLD:3 SPECIAL:3 BOARD:4 SEE:12 ALL:12 NOW:2 TOP:2 THE:52 SQUARE:1 HOLD:1 HINDI:1 ITO:1 MARITES:1 VIEW:1 ORDER:3 GOOD:1 METRO:2 MANILA:4 PERSONAL:4 FIRST:1 LOOK:1 HOME:1 SARA:3 ATIN:1 ANG:1 BREAK:1 DAKILA:1 FOR:10 KALIKASAN:1 LEGAL:2 YOU:4 KNOW:2 PITIK:1 BULAG:1 SCHOOL:1 SUPPORT:4 SEARCH:1 MANALO:10 WAS:3 NOT:3 BEEN:3 READ:2 FULL:1 SAID:2 STATE:1 ALSO:4 MONEY:1 ARE:3 FIFTH:1 LAST:1 YEAR:1 ONE:2 MAKATI:1 BAR:1 EFFECT:1 PUT:1 NAME:2 AIR:1 GAS:3 OIL:1 SAN:1 BIG:1 LATE:1 CHAT:3 MORE:2 RIGHT:1 WHERE:1 GET:1 OUT:1 YOUR:1 WHY:1
https://www.rappler.com/philippines/343-pnoy-to-new-afp-chief-don-t-fail-us/	NEW:4 OPEN:2 CLOSE:3 VIDEO:3 INSIDE:1 AND:40 WORLD:3 SPECIAL:4 BOARD:4 SEE:12 ALL:13 NOW:4 TOP:2 THE:76 SQUARE:1 HOLD:1 HINDI:2 ITO:1 MARITES:1 VIEW:1 ORDER:1 GOOD:1 METRO:1 MANILA:3 PERSONAL:1 FIRST:1 LOOK:2 HOME:2 SARA:3 ATIN:1 ANG:7 BREAK:1 DAKILA:1 FOR:17 KALIKASAN:1 LEGAL:1 YOU:4 KNOW:2 PITIK:1 BULAG:1 SCHOOL:1 SUPPORT:5 SEARCH:1 BOSS:1 BEEN:2 MILITARY:5 ALSO:3 READ:2 FULL:2 BUT:3 TAKE:2 WAS:5 LATE:1 MOTHER:1 CORAZON:1 YOUNG:1 HUSAY:1 AKO:2 PATULOY:1 GILAS:1 SAID:8 PART:2 ADDRESS:1 THERE:1 TWO:1 STAR:1 ARE:4 AIR:2 TAPOS:1 PANAHON:1 KUNG:1 KAILAN:1 PALAKASAN:1 BATAYAN:1 PAG:1 ANGAT:1 POSISYON:1 COMMON:1 HUWAG:1 TALIKURAN:1 MANDATO:1 PLAN:1 STATE:1 MORE:3 NOT:2 OUT:2 DRAG:1 MAY:1 PUMASOK:1 LUMABAS:1 BAON:1 GUSTO:1 GAWIN:1 NATIN:1 NANG:1 MAG:1 POPULAR:1 BURGER:1 CHAT:3 NAME:1 RIGHT:1 WHERE:1 GET:1 YOUR:1 WHY:1
https://www.rappler.com/philippines/344-palace-to-corona-why-blame-us/	CORONA:5 WHY:3 OPEN:2 CLOSE:3 VIDEO:3 INSIDE:1 AND:21 WORLD:3 SPECIAL:3 BOARD:4 SEE:12 ALL:12 NOW:2 TOP:2 THE:32 SQUARE:1 HOLD:1 HINDI:1 ITO:1 MARITES:1 VIEW:1 ORDER:1 GOOD:1 METRO:1 MANILA:3 PERSONAL:1 FIRST:1 LOOK:2 HOME:1 SARA:3 ATIN:1 ANG:1 BREAK:1 DAKILA:1 FOR:5 KALIKASAN:1 LEGAL:1 YOU:4 KNOW:2 PITIK:1 BULAG:1 SCHOOL:1 SUPPORT:4 SEARCH:1 SAID:5 MOVE:3 NOT:3 ENTIRE:1 WAS:3 OUR:1 ONE:2 DUE:1 CAN:1 THERE:2 COME:1 PART:1 LIBERAL:1 CHAT:3 NAME:1 MORE:2 RIGHT:1 WHERE:1 GET:1 OUT:1 YOUR:1 ARE:1 READ:1
https://www.rappler.com/philippines/346-impeachment-a-double-edged-sword/	DOUBLE:2 OPEN:2 CLOSE:3 VIDEO:3 INSIDE:1 AND:33 WORLD:3 SPECIAL:3 BOARD:4 SEE:14 ALL:12 NOW:2 TOP:2 THE:71 SQUARE:1 HOLD:1 HINDI:1 ITO:1 MARITES:1 VIEW:1 ORDER:4 GOOD:1 METRO:1 MANILA:3 PERSONAL:1 FIRST:1 LOOK:1 HOME:1 SARA:3 ATIN:1 ANG:1 BREAK:1 DAKILA:1 FOR:7 KALIKASAN:1 LEGAL:3 YOU:4 KNOW:2 PITIK:1 BULAG:1 SCHOOL:1 SUPPORT:4 SEARCH:1 ROMERO:2 ARE:4 ONE:4 CORONA:6 PART:3 BEEN:1 READ:2 FULL:1 BUT:4 OUR:4 MAY:3 NOT:7 ATENEO:1 TWO:2 CAN:2 ALSO:2 OUT:3 POLICE:1 YEAR:1 BATASAN:1 SAID:8 JUST:1 ENTIRE:1 INTERVIEW:1 WAS:3 OVER:1 LIST:2 LIMA:1 TRIBUNAL:1 OWN:1 EVEN:1 SANIDAD:1 THINK:1 WAY:1 CHAT:3 NAME:1 MORE:2 RIGHT:1 WHERE:1 GET:1 YOUR:1 WHY:1
https://www.rappler.com/philippines/355-manila-s-archbishop-tagle-calls-for-faith-and-unity/	FOR:7 AND:23 OPEN:2 CLOSE:3 VIDEO:3 INSIDE:1 WORLD:4 SPECIAL:3 BOARD:4 SEE:12 ALL:12 NOW:2 TOP:2 THE:30 SQUARE:1 HOLD:1 HINDI:1 ITO:1 MARITES:1 VIEW:1 ORDER:1 GOOD:1 METRO:1 MANILA:2 PERSONAL:1 FIRST:1 LOOK:1 HOME:1 SARA:3 ATIN:1 ANG:1 BREAK:1 DAKILA:1 KALIKASAN:1 LEGAL:1 YOU:4 KNOW:2 PITIK:1 BULAG:1 SCHOOL:1 SUPPORT:4 SEARCH:1 LUIS:2 TAKE:2 CHAT:3 NAME:1 AMONG:1 AWARD:1 WAS:2 ALSO:1 ONE:1 YOUNG:1 MORE:3 RIGHT:1 WHERE:1 GET:1 OUT:1 YOUR:1 WHY:1 ARE:1 READ:1
https://www.rappler.com/philippines/358-cong-angara-on-impeach-corona-bid/	CORONA:4 OPEN:2 CLOSE:3 VIDEO:3 INSIDE:1 AND:16 WORLD:3 SPECIAL:3 BOARD:4 SEE:12 ALL:12 NOW:2 TOP:2 THE:11 SQUARE:1 HOLD:1 HINDI:1 ITO:1 MARITES:1 VIEW:1 ORDER:1 GOOD:1 METRO:1 MANILA:3 PERSONAL:1 FIRST:1 LOOK:1 HOME:1 SARA:3 ATIN:1 ANG:1 BREAK:1 DAKILA:1 FOR:4 KALIKASAN:1 LEGAL:2 YOU:4 KNOW:2 PITIK:1 BULAG:1 SCHOOL:1 SUPPORT:4 SEARCH:1 CHAT:8 OVER:2 MORE:3 RIGHT:1 WHERE:1 GET:1 OUT:1 YOUR:1 WHY:1 ARE:1 READ:1
https://www.rappler.com/philippines/366-son-of-sc-justice-votes-to-impeach-cj-corona/	CORONA:5 OPEN:2 CLOSE:3 VIDEO:3 INSIDE:1 AND:16 WORLD:3 SPECIAL:3 BOARD:4 SEE:12 ALL:12 NOW:2 TOP:2 THE:22 SQUARE:1 HOLD:1 HINDI:1 ITO:1 MARITES:1 VIEW:1 ORDER:1 GOOD:1 METRO:1 MANILA:3 PERSONAL:1 FIRST:1 LOOK:1 HOME:1 SARA:3 ATIN:1 ANG:1 BREAK:1 DAKILA:1 FOR:6 KALIKASAN:1 LEGAL:1 YOU:4 KNOW:2 PITIK:1 BULAG:1 SCHOOL:1 SUPPORT:4 SEARCH:1 PRESBITERO:2 AMONG:2 TOTAL:1 WAS:1 LIKE:1 CHAT:3 NAME:1 MORE:2 RIGHT:1 WHERE:1 GET:1 OUT:1 YOUR:1 WHY:1 ARE:1 READ:1
https://www.rappler.com/moveph/337-filipino-american-midwife-is-cnn-hero-of-the-year-for-2011/	HERO:9 THE:50 YEAR:8 FOR:14 OPEN:2 CLOSE:3 VIDEO:3 INSIDE:1 AND:35 WORLD:5 SPECIAL:3 BOARD:4 SEE:12 ALL:15 NOW:2 TOP:2 SQUARE:1 HOLD:1 HINDI:1 ITO:1 MARITES:1 VIEW:1 ORDER:1 GOOD:1 METRO:1 MANILA:5 PERSONAL:3 FIRST:1 LOOK:1 HOME:1 SARA:3 ATIN:1 ANG:1 BREAK:1 DAKILA:1 KALIKASAN:1 LEGAL:1 YOU:4 KNOW:2 PITIK:1 BULAG:1 SCHOOL:1 SUPPORT:4 SEARCH:1 WAS:8 SUNDAY:2 USA:2 READ:2 FULL:1 STAR:2 GALA:1 MOTHER:5 BALI:2 WHERE:2 EVEN:1 AID:1 DUE:1 TWO:1 SAID:3 FATHER:1 LOLA:2 NOT:2 LIKE:1 MUCH:1 GIVE:1 HOSPITAL:1 BUT:1 SECOND:1 AWARD:1 OVER:1 ABLE:1 ARE:2 CHAT:3 NAME:1 MORE:2 RIGHT:1 GET:1 OUT:1 YOUR:1 WHY:1
https://www.rappler.com/philippines/349-humble-low-key-tagle-is-manila-s-32nd-archbishop/	KEY:2 OPEN:2 CLOSE:4 VIDEO:3 INSIDE:2 AND:41 WORLD:4 SPECIAL:4 BOARD:4 SEE:15 ALL:12 NOW:4 TOP:2 THE:68 SQUARE:1 HOLD:1 HINDI:1 ITO:1 MARITES:1 VIEW:1 ORDER:2 GOOD:1 METRO:1 MANILA:7 PERSONAL:1 FIRST:2 LOOK:1 HOME:1 SARA:3 ATIN:1 ANG:1 BREAK:1 DAKILA:1 FOR:11 KALIKASAN:1 LEGAL:1 YOU:4 KNOW:2 PITIK:1 BULAG:1 SCHOOL:2 SUPPORT:5 SEARCH:1 LEAD:3 LUIS:2 BEEN:1 READ:3 FULL:1 BUT:4 LAST:1 YEAR:2 WAS:7 MAKATI:1 SAN:1 CORONA:1 AMONG:2 THERE:2 WHITE:1 NEW:2 OVER:1 TWO:2 ALSO:3 OUR:1 NOT:3 SAID:2 ARE:2 ONE:3 EVEN:1 GIVE:1 STAR:1 DAY:1 WASHINGTON:1 WHERE:2 EXPERT:1 OUT:2 CHAT:3 NAME:1 AWARD:1 YOUNG:1 MORE:3 RIGHT:1 GET:1 YOUR:1 WHY:1
https://www.rappler.com/moveph/284-updated-as-of-jan-9-2012-move-ph-launches-manila-leg-of-chat-series-in-january-2012/	JAN:3 MOVE:5 MANILA:7 CHAT:8 OPEN:2 CLOSE:3 VIDEO:3 INSIDE:1 AND:23 WORLD:3 SPECIAL:3 BOARD:4 SEE:12 ALL:12 NOW:2 TOP:2 THE:21 SQUARE:1 HOLD:1 HINDI:1 ITO:1 MARITES:1 VIEW:1 ORDER:1 GOOD:1 METRO:1 PERSONAL:1 FIRST:1 LOOK:1 HOME:1 SARA:3 ATIN:1 ANG:1 BREAK:1 DAKILA:1 FOR:8 KALIKASAN:1 LEGAL:1 YOU:4 KNOW:2 PITIK:1 BULAG:1 SCHOOL:1 SUPPORT:4 SEARCH:1 ARE:3 ATENEO:1 NOON:1 THIRD:1 SEPTEMBER:1 MAY:1 NAME:1 MORE:2 RIGHT:1 WHERE:1 GET:1 OUT:1 YOUR:1 WHY:1 READ:1
https://www.rappler.com/moveph/350-sex-is-care/	OPEN:5 CLOSE:3 VIDEO:3 INSIDE:1 AND:53 WORLD:3 SPECIAL:5 BOARD:4 SEE:13 ALL:15 NOW:2 TOP:2 THE:54 SQUARE:1 HOLD:1 HINDI:1 ITO:1 MARITES:1 VIEW:1 ORDER:1 GOOD:1 METRO:1 MANILA:2 PERSONAL:1 FIRST:2 LOOK:1 HOME:2 SARA:3 ATIN:1 ANG:1 BREAK:1 DAKILA:1 FOR:28 KALIKASAN:1 LEGAL:1 YOU:8 KNOW:4 PITIK:1 BULAG:1 SCHOOL:1 SUPPORT:4 SEARCH:1 CAN:6 BUT:8 MORE:7 ABLE:3 SEXUAL:4 ARE:17 ADDRESS:1 THERE:5 EDUCATION:2 READ:2 FULL:1 YEAR:4 BEEN:4 JUST:5 AWAY:1 WAS:1 TRUE:1 WHERE:3 MAN:1 NOT:9 PART:4 PATIENT:1 NEW:1 LIKE:3 TRAIN:3 COMMERCIAL:2 OUT:4 MUCH:2 VAN:5 BAR:1 STAR:1 HOTEL:1 OVER:1 SIX:1 REGULAR:1 BOY:1 AVERAGE:1 EVENING:1 TWO:2 GET:3 ALSO:2 DEAL:1 PUT:1 ABILITY:1 EVEN:3 LOVE:1 MOVE:1 YOUR:2 WAYS:2 ONE:2 LONG:1 YOUNG:1 GIVE:1 AMONG:1 TAKE:2 BABY:1 COMMON:1 WHY:2 CHAT:3 NAME:1 LEAD:1 OUR:1 RIGHT:1
https://www.rappler.com/philippines/352-miriam-named-icc-judge/	OPEN:2 CLOSE:3 VIDEO:3 INSIDE:1 AND:23 WORLD:3 SPECIAL:3 BOARD:4 SEE:12 ALL:12 NOW:2 TOP:2 THE:52 SQUARE:1 HOLD:2 HINDI:1 ITO:1 MARITES:1 VIEW:1 ORDER:1 GOOD:1 METRO:1 MANILA:3 PERSONAL:1 FIRST:7 LOOK:1 HOME:1 SARA:3 ATIN:1 ANG:1 BREAK:1 DAKILA:1 FOR:15 KALIKASAN:1 LEGAL:1 YOU:4 KNOW:2 PITIK:1 BULAG:1 SCHOOL:1 SUPPORT:4 SEARCH:1 NEW:2 JUST:2 BEEN:2 NOT:3 TAKING:2 WAS:2 MAY:3 READ:2 FULL:1 SAID:7 INTERVIEW:1 BUT:2 TAKE:1 YEAR:1 SUSPETSA:1 AKO:3 KASI:1 MGA:1 KALABAN:1 PULITIKA:1 DITO:1 PARA:1 MAWALA:1 SUSPECT:1 ONE:4 STATE:1 EXPERT:1 SIX:2 AMONG:1 CHAT:3 NAME:1 MORE:2 RIGHT:1 WHERE:1 GET:1 OUT:1 YOUR:1 WHY:1 ARE:1
https://www.rappler.com/philippines/353-pulse-asia-binay-still-has-highest-approval-trust-ratings/	OPEN:2 CLOSE:3 VIDEO:3 INSIDE:1 AND:31 WORLD:3 SPECIAL:3 BOARD:4 SEE:12 ALL:14 NOW:2 TOP:5 THE:51 SQUARE:1 HOLD:1 HINDI:1 ITO:1 MARITES:1 VIEW:1 ORDER:1 GOOD:1 METRO:2 MANILA:4 PERSONAL:1 FIRST:1 LOOK:1 HOME:1 SARA:3 ATIN:1 ANG:1 BREAK:1 DAKILA:1 FOR:7 KALIKASAN:1 LEGAL:1 YOU:4 KNOW:2 PITIK:1 BULAG:1 SCHOOL:1 SUPPORT:4 SEARCH:1 CORONA:4 WAS:4 RATING:11 AMONG:4 LIKE:1 NOTABLE:1 READ:2 FULL:1 ULAT:2 BAYAN:2 SAID:5 ALSO:4 DOWN:1 SMALL:1 DOUBLE:1 ARE:2 OWN:1 CHAT:3 NAME:1 MORE:2 RIGHT:1 WHERE:1 GET:1 OUT:1 YOUR:1 WHY:1
https://www.rappler.com/philippines/354-occupy-davao-no-to-coal-plant/	OPEN:2 CLOSE:3 VIDEO:3 INSIDE:1 AND:16 WORLD:3 SPECIAL:5 BOARD:4 SEE:12 ALL:12 NOW:2 TOP:2 THE:19 SQUARE:1 HOLD:1 HINDI:1 ITO:1 MARITES:1 VIEW:1 ORDER:1 GOOD:1 METRO:1 MANILA:2 PERSONAL:1 FIRST:1 LOOK:1 HOME:1 SARA:4 ATIN:1 ANG:1 BREAK:1 DAKILA:1 FOR:4 KALIKASAN:1 LEGAL:1 YOU:4 KNOW:2 PITIK:1 BULAG:1 SCHOOL:1 SUPPORT:4 SEARCH:1 PLAN:1 WAS:1 MAYOR:1 BUT:1 CHAT:3 NAME:1 MORE:2 RIGHT:1 WHERE:1 GET:1 OUT:1 YOUR:1 WHY:1 ARE:1 READ:1
https://www.rappler.com/philippines/359-senate-receives-impeach-case-vs-corona/	CORONA:7 OPEN:2 CLOSE:3 VIDEO:3 INSIDE:1 AND:19 WORLD:3 SPECIAL:3 BOARD:4 SEE:12 ALL:13 NOW:2 TOP:2 THE:29 SQUARE:1 HOLD:1 HINDI:1 ITO:1 MARITES:1 VIEW:1 ORDER:1 GOOD:1 METRO:1 MANILA:3 PERSONAL:1 FIRST:2 LOOK:1 HOME:1 SARA:3 ATIN:1 ANG:1 BREAK:3 DAKILA:1 FOR:4 KALIKASAN:1 LEGAL:2 YOU:4 KNOW:2 PITIK:1 BULAG:1 SCHOOL:1 SUPPORT:4 SEARCH:1 YEAR:2 CHAIR:1 EVEN:1 MAY:1 BEEN:1 WAS:1 CHAT:8 OVER:2 MORE:3 RIGHT:1 WHERE:1 GET:1 OUT:1 YOUR:1 WHY:1 ARE:1 READ:1
https://www.rappler.com/philippines/360-tough-trial-vs-corona/	CORONA:6 OPEN:2 CLOSE:3 VIDEO:3 INSIDE:1 AND:29 WORLD:3 SPECIAL:3 BOARD:4 SEE:12 ALL:14 NOW:4 TOP:2 THE:55 SQUARE:1 HOLD:2 HINDI:1 ITO:2 MARITES:1 VIEW:1 ORDER:2 GOOD:1 METRO:1 MANILA:3 PERSONAL:1 FIRST:1 LOOK:1 HOME:1 SARA:3 ATIN:1 ANG:6 BREAK:1 DAKILA:1 FOR:14 KALIKASAN:1 LEGAL:1 YOU:4 KNOW:3 PITIK:1 BULAG:1 SCHOOL:1 SUPPORT:6 SEARCH:1 ARE:5 MORE:5 BEEN:1 READ:2 FULL:1 CHAIR:1 SAID:9 EIGHT:4 OUT:2 NAMAN:1 NATIN:2 SENADO:2 TWO:2 KAILANGAN:1 MAS:1 MATAAS:1 SECOND:2 KUNG:1 ANO:2 MAN:1 MANGYARI:1 ATING:1 MGA:1 SENADOR:1 BUT:3 ONE:1 THIRD:1 MAY:2 KAKA:1 BAG:1 ABAYA:1 NOT:1 KAMI:3 DAHIL:1 KAY:1 DATI:1 SIX:2 SABI:1 NAMIN:1 DITO:1 KASI:1 HALOS:1 LAHAT:1 MALAKAS:1 THERE:1 NAME:2 WAS:3 SEPTEMBER:1 ANTE:1 STUDY:1 SMALL:1 JUST:2 DAYS:1 ALSO:1 NGAYON:1 WALA:1 NANG:1 YUN:2 LANG:1 KATOTOHANAN:1 CHAT:3 RIGHT:1 WHERE:1 GET:1 YOUR:1 WHY:1
https://www.rappler.com/business/361-ntc-hits-major-telcos-over-failure-to-lower-sms-rates/	OVER:2 OPEN:2 CLOSE:3 VIDEO:3 INSIDE:1 AND:24 WORLD:3 SPECIAL:3 BOARD:4 SEE:12 ALL:12 NOW:3 TOP:2 THE:40 SQUARE:1 HOLD:2 HINDI:1 ITO:1 MARITES:1 VIEW:1 ORDER:5 GOOD:1 METRO:1 MANILA:3 PERSONAL:1 FIRST:1 LOOK:1 HOME:1 SARA:3 ATIN:1 ANG:1 BREAK:1 DAKILA:1 FOR:9 KALIKASAN:1 LEGAL:2 YOU:4 KNOW:2 PITIK:1 BULAG:1 SCHOOL:1 SUPPORT:4 SEARCH:1 HIT:2 SHOW:4 SHORT:2 NOT:2 BEEN:2 READ:2 FULL:1 DAYS:1 WHY:2 DOWN:1 PESO:1 CUT:1 WAS:1 EFFECT:1 OWN:1 LONG:1 OUT:2 MORE:3 REGULAR:1 ALSO:1 SAID:1 PER:1 VOICE:1 TEST:1 CHAT:3 NAME:1 RIGHT:1 WHERE:1 GET:1 YOUR:1 ARE:1
https://www.rappler.com/video/daily-wrap/364-tupas-even-lagman-gets-pork/	EVEN:2 GETS:2 OPEN:2 TOP:4 CLOSE:3 VIDEO:3 INSIDE:1 AND:17 WORLD:3 SPECIAL:3 BOARD:4 SEE:12 ALL:12 NOW:2 THE:13 SQUARE:1 HOLD:1 HINDI:1 ITO:1 MARITES:1 VIEW:1 ORDER:1 GOOD:1 METRO:1 MANILA:3 PERSONAL:1 FIRST:1 LOOK:1 HOME:1 SARA:3 ATIN:1 ANG:1 BREAK:1 DAKILA:1 FOR:4 KALIKASAN:1 LEGAL:1 YOU:4 KNOW:2 PITIK:1 BULAG:1 SCHOOL:1 SUPPORT:4 SEARCH:1 WAS:1 CORONA:1 CHAT:3 NAME:1 MORE:2 RIGHT:1 WHERE:1 GET:1 OUT:1 YOUR:1 WHY:1 ARE:1 READ:1
https://www.rappler.com/philippines/369-manila-judges-vow-to-back-corona-in-row-vs-malacanang/	MANILA:11 CORONA:10 OPEN:2 CLOSE:3 VIDEO:3 INSIDE:1 AND:37 WORLD:3 SPECIAL:4 BOARD:4 SEE:12 ALL:15 NOW:3 TOP:2 THE:83 SQUARE:1 HOLD:1 HINDI:1 ITO:1 MARITES:1 VIEW:1 ORDER:2 GOOD:1 METRO:1 PERSONAL:2 FIRST:2 LOOK:1 HOME:1 SARA:3 ATIN:1 ANG:1 BREAK:1 DAKILA:1 FOR:10 KALIKASAN:1 LEGAL:1 YOU:7 KNOW:2 PITIK:1 BULAG:1 SCHOOL:1 SUPPORT:4 SEARCH:1 ROMERO:1 NOT:9 BUT:4 ENTIRE:3 ARE:7 EXPRESS:1 OVER:4 READ:4 FULL:1 RED:1 HOTEL:1 BLACK:3 SAID:7 TWO:1 SHOW:1 EIGHT:1 ONE:3 LIST:2 LIMA:1 WAS:2 DAYS:1 CAN:1 LET:2 OUR:2 OWN:1 VOICE:1 MAY:1 SMALL:1 WHERE:2 PUNO:1 GET:3 JUST:1 SALT:1 BEEN:2 PART:1 MONEY:1 DUE:1 MILITARY:1 CHAT:3 NAME:1 MORE:2 RIGHT:1 OUT:1 YOUR:1 WHY:1
https://www.rappler.com/philippines/370-abductors-of-aussie-establish-contact-source/	OPEN:2 CLOSE:3 VIDEO:3 INSIDE:1 AND:16 WORLD:3 SPECIAL:3 BOARD:4 SEE:12 ALL:12 NOW:2 TOP:2 THE:34 SQUARE:1 HOLD:1 HINDI:1 ITO:1 MARITES:1 VIEW:1 ORDER:1 GOOD:1 METRO:1 MANILA:4 PERSONAL:1 FIRST:1 LOOK:1 HOME:3 SARA:3 ATIN:1 ANG:1 BREAK:1 DAKILA:1 FOR:4 KALIKASAN:1 LEGAL:1 YOU:4 KNOW:2 PITIK:1 BULAG:1 SCHOOL:1 SUPPORT:4 SEARCH:1 WAS:7 CALL:3 IPIL:2 NOT:2 ALSO:3 POLICE:4 LAST:3 EVENING:1 JUST:3 SAID:3 BUT:2 THERE:3 ABLE:1 SUNDAY:1 WHERE:2 REMEMBER:1 MUCH:1 SOON:1 CHAT:3 NAME:1 MORE:2 RIGHT:1 GET:1 OUT:1 YOUR:1 WHY:1 ARE:1 READ:1
https://www.rappler.com/philippines/375-metro-judges-protest-corona-impeachment/	METRO:6 CORONA:11 OPEN:2 CLOSE:3 VIDEO:3 INSIDE:2 AND:33 WORLD:3 SPECIAL:4 BOARD:4 SEE:12 ALL:15 NOW:4 TOP:2 THE:84 SQUARE:1 HOLD:1 HINDI:1 ITO:1 MARITES:1 VIEW:1 ORDER:2 GOOD:1 MANILA:10 PERSONAL:2 FIRST:2 LOOK:1 HOME:1 SARA:3 ATIN:1 ANG:1 BREAK:1 DAKILA:1 FOR:10 KALIKASAN:1 LEGAL:1 YOU:8 KNOW:2 PITIK:1 BULAG:1 SCHOOL:1 SUPPORT:4 SEARCH:1 ROMERO:1 PLAN:2 ARE:5 ENTIRE:2 JUST:2 OVER:3 READ:3 FULL:1 PADRE:1 WHERE:3 BLACK:2 EIGHT:1 ONE:3 LIST:2 LIMA:1 SAID:6 WAS:2 DAYS:1 CAN:2 LET:2 OUR:2 OWN:1 VOICE:1 MAY:2 SMALL:1 BUT:2 PUNO:1 GET:3 NOT:7 SALT:1 BEEN:2 PART:1 MONEY:1 DUE:1 MILITARY:1 CHAT:8 BUS:1 TRAIN:1 BIG:1 APPLE:1 WHY:2 YOUR:3 DEAL:1 MORE:3 RIGHT:1 OUT:1
https://www.rappler.com/philippines/371-pnoy-next-chief-justice-will-not-be-beholden-to-me/	NOT:4 OPEN:2 CLOSE:3 VIDEO:3 INSIDE:1 AND:22 WORLD:3 SPECIAL:3 BOARD:4 SEE:12 ALL:12 NOW:2 TOP:2 THE:45 SQUARE:1 HOLD:2 HINDI:2 ITO:1 MARITES:1 VIEW:1 ORDER:1 GOOD:1 METRO:1 MANILA:3 PERSONAL:1 FIRST:1 LOOK:2 HOME:1 SARA:3 ATIN:1 ANG:2 BREAK:1 DAKILA:1 FOR:5 KALIKASAN:1 LEGAL:1 YOU:6 KNOW:3 PITIK:1 BULAG:1 SCHOOL:1 SUPPORT:4 SEARCH:1 CORONA:2 BUT:2 READ:2 FULL:1 WHY:2 OUR:1 THINK:1 SAID:3 FORWARD:1 KUNG:1 MATIBAY:1 KASO:1 NATIN:1 MGA:3 SENADOR:1 KINATAWAN:1 ATING:3 TAUMBAYAN:1 SUSUNOD:1 NAMAN:1 SILA:1 TUGON:1 BOSS:1 CAN:1 TRY:1 ALSO:1 NANG:1 AWAT:1 AKO:1 DUMATING:1 PUNTO:1 EBIDENSYA:1 SANG:1 AYON:1 NAKO:1 PANATILIHIN:1 BAYAN:1 ONE:1 STOP:1 LET:1 CHAT:3 NAME:1 MORE:2 RIGHT:1 WHERE:1 GET:1 OUT:1 YOUR:1 ARE:1
https://www.rappler.com/philippines/368-pnoy-intensifies-attacks-vs-corona/	CORONA:11 OPEN:2 CLOSE:3 VIDEO:3 INSIDE:1 AND:21 WORLD:3 SPECIAL:3 BOARD:4 SEE:12 ALL:12 NOW:2 TOP:2 THE:49 SQUARE:1 HOLD:1 HINDI:7 ITO:1 MARITES:1 VIEW:1 ORDER:2 GOOD:1 METRO:1 MANILA:3 PERSONAL:1 FIRST:1 LOOK:1 HOME:1 SARA:3 ATIN:1 ANG:13 BREAK:1 DAKILA:1 FOR:7 KALIKASAN:1 LEGAL:1 YOU:5 KNOW:2 PITIK:1 BULAG:1 SCHOOL:1 SUPPORT:4 SEARCH:1 READ:2 FULL:1 BUT:1 LET:1 MALINAW:1 KATOTOHANAN:1 KORTE:5 BILANG:3 ALAGAD:2 KATARUNGAN:3 KUNDI:1 GINANG:3 SAID:10 DAY:1 PIRING:1 KAILANGAN:1 TANUNGIN:1 SARILI:1 HANGGANG:3 KAILAN:2 TAYO:9 SOBRA:2 EBIDENSYA:1 TAYONG:2 NAGING:1 KUMBINSIDO:1 PAGDATING:1 KAY:2 TAMA:1 ATING:1 KUNG:1 BAGO:1 MAN:2 HUSGADO:1 PALA:1 TIMBANGAN:1 TOTAL:1 ARE:3 THANK:1 ALSO:2 LEHISLATURA:1 IPAGTANGGOL:1 INTERES:1 LIGOY:1 MAY:2 KATAPATAN:1 TUNGKULIN:1 PAGKILALA:1 TAONG:1 BAYAN:1 SYA:1 DOON:1 SALAMAT:1 LAHAT:1 ISANG:2 PROSESO:1 UPANG:1 PATULOY:1 MAHISTRADO:1 SUPREMA:3 SUSUNOD:1 SALINLAHI:1 PUGAD:1 KATIWALIAN:1 LIKAS:2 PALAAWAY:2 KAMI:1 SANG:1 AYON:1 PERO:1 SUNDIN:1 DESISYON:1 INSTITUSYON:1 RIN:1 ILALIM:1 UMASA:1 KAYSA:1 NIYA:1 WAS:1 LAST:1 AGAD:1 PONG:1 LANG:1 PANIG:1 GOBYERNO:1 NAMAN:1 NINYO:1 CHAT:3 NAME:1 MORE:2 RIGHT:1 WHERE:1 GET:1 OUT:1 YOUR:1 WHY:1
https://www.rappler.com/moveph/348-graffiti-s-child/	ANG:12 LAHAT:3 KASO:5 OPEN:1 CLOSE:2 VIDEO:3 INSIDE:1 AND:17 WORLD:3 SPECIAL:4 BOARD:2 SEE:12 ALL:12 NOW:2 TOP:2 THE:12 SQUARE:1 HOLD:1 HINDI:3 ITO:2 MARITES:1 VIEW:1 ORDER:1 GOOD:2 METRO:1 MANILA:2 PERSONAL:1 FIRST:2 LOOK:1 HOME:1 SARA:3 ATIN:1 BREAK:1 DAKILA:1 FOR:3 KALIKASAN:1 LEGAL:1 YOU:3 KNOW:2 PITIK:1 BULAG:1 SCHOOL:1 SUPPORT:4 SEARCH:1 AKADEMIYA:2 BAYAN:2 KONTRA:2 NINAKAW:2 DAHIL:2 NITO:3 PAHAYAG:1 RATING:1 TUMAKBO:1 KAHIT:2 SIYA:1 KASAMA:1 PAMILYA:1 NIYA:1 MGA:11 TAONG:3 KORTE:3 SUPREMA:2 BILANG:1 HUMIGIT:1 KUMULANG:1 HALAGA:1 BAGAMAT:1 KAY:2 ANAK:1 PAG:1 AMIN:1 ARI:1 GAYUNDIN:1 RIN:3 UTANG:1 GOBYERNO:1 MULA:1 PASYA:1 KASALUKUYAN:1 TULOY:2 YAMAN:1 NASA:1 SAMANTALA:1 NAMAN:1 MAY:1 UTOS:1 HATOL:1 PUMASOK:1 TERITORYO:1 BATIS:1 CHAT:3 NAME:1 MORE:2 OUT:1 YOUR:1 WHY:1 ARE:1 READ:1
https://www.rappler.com/moveph/351-grace-note-5/	NOTE:3 OPEN:2 CLOSE:3 VIDEO:3 INSIDE:1 AND:56 WORLD:4 SPECIAL:3 BOARD:4 SEE:12 ALL:16 NOW:2 TOP:2 THE:36 SQUARE:1 HOLD:1 HINDI:1 ITO:1 MARITES:1 VIEW:1 ORDER:1 GOOD:1 METRO:1 MANILA:2 PERSONAL:1 FIRST:2 LOOK:1 HOME:1 SARA:3 ATIN:1 ANG:1 BREAK:1 DAKILA:1 FOR:12 KALIKASAN:1 LEGAL:1 YOU:49 KNOW:2 PITIK:1 BULAG:1 SCHOOL:1 SUPPORT:4 SEARCH:1 THINK:3 ARE:11 TRUE:1 YOUR:14 LEAD:1 READ:2 FULL:1 WAS:6 NOT:12 CAN:4 GET:2 EVEN:4 YOUNG:4 DAY:2 WHY:3 LAST:2 SUNDAY:1 WIND:2 RUN:1 BIG:1 ONE:2 THERE:4 LET:1 JUST:3 BUT:7 TAKE:3 GREAT:1 SAID:1 SAW:1 PART:1 ALSO:2 OVER:1 LOVE:1 REAL:2 GIVE:1 NATURAL:1 CALL:1 MONEY:3 MORE:3 WAY:1 BLUE:1 SECOND:1 MIND:1 CHAT:3 NAME:1 RIGHT:1 WHERE:1 OUT:1
https://www.rappler.com/philippines/380-courts-stop-work-to-support-corona/	STOP:2 SUPPORT:7 CORONA:7 OPEN:2 CLOSE:3 VIDEO:3 INSIDE:1 AND:19 WORLD:3 SPECIAL:3 BOARD:4 SEE:12 ALL:12 NOW:2 TOP:2 THE:19 SQUARE:1 HOLD:1 HINDI:1 ITO:1 MARITES:1 VIEW:1 ORDER:1 GOOD:1 METRO:2 MANILA:6 PERSONAL:1 FIRST:1 LOOK:1 HOME:1 SARA:3 ATIN:1 ANG:1 BREAK:2 DAKILA:1 FOR:6 KALIKASAN:1 LEGAL:1 YOU:4 KNOW:2 PITIK:1 BULAG:1 SCHOOL:1 SEARCH:1 ARE:6 ALSO:3 SAID:3 OWN:1 THERE:1 BLACK:1 EXPRESS:1 WAS:1 PLAN:1 PADRE:1 SHOW:1 DAY:1 CHAT:3 NAME:1 MORE:2 RIGHT:1 WHERE:1 GET:1 OUT:1 YOUR:1 WHY:1 READ:1
https://www.rappler.com/philippines/384-dragging-corona-s-wife-wicked-says-lagman/	OPEN:2 CLOSE:3 VIDEO:3 INSIDE:1 AND:19 WORLD:3 SPECIAL:3 BOARD:4 SEE:12 ALL:14 NOW:2 TOP:2 THE:23 SQUARE:1 HOLD:1 HINDI:1 ITO:1 MARITES:1 VIEW:1 ORDER:1 GOOD:1 METRO:1 MANILA:3 PERSONAL:1 FIRST:2 LOOK:1 HOME:1 SARA:3 ATIN:1 ANG:1 BREAK:1 DAKILA:1 FOR:5 KALIKASAN:1 LEGAL:2 YOU:4 KNOW:2 PITIK:1 BULAG:1 SCHOOL:1 SUPPORT:4 SEARCH:1 EIGHT:2 CORONA:2 ARE:4 BUT:1 SAID:2 THERE:3 REGULAR:1 NOT:1 THINK:1 CHAT:8 OVER:2 MORE:3 RIGHT:1 WHERE:1 GET:1 OUT:1 YOUR:1 WHY:1 READ:1
https://www.rappler.com/about/385-about-rappler/	OPEN:2 CLOSE:3 VIDEO:3 INSIDE:1 AND:42 WORLD:6 SPECIAL:3 BOARD:4 SEE:13 ALL:12 NOW:3 TOP:4 THE:30 SQUARE:1 HOLD:1 HINDI:1 ITO:1 MARITES:1 VIEW:1 ORDER:1 GOOD:2 METRO:1 MANILA:2 PERSONAL:1 FIRST:1 LOOK:1 HOME:1 SARA:3 ATIN:1 ANG:1 BREAK:1 DAKILA:1 FOR:11 KALIKASAN:1 LEGAL:1 YOU:7 KNOW:2 PITIK:1 BULAG:1 SCHOOL:1 SUPPORT:4 SEARCH:1 READ:2 FULL:1 OUR:10 WAYS:3 CAN:2 WELCOME:1 WHERE:2 RAP:1 NEW:3 ARE:7 YOUNG:1 BEST:1 RIGHT:2 EXPERT:1 MOVE:1 CHAT:4 ALSO:3 SHOW:2 WAY:2 ABILITY:1 MORE:4 SPRING:1 BUT:1 WAS:1 PLAN:1 LEAD:1 THANK:1 IOS:1 NAME:1 GET:1 OUT:1 YOUR:1 WHY:1
https://www.rappler.com/philippines/386-solon-sacked-for-not-signing-impeachment/	FOR:7 NOT:5 OPEN:2 CLOSE:3 VIDEO:3 INSIDE:1 AND:21 WORLD:3 SPECIAL:3 BOARD:4 SEE:12 ALL:12 NOW:2 TOP:2 THE:36 SQUARE:1 HOLD:1 HINDI:1 ITO:1 MARITES:1 VIEW:1 ORDER:1 GOOD:1 METRO:1 MANILA:3 PERSONAL:1 FIRST:1 LOOK:1 HOME:1 SARA:3 ATIN:1 ANG:1 BREAK:1 DAKILA:1 KALIKASAN:1 LEGAL:1 YOU:4 KNOW:2 PITIK:1 BULAG:1 SCHOOL:1 SUPPORT:4 SEARCH:1 WAYS:3 CORONA:1 LAST:2 CALL:1 THERE:3 SAID:5 LONG:2 BUT:2 EVEN:1 PART:1 WAS:1 CAN:1 BIG:1 DEAL:1 OUT:2 OUR:1 WHY:2 DAY:1 CHAT:3 NAME:1 MORE:2 RIGHT:1 WHERE:1 GET:1 YOUR:1 ARE:1 READ:1
https://www.rappler.com/business/387-san-miguel-unit-eyes-controlling-stake-in-skyway/	SAN:13 OPEN:2 CLOSE:3 VIDEO:3 INSIDE:1 AND:32 WORLD:3 SPECIAL:3 BOARD:4 SEE:12 ALL:13 NOW:2 TOP:2 THE:64 SQUARE:1 HOLD:2 HINDI:1 ITO:1 MARITES:1 VIEW:1 ORDER:1 GOOD:1 METRO:7 MANILA:9 PERSONAL:1 FIRST:1 LOOK:1 HOME:1 SARA:3 ATIN:1 ANG:1 BREAK:1 DAKILA:1 FOR:10 KALIKASAN:1 LEGAL:1 YOU:4 KNOW:2 PITIK:1 BULAG:1 SCHOOL:1 SUPPORT:4 SEARCH:1 PROJECT:7 ALSO:2 READ:2 FULL:1 NEW:5 SAID:4 ARE:7 HARI:4 STAR:2 YEAR:4 WAS:2 DAY:1 MORE:5 LONG:1 JUST:1 OUR:1 AMONG:1 RUN:1 MAKATI:1 BALINTAWAK:1 WAY:1 PASIG:1 TAYTAY:1 TOTAL:1 CHAT:3 NAME:1 RIGHT:1 WHERE:1 GET:1 OUT:1 YOUR:1 WHY:1
https://www.rappler.com/philippines/389-ph-navy-unveils-new-assets/	NEW:4 OPEN:2 CLOSE:3 VIDEO:3 INSIDE:1 AND:31 WORLD:3 SPECIAL:3 BOARD:4 SEE:12 ALL:12 NOW:3 TOP:2 THE:54 SQUARE:1 HOLD:1 HINDI:1 ITO:1 MARITES:1 VIEW:1 ORDER:1 GOOD:1 METRO:1 MANILA:4 PERSONAL:1 FIRST:1 LOOK:1 HOME:1 SARA:3 ATIN:1 ANG:5 BREAK:1 DAKILA:1 FOR:9 KALIKASAN:1 LEGAL:1 YOU:4 KNOW:2 PITIK:1 BULAG:1 SCHOOL:1 SUPPORT:5 SEARCH:1 MODERN:2 LEAD:2 READ:2 FULL:1 ADDRESS:1 BARKO:1 REPUBLIKA:1 ONE:1 WAS:4 SAID:4 PROJECT:1 ALSO:2 ARE:2 TWO:2 MORE:3 TRANSPORT:1 RESCUE:1 PAG:1 ASA:1 BEEN:1 NAME:2 PANGULO:3 HOSPITAL:1 AID:1 CHAT:3 RIGHT:1 WHERE:1 GET:1 OUT:1 YOUR:1 WHY:1
https://www.rappler.com/philippines/390-corona-s-special-guest/	SPECIAL:5 OPEN:2 CLOSE:3 VIDEO:3 INSIDE:1 AND:46 WORLD:3 BOARD:4 SEE:12 ALL:14 NOW:4 TOP:2 THE:114 SQUARE:1 HOLD:1 HINDI:2 ITO:3 MARITES:1 VIEW:2 ORDER:1 GOOD:1 METRO:2 MANILA:4 PERSONAL:1 FIRST:1 LOOK:1 HOME:1 SARA:3 ATIN:1 ANG:12 BREAK:1 DAKILA:1 FOR:12 KALIKASAN:1 LEGAL:3 YOU:4 KNOW:2 PITIK:1 BULAG:1 SCHOOL:1 SUPPORT:6 SEARCH:1 ROMERO:1 WAS:30 CORONA:23 ARE:5 DUE:2 BEEN:2 ENTIRE:1 READ:3 FULL:1 ONE:3 WHY:3 THERE:1 SAID:9 ALSO:5 BAR:4 LIST:1 MAY:5 PUNO:3 TWO:2 YEAR:1 AKO:2 RAW:2 ISANG:2 DAPAT:1 AKIN:1 ILING:1 TALAGA:2 LINGKOD:1 DUMAAN:1 PROSESO:2 AYON:1 ATING:2 BATAS:1 KASAMA:1 DITO:1 NOON:3 DATING:1 MAHISTRADO:1 CAN:1 SHAKE:1 BUT:3 MORE:3 BAN:1 GANOON:1 NAMAN:1 PAG:1 DIRETSO:1 YUN:1 NGA:1 LANG:1 MABILIS:1 THIRD:1 MATAGAL:2 KORTE:2 SUPREMA:2 NANG:1 TAPOS:1 KUNG:1 REKLAMO:1 MAN:1 SILA:1 HATOL:1 SANA:1 IPINAGLABAN:1 NILA:1 LONG:1 JUST:1 BAKIT:1 PARA:1 HAWAK:1 NIYA:1 LEEG:1 OWN:1 OVER:3 MOVE:1 HACIENDA:1 SUGAR:1 NOT:5 HAY:2 EVEN:1 DEAL:1 PADRE:1 BLACK:1 RULE:1 AMONG:1 OUT:2 PART:1 NANINIWALA:1 TAYONG:1 LAHAT:1 PATI:1 MGA:1 MALAY:1 TAGAHANGA:1 SAPAGKAT:1 TUNAY:1 LAYUNIN:1 WASAKIN:2 HUDIKATURA:1 DEMOKRASYA:1 PAIRALIN:1 UTOS:1 MAHAL:1 HARI:1 BALUKTOT:1 MATUWID:1 REAL:1 OUR:1 LET:1 WHERE:2 CHAT:3 NAME:1 RIGHT:1 GET:1 YOUR:1
https://www.rappler.com/philippines/406-corona-blasts-pnoy/	CORONA:3 OPEN:2 CLOSE:3 VIDEO:3 INSIDE:1 AND:18 WORLD:4 SPECIAL:3 BOARD:4 SEE:12 ALL:12 NOW:2 TOP:2 THE:15 SQUARE:1 HOLD:1 HINDI:1 ITO:1 MARITES:1 VIEW:1 ORDER:1 GOOD:1 METRO:1 MANILA:3 PERSONAL:1 FIRST:1 LOOK:1 HOME:1 SARA:3 ATIN:1 ANG:1 BREAK:1 DAKILA:1 FOR:5 KALIKASAN:1 LEGAL:1 YOU:4 KNOW:2 PITIK:1 BULAG:1 SCHOOL:1 SUPPORT:4 SEARCH:1 BLACK:1 CHAT:3 NAME:1 AMONG:1 AWARD:1 WAS:2 ALSO:1 ONE:1 YOUNG:1 MORE:3 RIGHT:1 WHERE:1 GET:1 OUT:1 YOUR:1 WHY:1 ARE:1 READ:1
https://www.rappler.com/philippines/409-impeachment-of-sc-justices-by-installment/	OPEN:2 CLOSE:3 VIDEO:3 INSIDE:1 AND:16 WORLD:3 SPECIAL:3 BOARD:4 SEE:12 ALL:12 NOW:2 TOP:2 THE:11 SQUARE:1 HOLD:1 HINDI:1 ITO:1 MARITES:1 VIEW:1 ORDER:1 GOOD:1 METRO:1 MANILA:2 PERSONAL:1 FIRST:1 LOOK:1 HOME:1 SARA:3 ATIN:1 ANG:1 BREAK:1 DAKILA:1 FOR:4 KALIKASAN:1 LEGAL:1 YOU:4 KNOW:2 PITIK:1 BULAG:1 SCHOOL:1 SUPPORT:4 SEARCH:1 CHAT:3 NAME:1 MORE:2 RIGHT:1 WHERE:1 GET:1 OUT:1 YOUR:1 WHY:1 ARE:1 READ:1
https://www.rappler.com/philippines/410-speaker-belmonte-comments-on-statement-of-fr-bernas/	OPEN:2 CLOSE:3 VIDEO:3 INSIDE:1 AND:16 WORLD:3 SPECIAL:3 BOARD:4 SEE:12 ALL:12 NOW:2 TOP:2 THE:12 SQUARE:1 HOLD:1 HINDI:1 ITO:1 MARITES:1 VIEW:1 ORDER:1 GOOD:1 METRO:1 MANILA:2 PERSONAL:1 FIRST:1 LOOK:1 HOME:1 SARA:3 ATIN:1 ANG:1 BREAK:1 DAKILA:1 FOR:5 KALIKASAN:1 LEGAL:1 YOU:4 KNOW:2 PITIK:1 BULAG:1 SCHOOL:1 SUPPORT:4 SEARCH:1 CHAT:8 CAN:1 YOUR:2 DAYS:1 STOP:1 YEAR:1 OUT:2 MORE:3 RIGHT:1 WHERE:1 GET:1 WHY:1 ARE:1 READ:1
https://www.rappler.com/moveph/331-writing-a-world-in-just-30-days/	WORLD:14 JUST:10 DAYS:6 OPEN:2 CLOSE:5 VIDEO:3 INSIDE:1 AND:57 SPECIAL:3 BOARD:4 SEE:13 ALL:16 NOW:2 TOP:2 THE:88 SQUARE:1 HOLD:1 HINDI:1 ITO:1 MARITES:1 VIEW:2 ORDER:1 GOOD:3 METRO:1 MANILA:4 PERSONAL:1 FIRST:6 LOOK:1 HOME:1 SARA:3 ATIN:1 ANG:1 BREAK:1 DAKILA:1 FOR:35 KALIKASAN:1 LEGAL:1 YOU:19 KNOW:3 PITIK:1 BULAG:1 SCHOOL:1 SUPPORT:4 SEARCH:1 LET:2 YOUR:4 DALISAY:9 READ:4 FULL:1 MAY:7 NOT:13 BUT:14 GREAT:3 BEEN:3 EXERCISE:2 WAS:2 EVEN:9 MORE:6 NEW:2 THERE:5 ARE:13 DEAL:2 RIGHT:3 DOWN:3 PAPER:2 OUT:12 AMONG:1 COME:3 YEAR:2 PART:3 CAN:6 ELEMENT:1 ENTIRE:2 ONE:6 DAY:4 END:3 DOUBLE:1 PLOT:1 MUCH:3 THANK:1 OVER:1 LONG:1 MARK:4 TAKE:2 LIKE:3 REGULAR:1 TWO:1 TRIP:1 ABLE:1 BAHAY:1 YAN:1 LIBRO:1 AKO:1 STOP:1 GET:8 FINE:1 MONEY:1 OWN:1 STYLE:1 SIMPLE:1 MEAN:2 COMMERCIAL:1 TRY:1 SMALL:1 THINK:3 SHOW:1 MUNA:1 BAGO:1 MAGLARO:1 LABAS:1 GIVE:1 CALL:1 REAL:1 TASTE:1 WHY:2 RUN:1 CHAT:3 NAME:1 WHERE:1
https://www.rappler.com/philippines/393-is-marquez-lying/	OPEN:2 CLOSE:3 VIDEO:3 INSIDE:1 AND:23 WORLD:3 SPECIAL:3 BOARD:4 SEE:12 ALL:14 NOW:2 TOP:2 THE:33 SQUARE:1 HOLD:1 HINDI:2 ITO:1 MARITES:1 VIEW:1 ORDER:2 GOOD:1 METRO:1 MANILA:4 PERSONAL:1 FIRST:1 LOOK:1 HOME:1 SARA:3 ATIN:1 ANG:2 BREAK:1 DAKILA:1 FOR:9 KALIKASAN:1 LEGAL:1 YOU:4 KNOW:2 PITIK:1 BULAG:1 SCHOOL:1 SUPPORT:7 SEARCH:1 WAS:3 LAST:1 READ:2 FULL:1 SAID:3 NOT:2 GIVE:1 BUT:2 MAY:3 SHOW:1 CORONA:1 ARE:3 LANG:1 HAPON:1 AKO:1 LAHAT:1 WALA:1 TAYO:1 YAN:1 KUNG:1 SUPORTA:1 GUSTO:1 NILA:1 IPADAMA:1 OVER:1 CHAT:3 NAME:1 MORE:2 RIGHT:1 WHERE:1 GET:1 OUT:1 YOUR:1 WHY:1
https://www.rappler.com/business/395-ayala-wins-aquino-govt-s-first-ppp-project/	FIRST:10 PROJECT:11 OPEN:2 CLOSE:3 VIDEO:4 INSIDE:1 AND:30 WORLD:3 SPECIAL:3 BOARD:4 SEE:12 ALL:12 NOW:2 TOP:3 THE:94 SQUARE:1 HOLD:1 HINDI:1 ITO:1 MARITES:1 VIEW:1 ORDER:1 GOOD:1 METRO:4 MANILA:5 PERSONAL:1 LOOK:1 HOME:1 SARA:3 ATIN:1 ANG:2 BREAK:1 DAKILA:1 FOR:13 KALIKASAN:1 LEGAL:1 YOU:4 KNOW:2 PITIK:1 BULAG:1 SCHOOL:1 SUPPORT:4 SEARCH:1 BALL:8 HARI:3 ONE:4 TRAFFIC:2 READ:2 FULL:2 SAN:2 STAR:1 YEAR:7 THERE:1 ARE:3 WAS:3 THINK:1 NEW:1 LAS:1 SAID:1 REAL:2 BEEN:2 MAY:2 OUT:2 PART:1 AWARD:1 OVER:1 WAY:1 BIG:1 CHAT:18 ANGAT:6 BUHAY:6 END:3 STYLE:1 RED:2 MORE:5 KUSINA:1 PAG:1 ASA:1 HOT:1 STATE:1 BADOY:1 NOT:1 KULANG:1 KONTEKSTO:1 BEST:1 RIGHT:1 WHERE:1 GET:1 YOUR:1 WHY:1
https://www.rappler.com/business/396-4-million-unemployed-filipinos-as-of-oct-2011-nso/	OPEN:2 CLOSE:3 VIDEO:3 INSIDE:1 AND:18 WORLD:3 SPECIAL:3 BOARD:4 SEE:12 ALL:12 NOW:2 TOP:2 THE:23 SQUARE:1 HOLD:1 HINDI:1 ITO:1 MARITES:1 VIEW:1 ORDER:1 GOOD:1 METRO:2 MANILA:4 PERSONAL:1 FIRST:1 LOOK:1 HOME:1 SARA:3 ATIN:1 ANG:1 BREAK:1 DAKILA:1 FOR:4 KALIKASAN:1 LEGAL:1 YOU:4 KNOW:2 PITIK:1 BULAG:1 SCHOOL:2 SUPPORT:4 SEARCH:1 LAST:2 YEAR:2 TOTAL:2 ARE:3 MORE:4 ONE:2 THIRD:1 FIFTH:1 CHAT:3 NAME:1 RIGHT:1 WHERE:1 GET:1 OUT:1 YOUR:1 WHY:1 READ:1
https://www.rappler.com/business/403-ayala-outbids-san-miguel-in-daang-hari-slex-toll-road/	SAN:3 HARI:5 OPEN:2 CLOSE:3 VIDEO:3 INSIDE:1 AND:19 WORLD:3 SPECIAL:3 BOARD:4 SEE:12 ALL:12 NOW:2 TOP:2 THE:21 SQUARE:1 HOLD:1 HINDI:1 ITO:1 MARITES:1 VIEW:1 ORDER:1 GOOD:1 METRO:1 MANILA:3 PERSONAL:1 FIRST:2 LOOK:1 HOME:1 SARA:3 ATIN:1 ANG:1 BREAK:1 DAKILA:1 FOR:6 KALIKASAN:1 LEGAL:1 YOU:4 KNOW:2 PITIK:1 BULAG:1 SCHOOL:1 SUPPORT:4 SEARCH:1 PROJECT:3 ONE:1 CHAT:3 NAME:1 MORE:2 RIGHT:1 WHERE:1 GET:1 OUT:1 YOUR:1 WHY:1 ARE:1 READ:1
https://www.rappler.com/business/404-ayala-feels-good-after-winning-1st-ppp/	OPEN:2 CLOSE:3 VIDEO:3 INSIDE:1 AND:18 WORLD:3 SPECIAL:3 BOARD:4 SEE:12 ALL:12 NOW:2 TOP:2 THE:19 SQUARE:1 HOLD:1 HINDI:1 ITO:1 MARITES:1 VIEW:1 ORDER:1 GOOD:1 METRO:1 MANILA:3 PERSONAL:1 FIRST:3 LOOK:1 HOME:1 SARA:3 ATIN:1 ANG:1 BREAK:1 DAKILA:1 FOR:4 KALIKASAN:1 LEGAL:1 YOU:4 KNOW:2 PITIK:1 BULAG:1 SCHOOL:1 SUPPORT:4 SEARCH:1 MOVE:2 HARI:2 PROJECT:2 WAS:1 CHAT:3 NAME:1 MORE:2 RIGHT:1 WHERE:1 GET:1 OUT:1 YOUR:1 WHY:1 ARE:1 READ:1
https://www.rappler.com/business/405-filipinos-send-home-record-1-8-b-in-oct-2011/	HOME:5 OPEN:2 CLOSE:3 VIDEO:3 INSIDE:1 AND:23 WORLD:3 SPECIAL:3 BOARD:4 SEE:12 ALL:12 NOW:2 TOP:3 THE:35 SQUARE:1 HOLD:1 HINDI:1 ITO:1 MARITES:1 VIEW:1 ORDER:1 GOOD:1 METRO:1 MANILA:3 PERSONAL:1 FIRST:1 LOOK:1 SARA:3 ATIN:1 ANG:1 BREAK:1 DAKILA:1 FOR:7 KALIKASAN:1 LEGAL:1 YOU:4 KNOW:2 PITIK:1 BULAG:1 SCHOOL:1 SUPPORT:5 SEARCH:1 NOT:1 BUT:1 BANGKO:1 SENTRAL:1 LAST:2 YEAR:2 ARE:2 WAS:1 HIT:1 SHOW:1 OVER:1 SAID:1 ALSO:2 PART:1 MAY:1 MORE:3 CHAT:3 NAME:1 RIGHT:1 WHERE:1 GET:1 OUT:1 YOUR:1 WHY:1 READ:1
https://www.rappler.com/philippines/411-aquino-signs-p1-816-trillion-2012-budget-into-law/	OPEN:2 CLOSE:5 VIDEO:3 INSIDE:1 AND:42 WORLD:3 SPECIAL:3 BOARD:4 SEE:12 ALL:12 NOW:3 TOP:3 THE:53 SQUARE:1 HOLD:1 HINDI:1 ITO:1 MARITES:1 VIEW:1 ORDER:1 GOOD:1 METRO:1 MANILA:3 PERSONAL:1 FIRST:1 LOOK:1 HOME:1 SARA:3 ATIN:1 ANG:4 BREAK:1 DAKILA:1 FOR:15 KALIKASAN:1 LEGAL:1 YOU:5 KNOW:2 PITIK:1 BULAG:1 SCHOOL:1 SUPPORT:5 SEARCH:1 PART:1 READ:2 FULL:1 MORE:4 OVER:1 THIRD:1 ONE:1 FOURTH:1 FIFTH:1 PERA:1 NINYO:1 PARA:1 KAPAKANAN:1 BAWAT:1 PISO:1 NITO:1 HANDA:1 KAYO:1 RIN:1 MGA:1 BOSS:1 AMONG:3 EDUCATION:2 GETS:1 AGRICULTURE:2 ALSO:2 SAID:4 BEEN:2 ARE:5 SOON:1 SPEED:1 OUR:1 JUST:1 RULE:1 THERE:1 END:1 ABAD:1 TOTAL:1 LAST:1 YEAR:1 CHAT:3 NAME:1 RIGHT:1 WHERE:1 GET:1 OUT:1 YOUR:1 WHY:1
https://www.rappler.com/philippines/412-maguindanao-blast-kills-2/	OPEN:2 CLOSE:3 VIDEO:3 INSIDE:1 AND:20 WORLD:3 SPECIAL:3 BOARD:4 SEE:12 ALL:12 NOW:2 TOP:2 THE:44 SQUARE:1 HOLD:1 HINDI:1 ITO:1 MARITES:1 VIEW:1 ORDER:1 GOOD:1 METRO:1 MANILA:3 PERSONAL:1 FIRST:3 LOOK:1 HOME:1 SARA:3 ATIN:1 ANG:1 BREAK:1 DAKILA:1 FOR:4 KALIKASAN:1 LEGAL:1 YOU:4 KNOW:2 PITIK:1 BULAG:1 SCHOOL:1 SUPPORT:4 SEARCH:1 TWO:2 ONE:3 DATU:2 DUE:2 WAS:5 CUT:1 TOTO:1 ALSO:2 BOMB:3 GIVE:1 POLICE:2 SAID:3 ARE:3 BEEN:1 LET:1 MILITARY:1 NOT:1 CHAT:3 NAME:1 MORE:2 RIGHT:1 WHERE:1 GET:1 OUT:1 YOUR:1 WHY:1 READ:1
https://www.rappler.com/business/413-ayala-s-daang-hari-project-to-complement-real-estate-biz/	HARI:9 PROJECT:11 REAL:6 OPEN:2 CLOSE:3 VIDEO:3 INSIDE:1 AND:24 WORLD:3 SPECIAL:3 BOARD:4 SEE:12 ALL:13 NOW:2 TOP:2 THE:43 SQUARE:1 HOLD:1 HINDI:1 ITO:1 MARITES:1 VIEW:2 ORDER:1 GOOD:1 METRO:1 MANILA:3 PERSONAL:1 FIRST:2 LOOK:1 HOME:1 SARA:3 ATIN:1 ANG:1 BREAK:1 DAKILA:1 FOR:7 KALIKASAN:1 LEGAL:1 YOU:4 KNOW:2 PITIK:1 BULAG:1 SCHOOL:1 SUPPORT:4 SEARCH:1 MAY:2 JUST:2 BUT:2 COMMERCIAL:2 PART:2 TRAFFIC:2 DUE:1 READ:2 FULL:1 OUR:2 SAID:1 ONE:1 TWO:1 AWARD:1 YEAR:1 WAS:1 SAN:1 RIGHT:2 WAY:1 SIX:1 SECOND:1 PER:1 GET:2 DAAN:1 THIRD:1 WATER:1 AMONG:1 CHAT:3 NAME:1 MORE:2 WHERE:1 OUT:1 YOUR:1 WHY:1 ARE:1
https://www.rappler.com/philippines/414-long-senate-trial-looms/	LONG:2 OPEN:2 CLOSE:3 VIDEO:3 INSIDE:1 AND:16 WORLD:3 SPECIAL:3 BOARD:4 SEE:12 ALL:18 NOW:2 TOP:2 THE:42 SQUARE:1 HOLD:1 HINDI:1 ITO:1 MARITES:1 VIEW:1 ORDER:1 GOOD:1 METRO:1 MANILA:3 PERSONAL:2 FIRST:1 LOOK:1 HOME:1 SARA:3 ATIN:1 ANG:1 BREAK:2 DAKILA:1 FOR:9 KALIKASAN:1 LEGAL:1 YOU:5 KNOW:2 PITIK:1 BULAG:1 SCHOOL:1 SUPPORT:4 SEARCH:1 NOT:12 CORONA:4 BUT:4 MUST:1 NORTE:2 DUE:1 READ:4 WAS:3 FULL:2 YEAR:1 DRAG:1 SIX:2 ONE:3 SAID:6 EIGHT:1 CHAIR:1 LAST:1 SHOW:1 TRY:1 EVEN:1 ARE:4 BEST:1 RESORT:1 SOON:1 SEASON:1 THERE:1 CHAT:3 NAME:1 MORE:2 RIGHT:1 WHERE:1 GET:1 OUT:1 YOUR:1 WHY:1
https://www.rappler.com/philippines/418-impeach-bid-vs-another-justice-still-alive/	OPEN:2 CLOSE:3 VIDEO:3 INSIDE:1 AND:17 WORLD:3 SPECIAL:3 BOARD:4 SEE:12 ALL:13 NOW:2 TOP:2 THE:35 SQUARE:1 HOLD:1 HINDI:1 ITO:1 MARITES:1 VIEW:1 ORDER:1 GOOD:1 METRO:1 MANILA:3 PERSONAL:1 FIRST:1 LOOK:1 HOME:1 SARA:3 ATIN:1 ANG:1 BREAK:1 DAKILA:1 FOR:7 KALIKASAN:1 LEGAL:1 YOU:4 KNOW:2 PITIK:1 BULAG:1 SCHOOL:1 SUPPORT:4 SEARCH:1 ALBAY:1 DAY:2 BUT:1 NOT:3 ARE:3 SAID:1 COMFORT:1 WAS:2 SECOND:1 YEAR:1 BEEN:1 DAYS:1 THERE:1 REGULAR:1 CORONA:1 ONE:1 THIRD:1 ALSO:1 TWO:1 MORE:3 CHAT:3 NAME:1 RIGHT:1 WHERE:1 GET:1 OUT:1 YOUR:1 WHY:1 READ:1
https://www.rappler.com/newsbreak/420-newsbreak-stories-cited-in-impeachment-complaint/	OPEN:2 CLOSE:3 VIDEO:3 INSIDE:1 AND:42 WORLD:3 SPECIAL:3 BOARD:4 SEE:12 ALL:15 NOW:3 TOP:3 THE:191 SQUARE:1 HOLD:1 HINDI:1 ITO:1 MARITES:1 VIEW:2 ORDER:7 GOOD:1 METRO:1 MANILA:5 PERSONAL:1 FIRST:5 LOOK:1 HOME:1 SARA:3 ATIN:1 ANG:1 BREAK:1 DAKILA:1 FOR:22 KALIKASAN:1 LEGAL:4 YOU:4 KNOW:2 PITIK:1 BULAG:1 SCHOOL:1 SUPPORT:4 SEARCH:1 CORONA:22 TWO:10 WAS:19 READ:4 FULL:3 ANTE:6 SAID:8 TRIBUNAL:2 NOT:6 SERENO:2 ONE:2 DAY:3 PRESBITERO:2 LUIS:1 SEPTEMBER:5 BEEN:1 NORTE:1 MOVE:1 LIST:1 EIGHT:1 ABAD:1 MAKABAYAN:1 BAN:3 ALSO:5 SENIOR:4 NEW:1 PUNO:1 MAY:2 END:1 DOWN:2 ARE:2 CAN:1 EXPRESS:1 NATURAL:1 STAR:1 OUT:2 ERMITA:1 MAYOR:2 AGRICULTURE:1 ANDAYA:1 SUR:1 YEAR:1 LAKAS:1 KAMPI:1 ABLE:1 RUN:2 GIVE:1 WAY:1 STATE:1 BUT:2 RAPE:1 DEAL:1 LAST:1 MILITARY:1 RULE:1 DATU:1 ANDAL:1 EVEN:1 MORE:3 KEY:1 TAKE:1 OVER:1 CHAT:3 NAME:1 RIGHT:1 WHERE:1 GET:1 YOUR:1 WHY:1
https://www.rappler.com/philippines/427-the-best-and-brightest-at-up-lantern-parade/	THE:35 BEST:3 AND:24 OPEN:2 CLOSE:3 VIDEO:3 INSIDE:1 WORLD:3 SPECIAL:3 BOARD:4 SEE:12 ALL:12 NOW:2 TOP:2 SQUARE:1 HOLD:1 HINDI:1 ITO:1 MARITES:1 VIEW:1 ORDER:1 GOOD:1 METRO:1 MANILA:3 PERSONAL:1 FIRST:2 LOOK:1 HOME:1 SARA:3 ATIN:1 ANG:1 BREAK:1 DAKILA:1 FOR:8 KALIKASAN:1 LEGAL:1 YOU:4 KNOW:2 PITIK:1 BULAG:1 SCHOOL:1 SUPPORT:4 SEARCH:1 BRIGHT:1 AWARD:1 PROJECT:1 TRY:1 KILO:1 LIGHT:3 TWO:2 FINE:1 LAST:1 MORE:3 ARE:2 WAY:1 GABI:1 CHAT:3 NAME:1 RIGHT:1 WHERE:1 GET:1 OUT:1 YOUR:1 WHY:1 READ:1
https://www.rappler.com/philippines/428-resign-corona-told/	CORONA:11 OPEN:2 CLOSE:3 VIDEO:3 INSIDE:1 AND:33 WORLD:3 SPECIAL:3 BOARD:4 SEE:12 ALL:12 NOW:3 TOP:2 THE:49 SQUARE:1 HOLD:1 HINDI:1 ITO:1 MARITES:1 VIEW:1 ORDER:1 GOOD:1 METRO:1 MANILA:3 PERSONAL:1 FIRST:1 LOOK:1 HOME:1 SARA:3 ATIN:1 ANG:1 BREAK:1 DAKILA:1 FOR:11 KALIKASAN:1 LEGAL:2 YOU:4 KNOW:2 PITIK:1 BULAG:1 SCHOOL:1 SUPPORT:4 SEARCH:1 ROMERO:1 ARE:6 OVER:2 READ:2 FULL:1 STATE:1 BLACK:1 WHITE:1 BANTAY:1 SAID:5 ONE:1 BOSS:1 WAS:5 MAY:1 BAN:2 TWO:1 ALSO:1 FLAG:1 TRIBUNAL:1 SEPTEMBER:1 YEAR:1 BUT:1 REAL:1 LIKE:1 CHAT:3 NAME:1 MORE:2 RIGHT:1 WHERE:1 GET:1 OUT:1 YOUR:1 WHY:1
https://www.rappler.com/philippines/421-did-pasay-rtc-judge-try-to-extort-money-from-abalos/	TRY:2 MONEY:3 OPEN:2 CLOSE:3 VIDEO:3 INSIDE:1 AND:25 WORLD:3 SPECIAL:3 BOARD:4 SEE:12 ALL:12 NOW:2 TOP:2 THE:37 SQUARE:1 HOLD:1 HINDI:1 ITO:1 MARITES:1 VIEW:1 ORDER:1 GOOD:1 METRO:1 MANILA:2 PERSONAL:1 FIRST:1 LOOK:1 HOME:2 SARA:3 ATIN:1 ANG:1 BREAK:1 DAKILA:1 FOR:18 KALIKASAN:1 LEGAL:1 YOU:4 KNOW:2 PITIK:1 BULAG:1 SCHOOL:2 SUPPORT:4 SEARCH:1 MAY:2 DUE:1 TWO:8 WHY:3 NOT:4 READ:2 FULL:1 ARE:2 SAID:6 CAN:2 GET:2 ATENEO:1 LONG:1 WAS:7 HOTEL:2 MAKATI:1 DAY:1 DAYS:3 THERE:1 JUST:1 BEEN:1 ALSO:1 SHOW:1 ANDAL:1 CHAT:8 YOUR:2 STOP:1 YEAR:1 OUT:2 MORE:3 RIGHT:1 WHERE:1
https://www.rappler.com/philippines/429-npas-kill-5-soldiers-wound-2-others/	OPEN:2 CLOSE:3 VIDEO:3 INSIDE:1 AND:20 WORLD:3 SPECIAL:3 BOARD:4 SEE:12 ALL:12 NOW:2 TOP:2 THE:26 SQUARE:1 HOLD:1 HINDI:1 ITO:1 MARITES:1 VIEW:1 ORDER:1 GOOD:1 METRO:1 MANILA:3 PERSONAL:1 FIRST:3 LOOK:1 HOME:1 SARA:3 ATIN:1 ANG:1 BREAK:1 DAKILA:1 FOR:4 KALIKASAN:1 LEGAL:1 YOU:4 KNOW:2 PITIK:1 BULAG:1 SCHOOL:1 SUPPORT:4 SEARCH:1 DAY:4 NEW:1 DOWN:1 TWO:2 SAID:2 BARANGAY:1 MABUHAY:1 SUR:1 MILITARY:2 ALSO:1 JAN:1 CHAT:3 NAME:1 MORE:2 RIGHT:1 WHERE:1 GET:1 OUT:1 YOUR:1 WHY:1 ARE:1 READ:1
https://www.rappler.com/philippines/430-ex-senator-vicente-paterno-re-corona-s-ties-with-gma/	OPEN:2 CLOSE:3 VIDEO:3 INSIDE:1 AND:16 WORLD:3 SPECIAL:3 BOARD:4 SEE:12 ALL:12 NOW:2 TOP:2 THE:13 SQUARE:1 HOLD:1 HINDI:1 ITO:1 MARITES:1 VIEW:1 ORDER:1 GOOD:1 METRO:1 MANILA:3 PERSONAL:1 FIRST:1 LOOK:1 HOME:1 SARA:3 ATIN:1 ANG:1 BREAK:1 DAKILA:1 FOR:4 KALIKASAN:1 LEGAL:1 YOU:4 KNOW:2 PITIK:1 BULAG:1 SCHOOL:1 SUPPORT:4 SEARCH:1 CORONA:2 CHAT:3 NAME:1 MORE:2 RIGHT:1 WHERE:1 GET:1 OUT:1 YOUR:1 WHY:1 ARE:1 READ:1
https://www.rappler.com/video/daily-wrap/432-all-i-want-for-christmas-are-these-gadgets/	ALL:14 FOR:6 ARE:3 OPEN:2 TOP:4 CLOSE:3 VIDEO:3 INSIDE:1 AND:16 WORLD:3 SPECIAL:3 BOARD:4 SEE:12 NOW:2 THE:11 SQUARE:1 HOLD:1 HINDI:1 ITO:1 MARITES:1 VIEW:1 ORDER:1 GOOD:1 METRO:1 MANILA:2 PERSONAL:1 FIRST:1 LOOK:1 HOME:1 SARA:3 ATIN:1 ANG:1 BREAK:1 DAKILA:1 KALIKASAN:1 LEGAL:1 YOU:6 KNOW:2 PITIK:1 BULAG:1 SCHOOL:1 SUPPORT:4 SEARCH:1 BEST:2 EXPRESS:2 YOUR:3 LOVE:2 CHAT:3 NAME:1 MORE:2 RIGHT:1 WHERE:1 GET:1 OUT:1 WHY:1 READ:1
https://www.rappler.com/philippines/437-at-least-436-dead-from-sendong-flash-floods/	FLASH:9 OPEN:2 CLOSE:4 VIDEO:3 INSIDE:1 AND:44 WORLD:3 SPECIAL:3 BOARD:4 SEE:12 ALL:15 NOW:2 TOP:2 THE:72 SQUARE:1 HOLD:1 HINDI:1 ITO:1 MARITES:1 VIEW:1 ORDER:1 GOOD:1 METRO:1 MANILA:3 PERSONAL:1 FIRST:1 LOOK:3 HOME:1 SARA:3 ATIN:1 ANG:2 BREAK:1 DAKILA:1 FOR:10 KALIKASAN:1 LEGAL:1 YOU:4 KNOW:2 PITIK:1 BULAG:1 SCHOOL:1 SUPPORT:4 SEARCH:4 ORO:9 ARE:9 HIT:7 RESCUE:2 READ:2 FULL:1 NAME:2 RED:3 SAID:8 NORTE:1 SUR:1 ONE:1 PUT:2 STATE:2 YEAR:2 AVERAGE:1 EVENING:1 EIGHT:1 DAY:2 THERE:2 BEEN:5 WATER:3 NOT:3 MORE:8 WHERE:2 RIGHT:2 AWAY:1 EVEN:1 THIRD:1 RAIN:2 BUT:1 MAYOR:1 KAMI:1 LAHAT:1 DUMATING:1 TULOG:1 MGA:1 TAO:1 TUBIG:1 BAHA:1 GALING:1 BUNDOK:1 BUMABA:1 SIYUDAD:1 INTERVIEW:1 OVER:1 OUT:2 WAS:1 NATURAL:2 AMONG:1 CAN:1 LONG:1 ADDRESS:1 AIR:1 LANG:1 ALERT:1 CUT:1 LATE:1 SUNDAY:1 CHAT:3 GET:1 YOUR:1 WHY:1
https://www.rappler.com/philippines/438-pagasa-bulletin-as-of-10-pm-dec-17/	OPEN:2 CLOSE:3 VIDEO:3 INSIDE:1 AND:21 WORLD:3 SPECIAL:3 BOARD:4 SEE:12 ALL:12 NOW:2 TOP:2 THE:15 SQUARE:1 HOLD:1 HINDI:1 ITO:1 MARITES:1 VIEW:1 ORDER:1 GOOD:1 METRO:1 MANILA:2 PERSONAL:1 FIRST:1 LOOK:1 HOME:1 SARA:3 ATIN:1 ANG:1 BREAK:1 DAKILA:1 FOR:4 KALIKASAN:1 LEGAL:1 YOU:4 KNOW:2 PITIK:1 BULAG:1 SCHOOL:1 SUPPORT:4 SEARCH:1 HIT:1 SUNDAY:3 WAS:1 MOVE:1 EVENING:1 OUT:2 WHERE:2 ARE:2 CHAT:3 NAME:1 MORE:2 RIGHT:1 GET:1 YOUR:1 WHY:1 READ:1
https://www.rappler.com/philippines/440-sendong-leaves-almost-600-dead-at-least-370-missing-red-cross/	RED:6 OPEN:2 CLOSE:3 VIDEO:3 INSIDE:1 AND:39 WORLD:3 SPECIAL:3 BOARD:4 SEE:12 ALL:13 NOW:4 TOP:2 THE:49 SQUARE:1 HOLD:1 HINDI:1 ITO:1 MARITES:1 VIEW:3 ORDER:1 GOOD:1 METRO:1 MANILA:3 PERSONAL:1 FIRST:1 LOOK:1 HOME:1 SARA:3 ATIN:1 ANG:1 BREAK:1 DAKILA:1 FOR:7 KALIKASAN:1 LEGAL:1 YOU:4 KNOW:2 PITIK:1 BULAG:1 SCHOOL:2 SUPPORT:4 SEARCH:2 ARE:4 NOT:3 READ:2 FULL:1 DAY:1 NAME:2 SUNDAY:1 SAID:5 NOON:1 WAS:1 RAIN:1 FLASH:1 ORO:3 HIT:1 COMMERCIAL:1 MILITARY:1 ALSO:1 OUT:3 AWAY:1 TRY:1 WAY:1 OVER:1 CHAT:3 MORE:2 RIGHT:1 WHERE:1 GET:1 YOUR:1 WHY:1
https://www.rappler.com/business/441-iphone-4s-war-hits-manila/	MANILA:6 OPEN:2 CLOSE:3 VIDEO:3 INSIDE:1 AND:20 WORLD:3 SPECIAL:3 BOARD:4 SEE:12 ALL:12 NOW:2 TOP:2 THE:25 SQUARE:1 HOLD:1 HINDI:1 ITO:1 MARITES:1 VIEW:1 ORDER:1 GOOD:1 METRO:1 PERSONAL:1 FIRST:2 LOOK:1 HOME:1 SARA:3 ATIN:1 ANG:1 BREAK:1 DAKILA:1 FOR:10 KALIKASAN:1 LEGAL:1 YOU:4 KNOW:2 PITIK:1 BULAG:1 SCHOOL:1 SUPPORT:4 SEARCH:1 OUT:3 BEST:2 NEW:3 WAS:1 READ:2 FULL:1 GET:2 MORE:3 CHAT:3 NAME:1 RIGHT:1 WHERE:1 YOUR:1 WHY:1 ARE:1
https://www.rappler.com/philippines/443-aerial-video-shows-aftermath-of-sendong/	VIDEO:7 OPEN:2 CLOSE:3 INSIDE:1 AND:16 WORLD:3 SPECIAL:3 BOARD:4 SEE:12 ALL:12 NOW:2 TOP:2 THE:17 SQUARE:1 HOLD:1 HINDI:1 ITO:1 MARITES:1 VIEW:1 ORDER:1 GOOD:1 METRO:1 MANILA:3 PERSONAL:1 FIRST:1 LOOK:1 HOME:1 SARA:3 ATIN:1 ANG:1 BREAK:1 DAKILA:1 FOR:5 KALIKASAN:1 LEGAL:1 YOU:4 KNOW:2 PITIK:1 BULAG:1 SCHOOL:1 SUPPORT:4 SEARCH:1 WAS:2 ORO:1 FLASH:1 RED:1 CHAT:3 NAME:1 MORE:2 RIGHT:1 WHERE:1 GET:1 OUT:1 YOUR:1 WHY:1 ARE:1 READ:1
https://www.rappler.com/philippines/444-iligan-city-runs-out-of-space-to-lay-the-dead/	OUT:3 LAY:2 THE:18 OPEN:2 CLOSE:3 VIDEO:4 INSIDE:1 AND:16 WORLD:3 SPECIAL:3 BOARD:4 SEE:12 ALL:12 NOW:2 TOP:2 SQUARE:1 HOLD:1 HINDI:1 ITO:1 MARITES:1 VIEW:1 ORDER:1 GOOD:1 METRO:1 MANILA:3 PERSONAL:1 FIRST:1 LOOK:1 HOME:1 SARA:3 ATIN:1 ANG:1 BREAK:1 DAKILA:1 FOR:4 KALIKASAN:1 LEGAL:1 YOU:4 KNOW:2 PITIK:1 BULAG:1 SCHOOL:1 SUPPORT:4 SEARCH:1 ARE:2 ONE:1 FLASH:1 NAME:2 HIT:1 CHAT:3 MORE:2 RIGHT:1 WHERE:1 GET:1 YOUR:1 WHY:1 READ:1
https://www.rappler.com/philippines/446-sendong-exits-philippines/	OPEN:2 CLOSE:4 VIDEO:3 INSIDE:2 AND:28 WORLD:3 SPECIAL:3 BOARD:4 SEE:12 ALL:12 NOW:3 TOP:2 THE:39 SQUARE:1 HOLD:1 HINDI:1 ITO:1 MARITES:1 VIEW:1 ORDER:1 GOOD:1 METRO:1 MANILA:3 PERSONAL:1 FIRST:1 LOOK:1 HOME:1 SARA:3 ATIN:1 ANG:1 BREAK:1 DAKILA:1 FOR:7 KALIKASAN:1 LEGAL:1 YOU:4 KNOW:2 PITIK:1 BULAG:1 SCHOOL:1 SUPPORT:4 SEARCH:1 ONE:2 HIT:2 OUT:5 ARE:3 BUT:1 READ:2 FULL:1 WAS:2 SAID:2 OVER:1 RED:1 MORE:3 SUNDAY:1 PUT:1 FLASH:1 ORO:1 AWAY:1 ENTIRE:1 CUT:1 RESCUE:1 RUN:2 LAY:1 MUST:1 AMONG:1 SMALL:1 WHERE:2 CHAT:3 NAME:1 RIGHT:1 GET:1 YOUR:1 WHY:1
https://tribune.net.ph/2026/08/31/11-arrested-in-police-clearance-of-anti-mining-barricade-in-kasibu-nueva-vizcaya	SEPTEMBER:6 NOW:1 SUPPORT:2 SHOW:2 MORE:7 THE:46 PAGE:1 METRO:1 WORLD:1 DYARYO:1 TIRADA:1 ALL:2 EDIT:1 TOP:1 PROJECT:1 LARAWAN:1 TINDAHAN:1 FOR:10 POLICE:14 MIN:1 READ:4 MINE:4 LONG:1 RAW:1 HOME:1 ROMERO:1 MOVE:1 AND:23 DOWN:1 GET:3 YOUR:4 CHAT:2 TAKE:1 SEARCH:2 OVER:4 BARANGAY:2 SAID:9 CALL:2 BEEN:2 MAYOR:1 WAS:2 OUT:1 PENAL:1 ALSO:6 RIGHT:1 EXPRESS:1 BUT:2 ARE:1 ORDER:1 ONE:1 NOT:1 PART:1 RULE:1 TWO:1 SHABU:3 OPEN:2 AMONG:1 BLACK:1
https://tribune.net.ph/2026/08/31/john-ternus-to-lead-apple-into-the-age-of-ai	SEPTEMBER:5 NOW:3 SUPPORT:2 SHOW:2 MORE:8 THE:63 PAGE:1 METRO:1 WORLD:14 DYARYO:1 TIRADA:1 ALL:3 EDIT:1 TOP:1 PROJECT:1 LARAWAN:1 TINDAHAN:1 FOR:8 LEAD:2 APPLE:8 MIN:1 READ:4 TAKE:2 SHIFT:1 FULL:1 GET:3 YOUR:6 AND:19 CHAT:2 SEARCH:2 KOREA:4 TWO:8 OUT:1 FRESH:2 SUNDAY:1 OUR:1 BEEN:2 ONE:4 KEY:1 OIL:1 HIT:1 OVER:3 BUT:7 WHITE:2 TIM:3 YEAR:1 RUN:1 SUPPLY:3 ENGINEER:2 WAY:2 SENIOR:2 ENTIRE:1 GETS:1 SETTLE:1 WHERE:2 FIRST:3 ORDER:1 SAID:9 NEW:2 WAS:2 ARE:1 LIKE:2 LONG:1 NOT:3 INSIDE:1 CUT:1 EVEN:1 KNOW:3 YOU:1 AMONG:1 ALSO:3 PARK:1 BOARD:1 DAY:1 EIGHT:1 DAYS:1 HOME:1 BET:1 CAN:1 MUST:1 MAY:1
https://tribune.net.ph/2026/08/31/putin-xi-hold-talks-in-kyrgyzstan-as-regional-summit-begins	SEPTEMBER:3 NOW:2 SUPPORT:2 SHOW:2 MORE:7 THE:58 PAGE:1 METRO:1 WORLD:16 DYARYO:1 TIRADA:1 ALL:3 EDIT:1 TOP:2 PROJECT:1 LARAWAN:1 TINDAHAN:1 FOR:7 HOLD:3 MIN:1 READ:4 RIGHT:1 AND:34 SHAKE:1 OUT:1 FRESH:2 SUNDAY:1 OUR:3 BEEN:1 TWO:10 ONE:1 KEY:1 OIL:2 HIT:1 GET:3 YOUR:4 CHAT:2 TAKE:2 SEARCH:2 KOREA:4 WHERE:1 STATE:1 ALSO:8 DAY:1 AMONG:3 YEAR:1 SIX:1 WASHINGTON:2 WAS:3 SEE:1 EVEN:1 ORDER:1 SAID:5 LAST:1 MAY:1 END:1 CAR:1 MILITARY:1 NOT:3 COME:1 DAYS:1 TRIP:1 FIRST:1 FIRE:1 ARE:3 DUE:1 PART:1 BUT:3 REAL:2 TRANSPORT:1 TAKING:1 EXPERT:1 CAN:1 HOME:1 BET:1
https://tribune.net.ph/2026/08/31/habagat-to-bring-heavy-rains-over-ilocos-northern-luzon-through-3-september	SEPTEMBER:9 NOW:1 SUPPORT:2 SHOW:2 MORE:7 THE:27 PAGE:1 METRO:2 WORLD:1 DYARYO:1 TIRADA:1 ALL:2 EDIT:1 TOP:1 PROJECT:1 LARAWAN:1 TINDAHAN:1 FOR:6 HABAGAT:10 OVER:8 MIN:1 READ:4 AND:26 ARE:3 OUT:1 MANILA:2 RAIN:4 AGRICULTURE:1 NORTE:7 STATE:4 DUE:4 WATER:4 NINO:3 NAGA:1 WAS:2 SUPPLY:1 GETS:1 BOARD:1 NOT:1 SARA:1 LISA:1 TWO:3 YEAR:1 SHABU:5 TOTAL:1 GET:3 YOUR:4 CHAT:2 AIR:3 TAKE:1 SEARCH:2 MOVE:3 EDUCATION:3 EVENING:5 ALSO:4 SAID:1 SUR:4 ABRA:3 KALINGA:1 BATAAN:3 MAY:6 DAYS:1 BEEN:2
https://tribune.net.ph/2026/08/31/tesda-invitation-for-bids	SEPTEMBER:6 NOW:1 SUPPORT:2 SHOW:3 MORE:6 THE:8 PAGE:1 METRO:1 WORLD:1 DYARYO:1 TIRADA:1 ALL:3 EDIT:1 TOP:1 PROJECT:1 LARAWAN:1 TINDAHAN:1 FOR:8 MIN:1 READ:1 YOUR:5 TAKE:1 GET:2 AND:2 CHAT:1 SEARCH:2 WHERE:3 NEW:1 NORTE:3 STYLE:1 AIR:1 GILAS:1 HOT:1
https://tribune.net.ph/2026/08/31/areit-inc-notice-of-special-stockholders-meeting	SEPTEMBER:5 NOW:1 SUPPORT:2 SHOW:3 MORE:6 THE:9 PAGE:1 METRO:1 WORLD:1 DYARYO:1 TIRADA:1 ALL:2 EDIT:1 TOP:1 PROJECT:1 LARAWAN:1 TINDAHAN:1 FOR:3 SPECIAL:9 MIN:1 READ:1 YOUR:4 TAKE:1 GET:2 AND:3 CHAT:1 SEARCH:2 DEAL:3 COMMERCIAL:1 TRAFFIC:1 GETS:3 FIRST:3 TWO:3 KEY:3 STYLE:1 AIR:1 GILAS:1 HOT:1
https://tribune.net.ph/2026/08/31/ubp-investments-corporationnotice-of-stockholders-special-meeting	SEPTEMBER:8 NOW:1 SUPPORT:2 SHOW:3 MORE:6 THE:12 PAGE:1 METRO:1 WORLD:1 DYARYO:1 TIRADA:1 ALL:5 EDIT:1 TOP:1 PROJECT:1 LARAWAN:1 TINDAHAN:1 FOR:2 SPECIAL:3 MIN:1 READ:1 YOUR:7 TAKE:1 GET:2 AND:2 CHAT:1 SEARCH:2 WHERE:3 NEW:3 BLACK:1 STYLE:1 AIR:1 GILAS:1 HOT:1
https://tribune.net.ph/2026/08/31/ambuklao-officials-seek-dredging-priority	SEPTEMBER:3 NOW:1 SUPPORT:2 SHOW:2 MORE:7 THE:34 PAGE:1 METRO:1 WORLD:2 DYARYO:1 TIRADA:1 ALL:2 EDIT:1 TOP:1 PROJECT:1 LARAWAN:1 TINDAHAN:1 FOR:8 MIN:1 READ:4 GET:3 YOUR:4 AND:22 CHAT:2 TAKE:1 SEARCH:2 AIR:3 MOVE:3 AGRICULTURE:1 NORTE:4 STATE:4 DUE:4 WATER:5 NINO:3 NAGA:1 WAS:2 SUPPLY:1 GETS:1 BOARD:1 NOT:1 SARA:1 LISA:1 TWO:2 YEAR:1 OVER:2 SHABU:2 TOTAL:1 EDUCATION:3 BARANGAY:4 ADDRESS:1 ARE:1 WHERE:1 ALSO:3 LONG:1 PLAN:1 AMONG:1 SHUT:1 BEEN:1 SIX:1
https://tribune.net.ph/2026/08/31/church-leaders-urge-open-dialogue-amid-mining-conflicts	SEPTEMBER:3 NOW:1 SUPPORT:3 SHOW:2 MORE:6 THE:36 PAGE:1 METRO:1 WORLD:1 DYARYO:1 TIRADA:1 ALL:2 EDIT:1 TOP:1 PROJECT:2 LARAWAN:1 TINDAHAN:1 FOR:9 OPEN:3 MIN:1 READ:4 AGRICULTURE:1 NORTE:4 STATE:4 DUE:4 WATER:4 NINO:3 NAGA:1 WAS:2 SUPPLY:1 AND:17 GETS:1 BOARD:1 NOT:3 SARA:1 LISA:1 TWO:3 YEAR:1 OVER:2 SHABU:2 TOTAL:1 GET:3 YOUR:4 CHAT:2 AIR:4 TAKE:1 SEARCH:2 MOVE:3 EDUCATION:3 AMONG:1 DOWN:1 JUST:1 SAID:4 BUT:1 WHERE:1 THERE:1 LET:3 POLICE:1 EXERCISE:1 ALSO:3 MAY:1 HOLD:1 LEGAL:1 MUST:1 OUR:1 BAN:1 MINE:1
https://tribune.net.ph/2026/08/31/habagat-onslaught-prompts-landslide-hazards	SEPTEMBER:3 NOW:1 SUPPORT:2 SHOW:2 MORE:6 THE:39 PAGE:1 METRO:1 WORLD:1 DYARYO:1 TIRADA:1 ALL:3 EDIT:1 TOP:1 PROJECT:1 LARAWAN:1 TINDAHAN:1 FOR:7 HABAGAT:2 MIN:1 READ:4 AND:30 TUBA:2 ARE:2 EXERCISE:1 POLICE:1 GET:3 YOUR:4 CHAT:2 TAKE:3 SEARCH:2 AIR:3 MOVE:3 AGRICULTURE:1 NORTE:4 STATE:5 DUE:5 WATER:5 NINO:3 NAGA:1 WAS:3 SUPPLY:1 GETS:1 BOARD:1 NOT:1 SARA:1 LISA:1 TWO:3 YEAR:1 OVER:1 SHABU:2 TOTAL:1 EDUCATION:3 TRAFFIC:1 BARANGAY:8 FIRST:1 YELLOW:1 COURSE:1 HAY:2 VIEW:1 PARK:4 BAYAN:1 HOTEL:1 MUSEO:1 OPEN:1 STONE:1 MILITARY:1 AWAN:1 DRAGON:1 AMONG:1 ALSO:2 SCHOOL:2 BEEN:1 TRINIDAD:1 PART:1
https://tribune.net.ph/2026/08/31/ocd-p848-b-infra-crops-damaged-by-recent-storms	SEPTEMBER:6 NOW:4 SUPPORT:3 SHOW:3 MORE:8 THE:38 PAGE:1 METRO:5 WORLD:1 DYARYO:1 TIRADA:1 ALL:3 EDIT:1 TOP:1 PROJECT:1 LARAWAN:1 TINDAHAN:1 FOR:5 MIN:1 READ:4 COVER:1 SAN:1 HABAGAT:5 OVER:1 AND:33 AGRICULTURE:4 SAID:5 LUIS:3 WHERE:2 MUCH:1 LISA:1 AIR:1 GET:3 YOUR:4 CHAT:2 HIT:3 TAKE:1 SEARCH:5 SUR:3 PENINSULA:1 MANILA:3 STATE:1 BATAAN:2 TOTAL:1 DUE:1 ARE:3 RESCUE:2 ONE:1 WAS:1 AID:2 WATER:1 RAIN:1 KEY:1 TRAFFIC:1 ALSO:2 OUT:2 ROMERO:1 POLICE:1 MILITARY:1 OPS:1 SHABU:1
https://tribune.net.ph/2026/08/31/denr-cites-bayawan-city-as-solid-waste-management-model	SEPTEMBER:3 NOW:1 SUPPORT:3 SHOW:3 MORE:6 THE:47 PAGE:1 METRO:1 WORLD:1 DYARYO:1 TIRADA:1 ALL:3 EDIT:1 TOP:1 PROJECT:1 LARAWAN:1 TINDAHAN:1 FOR:8 MIN:1 READ:4 AGRICULTURE:1 NORTE:4 STATE:4 DUE:4 WATER:4 NINO:3 NAGA:1 WAS:4 SUPPLY:1 AND:33 GETS:1 BOARD:1 NOT:3 SARA:1 LISA:1 TWO:2 YEAR:1 OVER:1 SHABU:2 TOTAL:2 GET:3 YOUR:5 CHAT:2 AIR:4 TAKE:1 SEARCH:2 MOVE:3 EDUCATION:3 NATURAL:1 SAID:4 ALSO:4 OUR:2 BEST:1 CAN:2 BARANGAY:2 SPECIAL:1 LATE:1 OPEN:1 BANGA:1 PLAN:1 YOU:1 MUST:1 REGULAR:1 ADDRESS:1 THERE:2 BUT:1 STOP:1 LINGKOD:1 BAYAN:1 AWARD:1 ARE:2 PART:1 OWN:1 STYLE:1 GILAS:1 HOT:1 ZERO:2
https://tribune.net.ph/2026/08/31/cdo-hosts-first-higalaay-dancesports-invitational	SEPTEMBER:3 NOW:1 SUPPORT:3 SHOW:2 MORE:6 THE:47 PAGE:1 METRO:1 WORLD:1 DYARYO:1 TIRADA:1 ALL:2 EDIT:1 TOP:1 PROJECT:1 LARAWAN:1 TINDAHAN:1 FOR:8 FIRST:3 MIN:1 READ:4 ORO:6 AGRICULTURE:1 NORTE:5 STATE:4 DUE:4 WATER:4 NINO:3 NAGA:1 WAS:3 SUPPLY:1 AND:24 GETS:1 BOARD:1 NOT:1 SARA:1 LISA:1 TWO:2 YEAR:2 OVER:2 SHABU:2 TOTAL:1 GET:3 YOUR:4 CHAT:2 AIR:3 TAKE:1 SEARCH:2 MOVE:3 EDUCATION:3 BARANGAY:1 OPEN:2 PART:1 TANGO:1 CHA:3 SAMBA:1 RUMBA:1 PASO:1 DOBLE:1 KEY:1 PATRON:1 ALSO:3 PUNTOD:1 PARK:1 MILITARY:2 ROTUNDA:1 SAID:2 MUST:1 POLICE:1 WHERE:1 CAN:1 PILOT:1 TRAFFIC:2 VIEW:1 MAYOR:1 DIES:1 SCHOOL:1 LONG:1 CLOSE:1 TAGAYTAY:1 OUT:1 SENIOR:2
https://tribune.net.ph/2026/08/31/pe%C3%B1afrancia-festival-preps-prompt-massive-city-cleanup	SEPTEMBER:14 NOW:1 SUPPORT:3 SHOW:3 MORE:6 THE:78 PAGE:1 METRO:1 WORLD:2 DYARYO:1 TIRADA:1 ALL:1 EDIT:1 TOP:1 PROJECT:1 LARAWAN:1 TINDAHAN:1 FOR:13 MIN:1 READ:4 NAGA:10 AND:27 MOVE:4 EDUCATION:1 NATURAL:1 AGRICULTURE:1 NORTE:2 STATE:3 DUE:2 WATER:2 NINO:1 WAS:2 SUPPLY:1 GETS:1 BOARD:1 NOT:2 SARA:1 LISA:1 GET:3 YOUR:4 CHAT:2 TAKE:1 SEARCH:2 AIR:3 ONE:2 SUR:1 OUR:3 ANDAS:1 WHERE:1 ALSO:4 HOME:2 END:1 MAYOR:1 SAID:1 OVER:1 KEY:1 STAR:1 RUN:1 ARE:1 MILITARY:1 MOUNT:1 FIRST:2 DOG:1 PAKIL:2 NEW:1 PART:1
https://tribune.net.ph/2026/08/31/meralco-nears-full-power-restoration	SEPTEMBER:3 NOW:1 SUPPORT:2 SHOW:3 MORE:7 THE:26 PAGE:1 METRO:2 WORLD:1 DYARYO:1 TIRADA:1 ALL:3 EDIT:1 TOP:1 PROJECT:1 LARAWAN:1 TINDAHAN:1 FOR:10 FULL:2 MIN:1 READ:4 AGRICULTURE:1 NORTE:4 STATE:4 DUE:4 WATER:4 NINO:3 NAGA:1 WAS:2 SUPPLY:1 AND:19 GETS:1 BOARD:1 NOT:1 SARA:1 LISA:1 TWO:2 YEAR:1 OVER:1 SHABU:2 TOTAL:2 GET:3 YOUR:5 CHAT:2 AIR:4 TAKE:1 SEARCH:2 MOVE:3 EDUCATION:3 MANILA:4 HABAGAT:4 ROUND:1 BASE:1 ARE:3 OUR:2 SAID:2 THANK:1 ONE:2 PLAN:1 DAYS:1 STYLE:1 GILAS:1 HOT:1 ALSO:2 MAY:1
https://tribune.net.ph/2026/08/31/army-mobilizes-troops-assets-for-luzon-flood-response	SEPTEMBER:3 NOW:1 SUPPORT:3 SHOW:2 MORE:7 THE:35 PAGE:1 METRO:5 WORLD:1 DYARYO:1 TIRADA:1 ALL:2 EDIT:1 TOP:1 PROJECT:1 LARAWAN:1 TINDAHAN:1 FOR:11 MIN:1 READ:4 AND:32 BATAAN:2 AGRICULTURE:1 NORTE:4 STATE:4 DUE:4 WATER:7 NINO:4 NAGA:1 WAS:3 SUPPLY:1 GETS:1 BOARD:1 NOT:2 SARA:1 LISA:1 TWO:2 YEAR:1 OVER:2 SHABU:3 TOTAL:1 GET:3 YOUR:4 CHAT:2 AIR:6 TAKE:1 SEARCH:6 MOVE:3 EDUCATION:3 MILITARY:7 ALA:3 SAID:3 RESCUE:6 ENGINEER:1 ARE:1 AID:2 ALSO:4 SAN:1 SUNDAY:1 MANILA:1 MALABON:3 SCHOOL:4 LOTE:1 MAYOR:1 DAMPALIT:1 BARANGAY:2 MALANDAY:1 POLICE:1 OPS:1 BUT:1 EVEN:1
https://tribune.net.ph/2026/08/31/allies-launch-annual-military-drill	SEPTEMBER:4 NOW:1 SUPPORT:2 SHOW:2 MORE:7 THE:35 PAGE:1 METRO:1 WORLD:14 DYARYO:1 TIRADA:1 ALL:2 EDIT:1 TOP:1 PROJECT:1 LARAWAN:1 TINDAHAN:1 FOR:6 MILITARY:9 AND:25 MIN:1 READ:4 GET:3 YOUR:4 CHAT:2 TAKE:1 SEARCH:2 KOREA:4 TWO:10 OUT:1 FRESH:2 SUNDAY:1 OUR:1 BEEN:1 ONE:1 KEY:1 OIL:1 HIT:1 NEUTRAL:1 GOOD:1 WASHINGTON:1 WAS:3 PART:1 FOURTH:1 SAID:3 EXERCISE:1 SCHOOL:1 WHERE:1 SPECIAL:1 THIRD:1 YEAR:2 HOLD:1 OWN:1 LAST:1 BUT:1 ALSO:3 DEAL:1 BOARD:1 HOME:1 BET:1 NINO:1 RAIN:1 MAY:1
https://tribune.net.ph/2026/08/31/morgues-overflow-burials-begin	SEPTEMBER:3 NOW:1 SUPPORT:2 SHOW:2 MORE:10 THE:53 PAGE:1 METRO:1 WORLD:13 DYARYO:1 TIRADA:1 ALL:2 EDIT:1 TOP:1 PROJECT:1 LARAWAN:1 TINDAHAN:1 FOR:5 BEEN:7 MIN:1 READ:4 FLASH:2 GET:3 YOUR:4 AND:18 CHAT:2 TAKE:1 SEARCH:2 KOREA:4 TWO:8 OUT:1 FRESH:2 SUNDAY:4 OUR:1 ONE:1 KEY:1 OIL:1 HIT:1 SCREEN:2 MAN:2 WAS:3 BEST:2 LIKE:1 SAID:8 ARE:4 ALSO:4 WATER:1 CLOSE:1 RESCUE:1 DAY:1 STATE:1 TAKING:1 LIST:1 HOSPITAL:1 HOLD:1 AIR:1 BUT:1 SHORT:1 THERE:1 RED:1 SAW:1 LONG:1 CAN:1 BAG:1 HOME:1 BET:1 MANILA:1 NOT:1
https://tribune.net.ph/2026/08/31/iran-retaliates-after-first-us-strikes-in-a-month	SEPTEMBER:5 NOW:1 SUPPORT:2 SHOW:2 MORE:10 THE:56 PAGE:1 METRO:1 WORLD:10 DYARYO:1 TIRADA:1 ALL:2 EDIT:1 TOP:1 PROJECT:1 LARAWAN:1 TINDAHAN:1 FOR:9 FIRST:3 SMALL:2 MIN:1 READ:4 GET:6 YOUR:4 AND:13 CHAT:2 TAKE:1 SEARCH:2 HOME:4 PESO:1 MAY:3 REAL:1 SECOND:1 NOT:3 OUT:3 MILITARY:3 FRESH:1 SAID:7 TWO:2 AIR:2 WASHINGTON:2 EIGHT:1 ALSO:3 BASE:1 DOWN:1 OVER:2 SUNDAY:1 DAYS:1 WAS:2 ARE:2 BUT:1 STATE:1 FIRE:1 HIT:2 SIX:1 MARK:1 BEEN:1 ONE:1 FIFTH:1 OIL:1 LAST:1 TIM:1 BET:1 KOREA:1 COVER:1
https://tribune.net.ph/2026/08/31/we-are-standing-firm-maduro-says-in-photo-posts-from-detention	SEPTEMBER:3 NOW:1 SUPPORT:2 SHOW:3 MORE:7 THE:37 PAGE:1 METRO:1 WORLD:14 DYARYO:1 TIRADA:1 ALL:4 EDIT:1 TOP:1 PROJECT:1 LARAWAN:1 TINDAHAN:1 FOR:8 ARE:5 AND:19 MIN:1 READ:4 PLUS:1 GET:3 YOUR:5 CHAT:2 TAKE:1 SEARCH:2 KOREA:4 TWO:10 OUT:2 FRESH:2 SUNDAY:3 OUR:2 BEEN:3 ONE:1 KEY:1 OIL:3 HIT:1 SAID:1 WAS:2 WHERE:1 MILITARY:1 NEW:5 SMALL:1 GOOD:2 LOVE:2 YOU:1 KNOW:1 FULL:1 DAY:1 NOT:3 BUT:2 DAYS:1 WASHINGTON:1 PER:1 CALL:1 CLOSE:1 FATHER:1 LATE:1 HOME:1 BET:1 ALSO:2 CUT:1 SECOND:1
https://tribune.net.ph/2026/08/31/google-maps-renames-lake-ontario-lake-america	SEPTEMBER:3 NOW:2 SUPPORT:2 SHOW:4 MORE:7 THE:52 PAGE:1 METRO:1 WORLD:14 DYARYO:1 TIRADA:1 ALL:2 EDIT:1 TOP:1 PROJECT:1 LARAWAN:1 TINDAHAN:1 FOR:7 SEE:5 WATER:3 MIN:1 READ:4 GET:3 YOUR:4 AND:14 CHAT:2 TAKE:1 SEARCH:2 NEW:3 TWO:5 SAID:7 OUT:2 FRESH:3 SUNDAY:5 KOREA:4 WASHINGTON:2 WAS:2 NAME:5 ELEMENT:1 FIRST:1 TAKING:1 EVEN:1 APPLE:1 MOVE:3 ALSO:4 GREAT:1 STATE:1 LIKE:1 CALL:1 JUST:2 BEEN:2 DRY:1 HIT:1 YOU:1 MOTOR:1 STOP:1 ARE:1 BUT:1 DOUBLE:1 OWN:1 CLOSE:1 HOME:1 BET:1 ORDER:1 MARK:1
https://tribune.net.ph/2026/08/31/about-15-people-missing-after-grand-canyon-flash-flood	SEPTEMBER:3 NOW:1 SUPPORT:2 SHOW:2 MORE:8 THE:29 PAGE:1 METRO:1 WORLD:14 DYARYO:1 TIRADA:1 ALL:2 EDIT:1 TOP:1 PROJECT:1 LARAWAN:1 TINDAHAN:1 FOR:5 FLASH:6 MIN:1 READ:4 PARK:9 OUT:1 FRESH:2 SUNDAY:3 OUR:1 BEEN:3 AND:16 TWO:8 ONE:1 KEY:2 OIL:1 HIT:2 GET:3 YOUR:4 CHAT:2 TAKE:1 SEARCH:2 KOREA:4 MAY:1 SAID:6 VIDEO:1 WATER:3 DOWN:1 BRIGHT:1 ANGEL:1 WAS:2 THERE:1 BAN:1 CLOSE:1 OPEN:1 DAY:1 HOME:1 BET:1 ALSO:2 WHERE:1 FIRST:1 ENTIRE:1 BASIN:1
https://tribune.net.ph/2026/08/31/global-growth-iran-pressure-ong20-meet-agenda	SEPTEMBER:3 NOW:1 SUPPORT:2 SHOW:2 MORE:6 THE:57 PAGE:1 METRO:1 WORLD:14 DYARYO:1 TIRADA:1 ALL:3 EDIT:1 TOP:1 PROJECT:1 LARAWAN:1 TINDAHAN:1 FOR:4 NOT:7 COVER:2 MIN:1 READ:4 GET:3 YOUR:4 AND:19 CHAT:2 TAKE:1 SEARCH:2 KOREA:4 TWO:8 OUT:1 FRESH:2 SUNDAY:1 OUR:1 BEEN:2 ONE:1 KEY:2 OIL:1 HIT:1 OPEN:1 BLUE:1 BUT:3 OVER:4 ARE:4 CAN:1 ADDRESS:1 LAST:1 WASHINGTON:3 YEAR:3 TABLE:1 WAS:6 SENIOR:1 DOWN:1 AMONG:1 SEVEN:1 ALSO:4 NEW:4 SAID:8 JUST:1 WELCOME:1 WHERE:1 PLUS:1 HOME:1 BET:1 HOLD:1 COURSE:1 DEAL:1
https://tribune.net.ph/2026/08/31/floods-take-bite-out-of-christmas-cheer	SEPTEMBER:9 NOW:4 SUPPORT:2 SHOW:3 MORE:14 THE:74 PAGE:1 METRO:2 WORLD:1 DYARYO:1 TIRADA:1 ALL:1 EDIT:1 TOP:1 PROJECT:1 LARAWAN:1 TINDAHAN:1 FOR:32 TAKE:3 OUT:2 LISA:1 MIN:1 READ:4 COVER:1 SAN:2 HABAGAT:1 OVER:6 GET:4 YOUR:4 AND:32 CHAT:2 SEARCH:3 SARA:3 DARK:3 AMONG:3 ADDRESS:1 TAG:1 WAS:3 YUKO:1 BUT:6 HIT:1 NEW:2 JUST:1 SAID:10 TWO:1 ARE:7 FIRST:1 COMMERCIAL:1 SIMPLE:1 NGA:1 LUGAR:1 GETS:1 EIGHT:2 LONG:2 CAN:1 NOT:5 DITO:1 KASI:1 ANG:4 ORDER:1 AKIN:1 NGAYON:1 PANAHON:1 ITO:1 MGA:1 LANG:1 TALAGA:1 BARANGAY:1 AWAY:1 HOME:2 SECOND:1 WATER:5 GAMIT:1 LUMUTANG:1 DAGDAG:1 GASTOS:1 NAMIN:1 PAGKAIN:1 LUTO:1 MADALAS:1 RIN:1 OUR:2 WET:1 BEEN:3 RAIN:1 ONE:3 STATE:3 PLAN:1 MONEY:2 MAY:2 ALSO:6 YEAR:2 DEBATE:1 PART:1 KILOS:1 MAGBUBUKID:1 BIG:1 SIX:1 DEPENDE:1 ULAN:2 TUBIG:1 WAY:1
https://tribune.net.ph/2026/08/31/ten-years-on-memory-holds-the-line	SEPTEMBER:10 NOW:2 SUPPORT:3 SHOW:2 MORE:11 THE:157 PAGE:2 METRO:1 WORLD:3 DYARYO:1 TIRADA:1 ALL:1 EDIT:1 TOP:1 PROJECT:1 LARAWAN:1 TINDAHAN:1 FOR:20 DEKADA:7 SAMA:3 PAG:3 AND:93 PERSONAL:4 MIN:1 READ:5 GET:3 YOUR:4 CHAT:2 TAKE:1 SEARCH:2 MALAYA:3 CALL:3 POPULAR:1 WAYS:1 ONE:12 WHITE:3 INSTITUTO:1 MODERN:2 MAKATI:1 URBAN:2 FIRST:4 WHERE:3 SOLO:1 STAND:1 SQUARE:1 TWO:3 PARIS:3 AMONG:4 COME:1 LIGHT:1 NOT:5 SOON:1 PUT:1 OPLAN:1 DOUBLE:1 DAY:3 SAW:1 DUE:1 COMMON:1 GOOD:2 SILENT:1 INSIDE:1 OVER:2 LATE:1 RAIN:3 ALALA:2 FINE:1 DILIMAN:1 WAS:14 CLOSE:1 BEEN:5 SAID:4 JUST:2 DAYS:1 ALSO:4 PATAYIN:1 TALAGA:1 KITA:1 THIRD:1 PART:3 REMEMBER:1 OUT:1 NAME:1 MAN:2 YEAR:3 ARE:3 OUR:1 LANSANGAN:1 IRON:1 SHORT:1 PAUWI:1 VOICE:1 MOTHER:3 HOME:3 PAPAG:1 TAKING:1 DELA:1 LIKE:2 CAST:3 SIMPLE:1 NOTE:1 POLICE:4 TORE:1 GIRL:1 SALA:2 ENTIRE:1 PROPAGANDA:1 EVEN:1 YOU:1 SEE:2 WAY:2 BUT:2 LONG:1 NANLABAN:1 SILA:1 THERE:2 LUIS:1 MANILA:2 HOLD:1 SCREEN:1 TOTO:1
https://tribune.net.ph/2026/08/31/aetas-draw-line-on-pax-silica	SEPTEMBER:8 NOW:3 SUPPORT:2 SHOW:2 MORE:5 THE:72 PAGE:1 METRO:2 WORLD:1 DYARYO:1 TIRADA:1 ALL:3 EDIT:1 TOP:1 PROJECT:8 LARAWAN:1 TINDAHAN:1 FOR:20 MIN:1 READ:4 AND:25 KAMUNING:1 ARE:1 GET:3 YOUR:4 CHAT:2 TAKE:1 SEARCH:3 SARA:3 DARK:3 OVER:8 AMONG:2 ADDRESS:1 TAG:1 WAS:2 YUKO:1 NOT:3 NEW:5 MAY:1 SAID:12 OUR:5 SAPANG:1 KAWAYAN:1 SEVEN:1 DAYS:1 EVEN:1 COURSE:1 NATURAL:1 WAY:1 BEEN:2 OUT:1 ALSO:7 TAPANG:2 CHAIR:1 AGHAM:1 WATER:2 PER:1 DAY:1 MAKABAYAN:1 BARANGAY:2 MUST:1 WHERE:1 COME:1 CALL:1 HOME:1
https://tribune.net.ph/2026/08/31/ingat-marcos-tells-rain-hit-victims	SEPTEMBER:9 NOW:1 SUPPORT:2 SHOW:2 MORE:7 THE:60 PAGE:1 METRO:2 WORLD:1 DYARYO:1 TIRADA:1 ALL:3 EDIT:1 TOP:1 PROJECT:1 LARAWAN:1 TINDAHAN:1 FOR:10 INGAT:4 RAIN:3 HIT:4 MIN:1 READ:4 GET:3 YOUR:5 AND:24 CHAT:2 TAKE:2 SEARCH:3 SARA:3 DARK:3 OVER:3 AMONG:2 ADDRESS:2 TAG:1 WAS:4 YUKO:1 BRIEF:1 ALSO:5 SAID:9 OUR:1 OWN:1 VIDEO:1 DAYS:2 NATURAL:1 AID:1 THERE:2 YOU:1 NOT:2 KITCHEN:1 ARE:2 MUST:1 LONG:3 HAGONOY:1 LATE:1 LAST:1 TWO:3 LIKE:1 KNOW:1 STATE:3 BEEN:1 MAY:1 COMFORT:1 WATER:1 BUT:1 CAN:1 HOME:1 GETS:1 FIRST:1 KEY:1 TASTE:1 PLAN:1
https://tribune.net.ph/2026/08/31/slims-1980s-masterpieces-now-in-postcards	SEPTEMBER:3 NOW:7 SUPPORT:3 SHOW:2 MORE:9 THE:49 PAGE:1 METRO:1 WORLD:2 DYARYO:1 TIRADA:1 ALL:5 EDIT:1 TOP:2 PROJECT:1 LARAWAN:1 TINDAHAN:1 FOR:8 WAS:6 THERE:5 ARE:3 AND:36 MIN:1 READ:4 MARK:2 STOP:4 OUR:1 NOT:1 LONG:1 LUIS:2 ESPIRITU:2 OUT:1 DRAGON:1 FIRE:1 YOUR:5 STAR:1 MANILA:2 KNOW:1 BEEN:2 MALAYA:1 GET:6 CHAT:2 TWO:2 BLUE:3 SHANTUNG:2 YELLOW:1 PUFF:1 SATIN:4 BLACK:4 SARONG:1 SALMON:1 TAKE:1 SEARCH:2 SCHOOL:3 FIRST:2 WAY:1 SMALL:1 DUE:1 NEW:5 LATE:1 PARIS:1 STYLE:1 TRAIN:1 HOME:1 MOTHER:1 MAY:1 BEST:1 SAGA:1 ALSO:2 PART:1 WHY:1 REAL:1
https://tribune.net.ph/2026/08/31/4709-families-affected-by-habagat-in-16-ilocos-sur-areas	SEPTEMBER:6 NOW:2 SUPPORT:2 SHOW:2 MORE:7 THE:30 PAGE:1 METRO:2 WORLD:1 DYARYO:1 TIRADA:1 ALL:2 EDIT:1 TOP:1 PROJECT:1 LARAWAN:1 TINDAHAN:1 FOR:3 HABAGAT:13 SUR:13 MIN:1 READ:4 AND:13 OUR:1 ARE:1 NOT:1 AGRICULTURE:2 LUIS:1 GET:3 YOUR:4 CHAT:2 HIT:6 TAKE:1 SEARCH:2 BEEN:3 SAID:1 DUE:1 ALSO:4 BARANGAY:2 EIGHT:1 WAS:1 SEVEN:1 OVER:3 TWO:1 SHABU:3 POLICE:1 TAKING:1
https://tribune.net.ph/2026/08/31/siblings-surprise	SEPTEMBER:8 NOW:3 SUPPORT:2 SHOW:2 MORE:6 THE:39 PAGE:1 METRO:1 WORLD:2 DYARYO:1 TIRADA:1 ALL:3 EDIT:1 TOP:1 PROJECT:1 LARAWAN:1 TINDAHAN:1 FOR:7 MIN:1 READ:4 GET:3 YOUR:4 AND:14 CHAT:2 TAKE:1 SEARCH:2 ANIMAL:3 ONE:2 ABLE:1 BEEN:1 HELMET:1 MAN:1 WIT:1 MAY:1 WAYS:1 LAST:2 HOSPITAL:5 WHERE:1 NOT:3 BUT:2 TANG:2 POLICE:1 SAID:3 WAS:3 USA:1 LATE:1 YOUNG:1 TEST:1 OUT:1 REMEMBER:1 ALSO:2 GIRL:2 WASHINGTON:1 SIX:1 YEAR:2 PART:1
https://tribune.net.ph/2026/08/31/free-education-brighter-futures	SEPTEMBER:8 NOW:1 SUPPORT:2 SHOW:2 MORE:6 THE:36 PAGE:1 METRO:2 WORLD:1 DYARYO:1 TIRADA:1 ALL:3 EDIT:1 TOP:1 PROJECT:1 LARAWAN:1 TINDAHAN:1 FOR:5 EDUCATION:4 MIN:1 READ:4 GET:3 YOUR:4 AND:16 CHAT:2 TAKE:1 SEARCH:3 SARA:3 DARK:3 OVER:3 AMONG:2 ADDRESS:1 TAG:1 WAS:3 YUKO:1 FIRST:7 SILANG:2 PART:2 YOUNG:3 SCHOOL:4 MUCH:1 FATHER:1 ONE:2 GOOD:1 COME:1 YOU:2 SEE:1 BRIGHT:1 SAID:3 FULL:1 FORWARD:1 OUT:1 GIVE:1 THANK:1 GETS:1 TWO:1 KEY:1 TASTE:1 ALSO:2 SUNDAY:1 LISA:1
https://tribune.net.ph/2026/08/31/one-night-many-wrong-turns	SEPTEMBER:3 NOW:1 SUPPORT:2 SHOW:11 MORE:7 THE:37 PAGE:1 METRO:1 WORLD:2 DYARYO:1 TIRADA:1 ALL:2 EDIT:1 TOP:1 PROJECT:1 LARAWAN:1 TINDAHAN:1 FOR:11 ONE:7 TWO:4 BUT:3 MIN:1 READ:4 AND:19 GET:3 YOUR:9 CHAT:2 TAKE:1 SEARCH:2 DUA:6 LIPA:6 LOLA:3 LATE:4 ARE:2 AIR:4 THERE:2 FEED:1 MOVE:1 DOWN:1 LAKAMBINI:2 KAMUNING:1 POLICE:1 OVER:1 BEEN:2 NEW:4 BEST:1 LOVE:1 FIRST:2 CAN:3 WAYS:1 AWARD:1 SIMPLE:1 EVENING:1 REAL:1 SUPPLY:1 PART:1 WAY:1 COME:1 YOU:1 GETS:1 MODERN:1 TWIST:1 OUT:1 LEAD:1 CAST:1 MAYA:1 ALSO:4 SEASON:1 MEAN:2 DRAMA:2 SECOND:1
https://tribune.net.ph/2026/08/31/if-you-love-christian-grey-meetthe-early-springs-luan-nian	SEPTEMBER:4 NOW:1 SUPPORT:2 SHOW:9 MORE:10 THE:79 PAGE:1 METRO:1 WORLD:2 DYARYO:1 TIRADA:1 ALL:5 EDIT:1 TOP:1 PROJECT:1 LARAWAN:1 TINDAHAN:1 FOR:16 YOU:14 LOVE:7 MIN:1 READ:4 AND:36 LEAD:1 DRAMA:13 LATE:4 ARE:6 AIR:4 THERE:2 FEED:2 MOVE:1 DOWN:1 LAKAMBINI:2 KAMUNING:1 POLICE:1 OVER:3 BEEN:2 GET:3 YOUR:18 CHAT:4 SPRING:15 TAKE:1 SEARCH:2 LOLA:3 BUT:7 MAY:2 ONE:4 BOSS:5 MUCH:2 OWN:6 WHERE:2 MAN:5 WAS:1 LIKE:1 NOT:4 DEAL:1 ENTIRE:1 NEW:4 BOLD:1 OPEN:1 ALSO:4 COME:1 JUST:2 WHY:1 LAST:1 WAY:2 SCREEN:1 HOT:1 STAND:1 FIRST:2 BEST:1 TWO:3 URBAN:1 LET:1 REAL:1 CAN:3 VERSION:1 STYLE:1 SECOND:1 STAR:1 MANILA:1 KNOW:1 DAY:1 PESO:1 GOOD:1
https://tribune.net.ph/2026/08/31/petas-new-play-puts-a-flooded-philippines-onstage-2	SEPTEMBER:10 NOW:1 SUPPORT:2 SHOW:3 MORE:6 THE:37 PAGE:1 METRO:2 WORLD:1 DYARYO:1 TIRADA:1 ALL:1 EDIT:1 TOP:1 PROJECT:4 LARAWAN:1 TINDAHAN:1 FOR:4 NEW:4 GETS:5 AND:21 MIN:1 READ:4 YOUNG:6 TAKE:2 PART:2 GET:4 YOUR:4 CHAT:2 SEARCH:3 SARA:3 DARK:3 OVER:3 AMONG:2 ADDRESS:1 TAG:1 WAS:2 YUKO:1 MOVE:1 GOOD:1 EDUCATION:2 CAN:1 BALANGAY:1 ARE:1 OWN:1 NOT:1 COME:1 MUST:1 OUT:1 RUN:1 ALSO:4 MEE:1 CAST:1 ANDAYA:1 ADA:1 DAMAG:1 HOLD:1
https://tribune.net.ph/2026/08/31/lanao-del-norte-eyes-nas-campus	SEPTEMBER:3 NOW:1 SUPPORT:2 SHOW:2 MORE:5 THE:43 PAGE:1 METRO:1 WORLD:2 DYARYO:1 TIRADA:1 ALL:1 EDIT:1 TOP:2 PROJECT:1 LARAWAN:1 TINDAHAN:1 FOR:8 NORTE:9 MIN:1 READ:4 AND:19 GET:3 YOUR:4 CHAT:2 TAKE:1 SEARCH:2 HOME:2 BET:1 PERFECT:1 FIRST:2 AIR:1 THERE:1 FEED:1 NEW:1 STATE:4 GIVE:1 YOUNG:1 SAID:2 SCHOOL:1 EDUCATION:1 BOARD:1 OUR:1 OPEN:1 TRAIN:1 STUDY:1 SIX:1 ALSO:2 LIMA:5
https://tribune.net.ph/2026/08/31/summit-point-makes-pgt-return	SEPTEMBER:9 NOW:2 SUPPORT:2 SHOW:2 MORE:8 THE:76 PAGE:1 METRO:1 WORLD:2 DYARYO:1 TIRADA:1 ALL:2 EDIT:1 TOP:2 PROJECT:1 LARAWAN:1 TINDAHAN:1 FOR:5 MIN:1 READ:4 ANGELO:3 BEST:1 GET:3 YOUR:4 AND:25 CHAT:2 TAKE:1 SEARCH:2 LEAD:4 NEW:3 NOT:6 FORWARD:1 ARE:3 OVER:3 OPEN:1 TEST:3 JUST:2 CAN:3 WHITE:3 FLAG:3 MUCH:2 PUT:1 ONE:4 LIPA:1 LAST:2 ORDER:2 COURSE:6 MARK:1 BUT:6 FIRST:1 OWN:1 LONG:2 ALSO:5 SHORT:2 PAR:3 SOUND:1 WATER:1 STAND:1 FIFTH:1 TWO:3 BREAK:2 SECOND:1 SEASON:1 ELEMENT:1 KNOW:1 AWAY:1 HIT:1 PATIENT:1 DAYS:1 THIRD:1
https://tribune.net.ph/2026/08/31/ust-feu-dominate-intercollegiate-tourney-2	SEPTEMBER:4 NOW:1 SUPPORT:2 SHOW:3 MORE:6 THE:50 PAGE:1 METRO:1 WORLD:2 DYARYO:1 TIRADA:1 ALL:3 EDIT:1 TOP:1 PROJECT:1 LARAWAN:1 TINDAHAN:1 FOR:9 MIN:1 READ:4 AND:22 SUNDAY:3 PARIS:1 SAID:4 MUCH:1 LAST:5 YEAR:2 MAY:1 GREAT:2 MONACO:1 WAS:3 GETS:1 ROUND:1 OVER:5 JAN:1 OUT:5 OPEN:4 GET:3 YOUR:5 CHAT:2 TAKE:1 SEARCH:2 BIG:3 APPLE:3 STRESS:3 SANTO:1 HOME:1 MANILA:1 SIX:1 SCHOOL:4 SEASON:1 TAKING:1 TEST:1 OUR:4 ALSO:5 ABLE:1 TWO:5 SHY:1 PUT:1 ADDRESS:1 KATIPUNAN:1 DOWN:1 BLUE:1 ANGEL:1 RUN:1 DELOS:1 BANAS:1 STYLE:1 AIR:1 GILAS:2 HOT:1 TABLE:1 BAN:1
https://tribune.net.ph/2026/08/31/daily-feng-shui-horoscope-by-master-hanz-cua-549	SEPTEMBER:11 NOW:1 SUPPORT:2 SHOW:4 MORE:8 THE:31 PAGE:1 METRO:1 WORLD:2 DYARYO:1 TIRADA:1 ALL:4 EDIT:1 TOP:1 PROJECT:2 LARAWAN:1 TINDAHAN:1 FOR:12 MIN:1 READ:3 GET:6 YOUR:18 AND:18 CHAT:2 TAKE:5 SEARCH:2 WAS:3 STOP:4 OUR:1 NOT:17 LONG:4 LUIS:1 ESPIRITU:1 SUNDAY:1 LOVE:13 THERE:2 RIGHT:2 SIMPLE:3 YOU:16 CAN:2 NEW:6 IDEA:2 MAY:8 BUT:4 ENTIRE:1 FIRST:3 DAY:6 BLUE:1 MONEY:3 LIMIT:1 STYLE:1 AIR:1 GILAS:1 HOT:1 SMALL:4 LET:3 GOOD:5 LIST:1 DUE:1 WHITE:1 NOTE:1 ARE:5 RUSH:2 ONE:2 SCREEN:2 PLAN:2 END:1 DRAGON:1 STRETCH:1 BEEN:2 DAYS:2 MEAN:1 JUST:1 HORSE:1 BIG:2 TAKING:1 REMEMBER:1 EVEN:1 DOWN:1 TRY:1 SEASON:1 PASSWORD:1 PIN:1 SLEEP:1 BEST:1 AUTOMATIC:1 BROWN:1 DOG:1 PATIENT:1 YELLOW:1 ANIMAL:1 WAY:2 LIKE:1 THANK:1 ALSO:1
https://tribune.net.ph/2026/08/31/late-assault	SEPTEMBER:8 NOW:1 SUPPORT:2 SHOW:2 MORE:7 THE:55 PAGE:1 METRO:1 WORLD:7 DYARYO:1 TIRADA:1 ALL:2 EDIT:1 TOP:1 PROJECT:1 LARAWAN:1 TINDAHAN:1 FOR:13 LATE:2 MIN:1 READ:4 SECOND:5 SUNDAY:3 GET:4 YOUR:4 AND:13 CHAT:2 TAKE:1 SEARCH:2 LEAD:4 NEW:4 NOT:4 FORWARD:1 ARE:1 OVER:2 OPEN:1 TEST:1 WHITE:3 FLAG:3 DAY:8 ALSO:3 SEASON:1 PAR:6 THIRD:5 ROUND:2 BUT:6 AWAY:1 DOWN:1 STRETCH:1 WAS:7 GOOD:1 ABLE:2 DEAL:1 SAID:2 JUST:2 OUT:2 PROUD:1 BEEN:1 SAW:1 TWO:7 SIMPLE:1 FOURTH:1 THERE:1 WAY:1 ONE:3 SEVEN:2 TOTAL:1 YOUNG:1 HOME:1 BET:1 KOREA:1 HOT:1 WASHINGTON:1 FIRST:1 YEAR:1 TAKING:1
https://tribune.net.ph/2026/08/31/frayna-canino-vie-in-isabela-chessfest	SEPTEMBER:5 NOW:1 SUPPORT:2 SHOW:3 MORE:6 THE:36 PAGE:1 METRO:1 WORLD:4 DYARYO:1 TIRADA:1 ALL:3 EDIT:1 TOP:4 PROJECT:1 LARAWAN:1 TINDAHAN:1 FOR:5 MIN:1 READ:4 BIG:1 GET:6 YOUR:5 AND:19 CHAT:2 TAKE:3 SEARCH:2 AWAY:3 PERFECT:1 SEVEN:1 LIKE:1 OPEN:2 OVER:2 FIRST:1 ARE:5 RULE:1 ROUND:1 ALSO:4 JAN:1 SAN:1 ONE:1 STYLE:1 AIR:1 GILAS:1 HOT:1
https://tribune.net.ph/2026/08/31/kenyans-conquer-pru-life-pop-run-2	SEPTEMBER:2 NOW:1 SUPPORT:2 SHOW:2 MORE:5 THE:54 PAGE:1 METRO:1 WORLD:2 DYARYO:1 TIRADA:1 ALL:1 EDIT:1 TOP:3 PROJECT:1 LARAWAN:1 TINDAHAN:1 FOR:10 RUN:10 MIN:1 READ:4 MAKATI:2 LAST:2 SUNDAY:2 GET:3 YOUR:4 AND:21 CHAT:2 TAKE:1 SEARCH:2 HOME:1 BET:1 PERFECT:1 FIRST:2 AIR:1 THERE:1 FEED:1 SPEED:1 DARK:1 AWAY:1 LIST:1 ONE:4 SIX:1 THIRD:8 WAS:7 TAKING:1 NEW:1 ALSO:3 SPECIAL:3 MARK:1 SECOND:5 CLOSE:2 ANGEL:1 JUST:1 NILA:1
https://tribune.net.ph/2026/08/31/uaap-rallies-behind-gilas-tweaks-schedule-2	SEPTEMBER:16 NOW:1 SUPPORT:5 SHOW:2 MORE:5 THE:64 PAGE:1 METRO:1 WORLD:3 DYARYO:1 TIRADA:1 ALL:2 EDIT:1 TOP:1 PROJECT:1 LARAWAN:1 TINDAHAN:1 FOR:17 GILAS:18 MIN:1 READ:4 LUIS:2 GETS:1 SEASON:5 GIVE:2 WAY:1 SAN:5 STYLE:1 BABY:1 DILIMAN:1 FIRST:5 AWAY:1 SECOND:2 SANTO:2 LAST:2 SPOT:1 GET:4 YOUR:4 AND:18 CHAT:2 HOT:3 TAKE:2 SEARCH:2 DOWN:3 BLUE:3 OUR:8 BASKETBOL:1 SAID:2 THERE:2 ARE:5 CAN:1 BUT:1 PROUD:1 MARK:1 GANDA:1 BIG:1 TAKING:2 SQUARE:1 MALL:3 ATENEO:3 MANILA:1 SEE:1 ROUND:1 KATIPUNAN:1 CLOSE:1 BEEN:1 ALSO:2
https://tribune.net.ph/2026/08/31/yin-ends-drought-with-6th-lpga-title	SEPTEMBER:7 NOW:1 SUPPORT:2 SHOW:2 MORE:5 THE:32 PAGE:1 METRO:1 WORLD:1 DYARYO:1 TIRADA:1 ALL:2 EDIT:1 TOP:2 PROJECT:1 LARAWAN:1 TINDAHAN:1 FOR:4 MIN:1 READ:4 GET:3 YOUR:4 AND:14 CHAT:2 TAKE:2 SEARCH:2 LEAD:3 NEW:4 NOT:6 FORWARD:1 ARE:1 OVER:3 OPEN:1 TEST:1 WHITE:3 FLAG:3 END:1 TWO:4 YEAR:4 SUNDAY:1 ROUND:1 PAR:4 WAY:1 FIRST:1 WAS:6 JUST:5 FELT:2 LIKE:2 SAID:4 OUT:1 THERE:1 BEEN:1 YOUNG:2 DOWN:1 STRETCH:1 ONE:4 FOURTH:1 GOOD:2 SEASON:1 LAST:2 WHERE:1 CLOSE:1 BUT:2 CAN:1 THINK:1 YOU:2 PATIENT:1 ALSO:2 VERSION:1
https://tribune.net.ph/2026/08/31/painful-ending	SEPTEMBER:4 NOW:3 SUPPORT:3 SHOW:2 MORE:7 THE:67 PAGE:1 METRO:1 WORLD:6 DYARYO:1 TIRADA:1 ALL:5 EDIT:1 TOP:1 PROJECT:1 LARAWAN:1 TINDAHAN:1 FOR:14 MIN:1 READ:4 ROUND:4 OPEN:16 NEW:2 GET:3 YOUR:4 AND:29 CHAT:2 TAKE:1 SEARCH:2 BOOK:3 DAY:4 BAG:1 LEAD:10 CAST:1 YOUNG:1 YOU:1 CRAZY:2 LOVE:5 DOG:1 SUNDAY:2 SAID:7 KNOW:2 AIR:3 MUCH:2 YEAR:3 ALSO:4 RUN:1 FIRST:6 WAY:2 PAUL:1 LATE:1 PAIN:2 BEEN:1 NOT:2 RIGHT:2 JUST:2 ADDRESS:1 CAN:1 FOURTH:3 DOWN:3 BUT:7 TWO:4 BREAK:6 FIFTH:3 THERE:1 WAS:8 ONE:4 OWN:1 LIKE:1 MEAN:1 MENTAL:1 FELT:1 SECOND:2 OUT:1 HOLD:1 DOUBLE:1 CUT:1 BRIEF:1 CLOSE:1 HIT:1 LONG:2 GIVE:1 THIRD:3 LET:1 CHAIR:1 STAND:1 EIGHT:1 OVER:1 END:1 HOME:1 BET:1 KOREA:1 PARIS:2 MANILA:1 MAY:3
https://tribune.net.ph/2026/08/31/poa-cant-wash-hands-abante	SEPTEMBER:3 NOW:4 SUPPORT:2 SHOW:4 MORE:9 THE:48 PAGE:2 METRO:1 WORLD:1 DYARYO:1 TIRADA:1 ALL:2 EDIT:1 TOP:1 PROJECT:1 LARAWAN:1 TINDAHAN:1 FOR:4 ABANTE:15 MIN:1 READ:4 GET:3 YOUR:4 AND:15 CHAT:2 TAKE:1 SEARCH:2 PERSONAL:3 INDAY:4 COMMON:1 LISA:4 BOARD:1 NOT:4 SARA:8 RULE:2 THERE:2 ARE:2 POLICE:3 EDUCATION:2 WAS:6 AMONG:3 SAID:13 MANILA:2 MUST:3 BUT:1 REMEMBER:1 BIG:1 BOSS:1 INTERVIEW:1 PART:1 JUST:1 KNOW:1 GOOD:2 ALSO:3 MAY:1 GIVE:1 OVER:1 MOVE:1 CALL:1
https://tribune.net.ph/2026/08/31/cone-still-hoping-for-brownlee-asiad-stint	SEPTEMBER:5 NOW:2 SUPPORT:2 SHOW:2 MORE:6 THE:37 PAGE:1 METRO:1 WORLD:4 DYARYO:1 TIRADA:1 ALL:3 EDIT:1 TOP:1 PROJECT:1 LARAWAN:1 TINDAHAN:1 FOR:15 MARK:5 MIN:1 READ:4 OPEN:1 SEE:2 GET:3 YOUR:4 AND:7 CHAT:2 TAKE:1 SEARCH:2 GILAS:15 HOT:3 SAN:5 STYLE:1 SECOND:3 BIG:1 NOT:3 AWAY:2 TAKING:1 OVER:1 DILIMAN:1 FIRST:1 DOWN:3 BLUE:3 COACH:1 TIM:1 FOURTH:1 COME:2 BUT:2 KNOW:2 SAID:2 SUNDAY:1 TWO:1 ROUND:1 RIGHT:1 THINK:1 LIST:1 YOU:1 JUST:1 LAST:1 THIRD:1 DOUBLE:1 NEW:1 OUT:2 DAYS:1 YEAR:1 SPOT:1 BARANGAY:1 WAS:1 ALAS:1 ALSO:2 SHORT:1
https://tribune.net.ph/2026/08/31/what-brought-down-aquino-bridge	SEPTEMBER:3 NOW:2 SUPPORT:3 SHOW:2 MORE:5 THE:64 PAGE:1 METRO:1 WORLD:1 DYARYO:1 TIRADA:1 ALL:1 EDIT:1 TOP:1 PROJECT:1 LARAWAN:1 TINDAHAN:1 FOR:6 DOWN:3 MIN:1 READ:4 VIEW:1 BARANGAY:2 SAN:2 DAY:1 TIBAG:2 ALSO:4 WAY:3 GET:3 YOUR:4 AND:20 CHAT:2 TAKE:1 SEARCH:2 INDAY:3 BOARD:3 SARA:3 RULE:3 POLICE:3 YEAR:1 SCHOOL:1 SULTAN:1 LATE:2 ARE:3 AIR:1 MOVE:1 DAYS:1 WHY:1 SAID:2 MABINI:1 CUT:2 WAS:6 AMONG:1 WATER:1 CAN:1 AWAY:1 BUT:2 NOT:1 MAY:1 KEY:1 TRANSPORT:1 PUT:1
https://tribune.net.ph/2026/08/31/dy-everyday-filipinos-can-be-heroes	SEPTEMBER:3 NOW:2 SUPPORT:3 SHOW:2 MORE:9 THE:22 PAGE:1 METRO:1 WORLD:2 DYARYO:1 TIRADA:1 ALL:2 EDIT:1 TOP:1 PROJECT:1 LARAWAN:1 TINDAHAN:1 FOR:9 CAN:2 JUST:2 GOOD:3 DAY:6 AND:20 NOT:4 MIN:1 READ:4 GET:3 YOUR:4 CHAT:2 TAKE:1 SEARCH:2 INDAY:4 BOARD:3 SARA:4 RULE:3 POLICE:3 YEAR:1 SCHOOL:1 SULTAN:1 LATE:2 ARE:1 AIR:1 MOVE:2 LOVE:2 MUST:1 STAND:1 RIGHT:1 OUR:3 SAID:3 VIDEO:1 BUT:1 TRUE:1 ALSO:2 MODERN:1 HOME:1 THERE:1 FORWARD:1
https://tribune.net.ph/2026/08/31/dswd-food-packs-dont-cost-p1503	SEPTEMBER:3 NOW:3 SUPPORT:2 SHOW:2 MORE:6 THE:61 PAGE:1 METRO:1 WORLD:1 DYARYO:1 TIRADA:1 ALL:1 EDIT:1 TOP:1 PROJECT:1 LARAWAN:1 TINDAHAN:1 FOR:8 SAID:11 ONE:3 OUR:2 MIN:1 READ:4 AND:22 GET:3 YOUR:4 CHAT:2 TAKE:1 SEARCH:2 INDAY:3 BOARD:3 SARA:3 RULE:3 POLICE:3 YEAR:1 SCHOOL:1 SULTAN:1 LATE:2 ARE:4 AIR:1 MOVE:1 TAG:1 BUT:1 WAS:7 NOT:3 INTERVIEW:1 AWARD:2 THERE:1 FRESH:1 TUNA:1 TWO:1 SIX:1 KILOS:1 PER:1 LUIS:1 FIRST:1 SECOND:1 THIRD:1 TESTING:1 ALSO:2 DUE:1
https://tribune.net.ph/2026/08/31/ictsi-mexico-expansion-targets-2-m-teu-capacity	SEPTEMBER:2 NOW:1 SUPPORT:2 SHOW:2 MORE:7 THE:30 PAGE:1 METRO:1 WORLD:1 DYARYO:1 TIRADA:1 ALL:2 EDIT:1 TOP:1 PROJECT:1 LARAWAN:1 TINDAHAN:1 FOR:6 ROMERO:4 MIN:1 READ:4 TERMINAL:9 COMMERCIAL:1 TRAFFIC:1 AND:11 EIGHT:2 FIRST:6 GET:3 YOUR:4 CHAT:2 DEAL:5 TAKE:1 SEARCH:2 GETS:3 TWO:4 KEY:3 SAID:2 LONG:1 ALSO:3 OUR:2 NEW:2 WAS:1 PER:1 YEAR:2 BIG:1
https://tribune.net.ph/2026/08/31/bcda-advances-p148-b-new-clark-city-water-project-2	SEPTEMBER:2 NOW:1 SUPPORT:3 SHOW:2 MORE:8 THE:41 PAGE:1 METRO:2 WORLD:1 DYARYO:1 TIRADA:1 ALL:2 EDIT:1 TOP:1 PROJECT:12 LARAWAN:1 TINDAHAN:1 FOR:13 NEW:12 WATER:17 MIN:1 READ:4 AND:26 PUT:1 COMMERCIAL:2 TRAFFIC:1 EIGHT:2 FIRST:4 GET:3 YOUR:4 CHAT:2 DEAL:3 TAKE:1 SEARCH:2 GETS:3 TWO:3 KEY:3 FORWARD:2 STATE:1 KOREA:1 SAID:5 ARE:3 CAN:1 LONG:2 SUPPLY:1 ALSO:3 BOARD:1 AWARD:1 PART:1 BASE:1 OPS:2
https://tribune.net.ph/2026/08/31/govt-spending-accelerates-nearly-20-percent-in-july-btr-2	SEPTEMBER:2 NOW:1 SUPPORT:2 SHOW:2 MORE:6 THE:50 PAGE:1 METRO:1 WORLD:1 DYARYO:1 TIRADA:1 ALL:2 EDIT:1 TOP:1 PROJECT:1 LARAWAN:1 TINDAHAN:1 FOR:11 MIN:1 READ:4 COMMERCIAL:1 TRAFFIC:1 AND:13 EIGHT:3 FIRST:5 GET:3 YOUR:4 CHAT:2 DEAL:3 TAKE:1 SEARCH:2 GETS:3 TWO:4 KEY:4 SAID:2 WAS:3 TRANSPORT:1 ADDRESS:1 ALSO:5 LAST:1 YEAR:11 SEVEN:1 TOTAL:3 JUST:1 DUE:2 OIL:1 BANGKO:1 SENTRAL:1 DOWN:1 BLUE:1 IPO:1
https://tribune.net.ph/2026/08/31/sotto-joining-heat	SEPTEMBER:5 NOW:2 SUPPORT:5 SHOW:2 MORE:5 THE:47 PAGE:1 METRO:1 WORLD:8 DYARYO:1 TIRADA:1 ALL:2 EDIT:1 TOP:1 PROJECT:1 LARAWAN:1 TINDAHAN:1 FOR:7 MARK:7 MIN:1 READ:4 LAST:1 GILAS:16 GET:5 YOUR:4 AND:7 CHAT:2 TAKE:1 SEARCH:2 DRAMA:3 PLAN:3 HOT:2 DOWN:1 DAY:1 FIRST:2 TWO:2 SAN:2 COACH:5 TIM:4 EVEN:3 MUCH:1 IDEA:1 YEAR:1 OVER:1 FOURTH:2 LATE:1 SUNDAY:1 MALL:1 THERE:1 BIG:1 MAN:2 THINK:1 YOU:4 CAN:4 WAY:1 SEE:1 ALSO:3 GOOD:1 RIGHT:1 SCHOOL:1 TRY:1 BUT:1 ARE:1 SEASON:1 RUN:1 BEEN:1 RED:1 LOVE:1 COME:1 RESCUE:1 LONG:1 SPOT:1 ROUND:1 ONE:1
https://tribune.net.ph/2026/08/31/montalban-mayor-magpa-second-floor-para-iwas-baha	SEPTEMBER:6 NOW:1 SUPPORT:2 SHOW:2 MORE:5 THE:9 PAGE:1 METRO:1 WORLD:1 DYARYO:9 TIRADA:9 ALL:1 EDIT:1 TOP:1 PROJECT:1 LARAWAN:1 TINDAHAN:1 FOR:4 MAYOR:8 SECOND:5 PARA:3 IWAS:2 BAHA:3 MIN:1 READ:4 GET:3 YOUR:4 AND:5 CHAT:2 TAKE:1 SEARCH:2 ANG:37 PALPAK:3 LUGAR:6 SIMBAHAN:3 IBA:3 MAY:6 ARESTADO:3 SORRY:3 MATAPOS:7 MALING:3 HUMINGI:1 PAUMANHIN:1 DUMATING:2 MALANDAY:1 ISA:5 BAGON:1 CAR:1 BANGKAY:2 BABAE:2 LOOB:2 PRIDYIDER:1 ISANG:6 ANYOS:1 APARTMENT:1 BARANGAY:3 SAN:5 PINGOL:2 KILO:2 BISTADO:1 PROSEKUSYON:1 DAHIL:3 HUMIGIT:1 KUMULANG:1 PATAY:1 ELF:2 ANIM:1 KATAO:1 BUWANG:1 GULANG:1 SANGGOL:1 MAHULOG:1 BANGIN:1 BATIKOS:1 MULA:1 MGA:16 RESIDENTE:6 PAHAYAG:2 MAINAM:1 SOLUSYON:1 MADALAS:1 BAHAIN:2 GINAWA:1 ILANG:4 BAHAGI:2 BAYAN:2 DULOT:1 HABAGAT:2 IKA:1 USAPAN:1 NAMIN:1 DITO:2 SILA:1 MISMO:1 BAHAY:2 NILA:1 TWO:1 ANI:1 PANAYAM:1 AYON:1 ALKALDE:5 NORMAL:1 NANG:3 TOPOGRAPIYA:1 NITO:1 TANUNGIN:1 KUNG:3 LOKAL:1 PAMAHALAAN:1 MABILIS:2 SUMAGOT:1 PERA:1 RIN:4 YAN:1 ALAM:1 GAANO:1 PLUS:1 DAGDAG:1 MUNGKAHI:1 PAHINGI:1 SAAD:1 HABANG:2 KOMENTO:1 NAMAN:2 TAYO:1 KANAN:1 BIKTIMA:1 GABI:1 RESCUE:1 ILAN:1 UMAKYAT:1 BUBONG:1 BILANG:1 SIMULA:1 MAAYOS:1 BAWAT:1 KRISIS:1 ADMINISTRASYON:1 BANGON:1 GAYUNMAN:1 REKLAMO:1 TUNGKOL:1 PROBLEMA:1 INSIDENTE:1 HINDI:1 BAGO:2 TAON:1 POSISYON:1 NAAPEKTUHAN:2 MAHIGIT:1 PAMILYA:1 TINAMAAN:1 NOON:1 SAAN:1 ITO:1 DIN:1 SAKUNA:1 GANITO:1 PUTIK:2 GANOON:1 PERO:1 EVEN:1 KASI:1 KAMI:1 ANIYA:1 SABAY:1 KABIG:1 NOT:1 ANO:1 SYEMPRE:1 NAKAKASIRA:1 KALIKASAN:1 KASALUKUYAN:1 MATAGAL:1 SANHI:1 LUPA:1 TUWING:1 BAGYO:1 ALSO:2 HIT:2 INGAT:1 TOTO:1
https://tribune.net.ph/2026/08/31/against-all-odds-3	SEPTEMBER:5 NOW:4 SUPPORT:2 SHOW:2 MORE:7 THE:81 PAGE:1 METRO:1 WORLD:12 DYARYO:1 TIRADA:1 ALL:8 EDIT:1 TOP:2 PROJECT:1 LARAWAN:1 TINDAHAN:1 FOR:16 GILAS:25 STRETCH:1 MARK:4 MIN:1 READ:5 OVER:5 AND:23 FOURTH:4 GET:3 YOUR:4 CHAT:2 TAKE:1 SEARCH:2 HOT:4 SAN:6 STYLE:1 SECOND:3 BIG:3 NOT:6 AWAY:2 TAKING:1 DILIMAN:1 FIRST:3 DOWN:6 BLUE:3 ENTIRE:1 GRADE:1 DOUBLE:1 ROUND:3 TWO:7 HOME:4 YEAR:7 TIP:1 BUT:9 WAY:1 OUT:4 JUST:6 EVEN:2 COACH:1 TIM:1 RUN:3 YOU:6 KNOW:5 SAID:5 STAND:1 SUNDAY:1 MALL:1 WAS:9 STOP:1 DUE:1 LAST:4 COME:2 THIRD:2 MAN:2 YOUNG:1 ARE:2 CAN:1 RIGHT:1 ABLE:1 SWEET:2 SEVEN:1 LONG:1 ONE:3 FELT:2 GOOD:1 THINK:1 GREAT:1 LET:1 PART:2 ALSO:3 FIFTH:1 DAYS:1 FORWARD:1 ALAS:1
https://tribune.net.ph/2026/08/31/gatchalian-backed-philippine-estates-swings-to-p891-million-profit-2	SEPTEMBER:2 NOW:1 SUPPORT:2 SHOW:2 MORE:6 THE:44 PAGE:1 METRO:1 WORLD:1 DYARYO:1 TIRADA:1 ALL:2 EDIT:1 TOP:1 PROJECT:8 LARAWAN:1 TINDAHAN:1 FOR:10 MIN:1 READ:4 JUST:3 SPOT:1 AND:11 OPEN:1 COMMERCIAL:1 TRAFFIC:1 EIGHT:3 FIRST:7 GET:3 YOUR:4 CHAT:2 DEAL:3 TAKE:1 SEARCH:2 GETS:3 TWO:3 KEY:3 SECOND:4 YEAR:4 SAID:2 LAST:1 WAS:3 DUE:1 REAL:1 MUCH:1 ADDRESS:1 OVER:1 LONG:1 PART:1 BLUE:1 IPO:1 ALSO:2 RISES:1
https://tribune.net.ph/2026/08/31/power-pilferer-gets-away-with-p130m	SEPTEMBER:6 NOW:1 SUPPORT:2 SHOW:3 MORE:10 THE:71 PAGE:1 METRO:1 WORLD:1 DYARYO:1 TIRADA:1 ALL:2 EDIT:1 TOP:1 PROJECT:1 LARAWAN:1 TINDAHAN:1 FOR:10 GETS:5 AWAY:3 MIN:1 READ:4 GET:4 YOUR:5 AND:12 CHAT:2 TAKE:1 SEARCH:2 DEAL:3 FIRST:4 TWO:6 KEY:4 NAME:1 JUST:1 BOOM:1 REAL:1 BUT:2 RIGHT:2 WAY:1 BEEN:6 LONG:1 KNOW:1 STAR:1 HOTEL:7 ZERO:2 OWN:1 CLOSE:1 ARE:1 FELT:1 CUT:5 WAS:7 CLASSIC:1 PUT:1 SPOT:1 DAYS:1 INSIDE:1 DUE:1 ONE:3 VIEW:1 NOTE:1 CAN:1 LIKE:1 LATE:1 STYLE:1 AIR:1 ALSO:2 OUT:1 MANILA:1
https://tribune.net.ph/2026/08/31/diesel-prices-fall-nearly-p4	SEPTEMBER:2 NOW:1 SUPPORT:2 SHOW:2 MORE:8 THE:30 PAGE:1 METRO:2 WORLD:2 DYARYO:1 TIRADA:1 ALL:3 EDIT:1 TOP:1 PROJECT:1 LARAWAN:1 TINDAHAN:1 FOR:6 ROMERO:5 MIN:1 READ:4 GET:3 YOUR:4 AND:14 CHAT:2 TAKE:1 SEARCH:2 DEAL:6 GETS:3 FIRST:4 TWO:3 KEY:3 COMMERCIAL:1 TRAFFIC:1 EIGHT:2 SEE:3 OIL:5 PER:14 SAID:4 JUST:1 LAST:2 ALSO:3 MANILA:1 REGULAR:1 RETREAT:1 EVEN:1 END:3 MARK:1 DOWN:1 SUPPLY:3 DUE:1 WAS:1 NOT:1 BIG:1 CUT:1
https://tribune.net.ph/2026/08/31/phl-clears-path-for-33-gw-offshore-wind-rollout	SEPTEMBER:2 NOW:1 SUPPORT:3 SHOW:2 MORE:9 THE:62 PAGE:1 METRO:1 WORLD:1 DYARYO:1 TIRADA:1 ALL:2 EDIT:1 TOP:1 PROJECT:6 LARAWAN:1 TINDAHAN:1 FOR:22 WIND:18 ROMERO:5 MIN:1 READ:4 OIL:2 AND:34 NATURAL:2 COMMERCIAL:1 TRAFFIC:1 EIGHT:2 FIRST:4 GET:3 YOUR:4 CHAT:2 DEAL:5 TAKE:1 SEARCH:2 GETS:3 TWO:5 KEY:4 COME:1 NOT:1 END:1 SHARON:2 SAID:1 ARE:4 ADDRESS:1 MOVE:1 LEGAL:1 ALSO:4 PART:1 DAYS:3 NEW:1 BIG:1 HOLD:2 FIFTH:2
https://tribune.net.ph/2026/08/31/retirement-bound-fajardo-goes-full-circle-2	SEPTEMBER:5 NOW:1 SUPPORT:2 SHOW:2 MORE:6 THE:62 PAGE:1 METRO:1 WORLD:3 DYARYO:1 TIRADA:1 ALL:2 EDIT:1 TOP:1 PROJECT:1 LARAWAN:1 TINDAHAN:1 FOR:12 FULL:3 MARK:5 MIN:1 READ:4 GILAS:20 GOOD:1 GET:3 YOUR:4 AND:16 CHAT:2 TAKE:2 SEARCH:2 HOT:3 SAN:5 STYLE:1 SECOND:3 BIG:2 NOT:2 AWAY:2 TAKING:2 OVER:3 DILIMAN:1 FIRST:1 DOWN:4 BLUE:3 YEAR:3 SIX:1 TWO:2 SUNDAY:1 MALL:1 LAST:2 DON:1 BRIEF:1 EVEN:1 WAS:2 SAID:3 BUT:2 PROUD:1 MANILA:1 ALSO:4 ONE:3 WHERE:1 BRIGHT:1 CAN:2 SEE:1 LONG:1 ARE:3 COACH:1 TIM:1 BROWN:1 AMONG:1 GIVE:1 YOU:2 FIFTH:1 ALAS:1
https://tribune.net.ph/2026/08/31/nbi-meta-eyes-local-office-in-fight-vs-online-threats	SEPTEMBER:5 NOW:1 SUPPORT:2 SHOW:2 MORE:6 THE:24 PAGE:1 METRO:12 WORLD:1 DYARYO:1 TIRADA:1 ALL:2 EDIT:1 TOP:1 PROJECT:1 LARAWAN:1 TINDAHAN:1 FOR:7 MIN:1 READ:4 MALABON:4 FIRE:4 OUT:1 BARANGAY:1 TANONG:1 TAXI:2 POLICE:3 YEAR:1 MAN:1 HOLD:1 SMALL:1 MANILA:1 MAYOR:1 ISKO:1 MORENO:1 NEW:1 MILITARY:1 AID:1 AND:16 OIL:1 ARE:2 PER:2 GET:3 YOUR:4 CHAT:2 TAKE:1 SEARCH:2 SHABU:3 WHERE:1 SAID:2 ABOY:1 PARAISO:1 OUR:1 CAN:2 GETS:1 JAIL:2 BUT:1 ALSO:2
https://tribune.net.ph/2026/08/31/ncrpo-chief-dismisses-viral-police-sked-shift-rumors	SEPTEMBER:5 NOW:1 SUPPORT:2 SHOW:2 MORE:6 THE:21 PAGE:1 METRO:12 WORLD:1 DYARYO:1 TIRADA:1 ALL:2 EDIT:1 TOP:1 PROJECT:1 LARAWAN:1 TINDAHAN:1 FOR:4 POLICE:18 SHIFT:5 MIN:1 READ:4 SHABU:5 YEAR:2 AND:10 MALABON:2 FIRE:2 OUT:1 BARANGAY:1 TANONG:1 TAXI:2 MAN:1 HOLD:1 SMALL:1 MANILA:1 MAYOR:1 ISKO:1 MORENO:1 NEW:1 MILITARY:2 AID:2 GET:3 YOUR:4 CHAT:2 TAKE:1 SEARCH:3 ONE:4 TWO:3 EIGHT:1 NOT:2 SAID:4 THERE:2 OUR:3 ARE:3 SHORT:1 OVER:2 LONG:1 BREAK:1 LEGAL:1 BUT:1 OPS:1 ALSO:2
https://tribune.net.ph/2026/08/31/deped-expands-parent-training-combating-bullying-exploitation	SEPTEMBER:5 NOW:1 SUPPORT:2 SHOW:2 MORE:6 THE:26 PAGE:1 METRO:11 WORLD:1 DYARYO:1 TIRADA:1 ALL:2 EDIT:1 TOP:1 PROJECT:1 LARAWAN:1 TINDAHAN:1 FOR:6 LISA:4 MIN:1 READ:4 MALABON:4 FIRE:4 OUT:2 BARANGAY:1 TANONG:1 TAXI:2 POLICE:1 YEAR:1 MAN:1 HOLD:1 SMALL:1 MANILA:2 MAYOR:1 ISKO:1 MORENO:1 NEW:1 MILITARY:1 AID:1 AND:20 OIL:1 ARE:2 PER:2 GET:3 YOUR:4 CHAT:2 TAKE:1 SEARCH:2 SHABU:3 EDUCATION:5 ADDRESS:1 CLOSE:1 MUST:1 SCHOOL:6 INSIDE:1 SAID:1 TAGALOG:1 HOME:1 OUR:1 FIRST:1 COVER:1 SEXUAL:1 ALSO:4 SEVEN:1 BOARD:2 SARA:1 RULE:1
https://tribune.net.ph/2026/08/31/baclaran-rector-dispels-shooting-rumors	SEPTEMBER:5 NOW:2 SUPPORT:2 SHOW:2 MORE:6 THE:33 PAGE:1 METRO:9 WORLD:1 DYARYO:1 TIRADA:1 ALL:2 EDIT:1 TOP:1 PROJECT:1 LARAWAN:1 TINDAHAN:1 FOR:5 MIN:1 READ:4 GET:3 YOUR:4 AND:12 CHAT:2 TAKE:1 SEARCH:2 MALABON:4 FIRE:4 OUT:1 BARANGAY:1 TANONG:1 TAXI:2 POLICE:3 YEAR:1 MAN:2 HOLD:1 SMALL:1 MANILA:1 MAYOR:1 ISKO:1 MORENO:1 NEW:1 MILITARY:1 AID:1 OIL:1 ARE:1 PER:2 SHABU:3 LAST:1 SUNDAY:3 OUR:2 MOTHER:1 SUSPECT:1 SAID:2 TWO:3 STOP:1 ALSO:3 AIR:1 BAN:1 RUMOR:1 ATENEO:2
https://tribune.net.ph/2026/08/31/boc-manilamed-offer-discounted-employee-healthcare	SEPTEMBER:5 NOW:1 SUPPORT:2 SHOW:2 MORE:6 THE:25 PAGE:1 METRO:13 WORLD:1 DYARYO:1 TIRADA:1 ALL:2 EDIT:1 TOP:1 PROJECT:1 LARAWAN:1 TINDAHAN:1 FOR:10 MIN:1 READ:4 MALABON:4 FIRE:4 OUT:2 BARANGAY:1 TANONG:1 TAXI:2 POLICE:1 YEAR:1 MAN:1 HOLD:1 SMALL:1 MANILA:3 MAYOR:1 ISKO:1 MORENO:1 NEW:1 MILITARY:1 AID:2 AND:16 OIL:1 ARE:2 PER:2 GET:3 YOUR:4 CHAT:2 TAKE:1 SEARCH:2 SHABU:3 ALSO:3 EXPRESS:1 HOSPITAL:1 TESTING:1 SENIOR:1 SAID:2 HOME:1 ONE:1 DEAL:1
https://tribune.net.ph/2026/08/31/blockchain-budget-transparency-bill-sought	SEPTEMBER:5 NOW:1 SUPPORT:2 SHOW:2 MORE:6 THE:32 PAGE:1 METRO:9 WORLD:1 DYARYO:1 TIRADA:1 ALL:3 EDIT:1 TOP:1 PROJECT:1 LARAWAN:1 TINDAHAN:1 FOR:9 LISA:4 MIN:1 READ:4 MALABON:4 FIRE:4 OUT:1 BARANGAY:1 TANONG:1 TAXI:2 POLICE:1 YEAR:1 MAN:1 HOLD:1 SMALL:1 MANILA:1 MAYOR:1 ISKO:1 MORENO:1 NEW:1 MILITARY:1 AID:1 AND:13 OIL:1 ARE:3 PER:2 GET:3 YOUR:4 CHAT:2 TAKE:2 SEARCH:2 SHABU:3 MOVE:1 BUT:2 SAID:2 DANI:1 BELO:3 LEAD:1 BEST:1 WAY:1 LIKE:1 WHERE:1 OPEN:1 CAN:1 NOT:1 PERFECT:1 BIG:1 FORWARD:1 BOARD:2 SARA:1 RULE:1 ALSO:3 PUT:1 THIRD:1 WAS:1 SEVEN:1
https://tribune.net.ph/2026/08/31/palace-vows-raps-vs-pumping-stations-saboteurs	SEPTEMBER:5 NOW:1 SUPPORT:2 SHOW:2 MORE:6 THE:29 PAGE:1 METRO:10 WORLD:1 DYARYO:1 TIRADA:1 ALL:6 EDIT:1 TOP:1 PROJECT:1 LARAWAN:1 TINDAHAN:1 FOR:6 NOT:3 LET:4 ARE:5 GOOD:2 MIN:1 READ:4 SUNOG:3 APOG:3 MANILA:3 BEEN:1 GET:3 YOUR:5 AND:16 CHAT:2 TAKE:1 SEARCH:2 MALABON:4 FIRE:4 OUT:1 BARANGAY:2 TANONG:1 TAXI:2 POLICE:2 YEAR:1 MAN:1 HOLD:2 SMALL:1 MAYOR:1 ISKO:1 MORENO:1 NEW:1 MILITARY:1 AID:1 OIL:1 PER:2 SHABU:3 DOWN:2 OVER:1 SAID:3 VIDEO:1 RIGHT:1 AWAY:1 SEASON:1 YOU:3 CAN:1 GETS:1 FIRST:1 TWO:1 KEY:2 TASTE:1 ALSO:2
https://tribune.net.ph/2026/08/31/lto-summons-rider-who-hits-runners-along-ayala-avenue	SEPTEMBER:6 NOW:2 SUPPORT:2 SHOW:3 MORE:6 THE:35 PAGE:1 METRO:13 WORLD:1 DYARYO:1 TIRADA:1 ALL:2 EDIT:1 TOP:1 PROJECT:1 LARAWAN:1 TINDAHAN:1 FOR:6 MIN:1 READ:4 GET:3 YOUR:4 AND:16 CHAT:2 TAKE:1 SEARCH:2 MALABON:4 FIRE:4 OUT:1 BARANGAY:1 TANONG:1 TAXI:2 POLICE:1 YEAR:1 MAN:1 HOLD:1 SMALL:1 MANILA:1 MAYOR:1 ISKO:1 MORENO:1 NEW:1 MILITARY:1 AID:1 OIL:1 ARE:1 PER:2 SHABU:3 ORDER:2 MAKATI:4 SUNDAY:1 TWO:1 CAR:2 MUST:1 SAID:2 TRAFFIC:1 LEAD:1 MOTOR:1 EDUCATION:1 SLING:1 BAG:1 WAS:1 ALSO:4 DAY:1 THERE:2 NOT:1 PUT:1 BEEN:1 HIT:1 RUN:1 VIDEO:1 OVER:1
https://tribune.net.ph/2026/08/31/jbc-invites-5-sc-justices-for-cj-post	SEPTEMBER:7 NOW:1 SUPPORT:2 SHOW:2 MORE:7 THE:43 PAGE:9 METRO:3 WORLD:1 DYARYO:1 TIRADA:1 ALL:2 EDIT:1 TOP:1 PROJECT:1 LARAWAN:1 TINDAHAN:1 FOR:13 MIN:1 READ:4 GET:3 YOUR:4 AND:22 CHAT:2 TAKE:1 SEARCH:2 STAND:3 ONE:3 LEGAL:1 YEAR:1 POLICE:1 MANILA:1 BAN:2 PART:1 LANG:3 NANG:3 BAR:2 SENIOR:3 ARE:2 PAUL:2 NOT:2 MEAN:2 BEEN:2 SAID:2 SCREEN:1 GETS:1 JAIL:2 BUT:1 ALSO:2 AMONG:1 LEAD:1 MUST:1 MARGARITA:1
https://tribune.net.ph/2026/08/31/super-health-center-opens-in-negros-town	SEPTEMBER:7 NOW:1 SUPPORT:2 SHOW:3 MORE:10 THE:30 PAGE:10 METRO:1 WORLD:1 DYARYO:1 TIRADA:1 ALL:2 EDIT:1 TOP:1 PROJECT:1 LARAWAN:1 TINDAHAN:1 FOR:7 MIN:1 READ:4 HOME:2 NEW:2 OVER:1 SANTA:5 AND:22 LEGAL:1 YEAR:1 POLICE:1 MANILA:1 BAN:2 PART:1 GET:3 YOUR:5 CHAT:2 TAKE:1 SEARCH:2 STAND:3 ONE:3 LANG:3 NANG:3 LONG:2 WAS:1 MAYOR:1 SAID:3 ADDRESS:1 WHY:1 OUR:1 MAY:2 ALSO:3 WHERE:1 CAN:2 NOT:1 HOSPITAL:1 THERE:1 ZERO:1 STYLE:1 AIR:1 GETS:1
https://tribune.net.ph/2026/08/31/obiena-secures-berlin-gold-medal	SEPTEMBER:2 NOW:4 SUPPORT:2 SHOW:2 MORE:7 THE:35 PAGE:1 METRO:1 WORLD:2 DYARYO:1 TIRADA:1 ALL:2 EDIT:1 TOP:2 PROJECT:1 LARAWAN:1 TINDAHAN:1 FOR:11 MIN:1 READ:4 GET:3 YOUR:4 AND:13 CHAT:2 TAKE:1 SEARCH:2 SISI:1 PUT:1 ALAS:1 MARK:1 GILAS:2 HOT:1 DOWN:1 DAY:2 FIRST:1 TWO:1 HOME:3 BET:3 BIG:2 BUT:6 RULE:1 WAS:3 NOT:5 YEAR:2 FIFTH:1 WHERE:2 ALSO:4 ONE:2 LAST:1 TAKING:1 SEASON:2 SAW:1 MOVE:1 GOOD:1 LIKE:2 WAY:1 THERE:1 SAID:1 OUR:1 RUN:1 FATHER:1 RIGHT:1 OWN:1 THANK:1 YOU:2 SEE:1 RUSH:1
https://tribune.net.ph/2026/08/31/cayetano-taguig-blitz-good-benefits-govt	SEPTEMBER:7 NOW:2 SUPPORT:2 SHOW:2 MORE:7 THE:37 PAGE:11 METRO:1 WORLD:1 DYARYO:1 TIRADA:1 ALL:2 EDIT:1 TOP:1 PROJECT:1 LARAWAN:1 TINDAHAN:1 FOR:7 GOOD:2 MIN:1 READ:4 AND:21 GET:3 YOUR:4 CHAT:2 TAKE:1 SEARCH:2 STAND:3 ONE:4 LEGAL:1 YEAR:1 POLICE:1 MANILA:1 BAN:2 PART:1 LANG:3 NANG:3 EVEN:2 ARE:1 TRUE:1 WAS:1 DUE:2 OUR:1 TOTAL:1 SAID:2 NOT:2 DOUBLE:1 NEW:1 STOP:3 THERE:1 LIKE:1 ALSO:3 LATE:1 SARA:1 DOWN:1 BOARD:1 OVER:1 LISA:1
https://tribune.net.ph/2026/08/31/ecozones-under-bongbong-hit-46	SEPTEMBER:7 NOW:1 SUPPORT:2 SHOW:2 MORE:9 THE:37 PAGE:9 METRO:2 WORLD:1 DYARYO:1 TIRADA:1 ALL:2 EDIT:1 TOP:1 PROJECT:1 LARAWAN:1 TINDAHAN:1 FOR:11 HIT:2 MIN:1 READ:4 GET:3 YOUR:4 AND:27 CHAT:2 TAKE:1 SEARCH:2 STAND:3 ONE:4 LEGAL:1 YEAR:1 POLICE:1 MANILA:2 BAN:2 PART:1 LANG:3 NANG:3 TWO:3 TAGALOG:1 NEW:3 ARE:5 SAID:3 FRESH:2 CAN:2 WHERE:2 URBAN:1 PUNTA:1 ULAN:1 SPECIAL:3 LIGHT:1 PARK:3 KEY:2 LIMA:1 BARANGAY:1 BUGTONG:1 PULO:1 LIPA:2 GETS:1 FIRST:1 TASTE:1 ALSO:2
https://tribune.net.ph/2026/08/31/surprise-package	SEPTEMBER:6 NOW:3 SUPPORT:7 SHOW:3 MORE:6 THE:49 PAGE:1 METRO:1 WORLD:8 DYARYO:1 TIRADA:1 ALL:3 EDIT:1 TOP:2 PROJECT:1 LARAWAN:1 TINDAHAN:1 FOR:12 OPEN:11 MIN:1 READ:4 WAY:2 TIM:4 GET:3 YOUR:4 AND:16 CHAT:2 TAKE:1 SEARCH:2 FULL:3 TAKING:4 OVER:3 GALA:3 NEW:2 MAY:1 STAR:4 GETS:1 MAGO:1 MONEY:2 YEAR:3 DARK:2 HORSE:1 FIRE:1 MANILA:1 INSIDE:1 GREAT:1 SAID:3 LOVE:1 DOWN:1 RUN:2 LAST:5 WHERE:2 OUT:1 BUT:1 WASHINGTON:1 FIRST:1 ROUND:2 BEST:2 ONE:1 BEEN:1 SAW:1 GOOD:1 DAY:1 ALSO:2
https://tribune.net.ph/2026/08/31/davison-powers-pldt-past-est-cola	SEPTEMBER:3 NOW:2 SUPPORT:4 SHOW:2 MORE:7 THE:54 PAGE:1 METRO:1 WORLD:1 DYARYO:1 TIRADA:1 ALL:5 EDIT:1 TOP:2 PROJECT:1 LARAWAN:1 TINDAHAN:1 FOR:9 MARK:6 MIN:1 READ:4 SARA:1 GET:4 YOUR:4 AND:20 CHAT:2 TAKE:1 SEARCH:2 SMALL:3 SPEED:11 SHORT:3 FRESH:4 WAY:1 MUCH:1 MAGO:2 SETTLE:1 LEAD:1 THIRD:5 FOURTH:4 GILAS:1 ALAS:1 BUT:3 WAS:2 THINK:1 GONNA:1 ABLE:1 FIRE:2 SAID:1 FELT:1 ALSO:4 PERFECT:2 SIX:2 TWO:3 GIVE:1 OUT:1 HIT:1 ONE:2 AWAY:2 THERE:1 DOWN:1 NOT:3 TAKING:1 SHUT:1 LONG:1 BARON:1 EIGHT:2 SEVEN:1 LAST:1 YEAR:1 EVEN:1 CLOSE:1 WHERE:1 CAN:1 NORTE:1 RUN:1
https://tribune.net.ph/2026/08/31/palace-scorches-pbbm-title-foes	SEPTEMBER:8 NOW:1 SUPPORT:2 SHOW:2 MORE:7 THE:60 PAGE:9 METRO:1 WORLD:1 DYARYO:1 TIRADA:1 ALL:3 EDIT:1 TOP:1 PROJECT:1 LARAWAN:1 TINDAHAN:1 FOR:8 MIN:1 READ:4 GET:3 YOUR:4 AND:26 CHAT:2 TAKE:1 SEARCH:2 STAND:3 ONE:4 LEGAL:1 YEAR:1 POLICE:1 MANILA:1 BAN:2 PART:1 LANG:3 NANG:3 PAMANTASAN:3 LUNGSOD:3 LAST:1 ARE:7 SEE:1 REAL:1 SAID:9 VIDEO:1 EDUCATION:1 SCHOOL:1 BAR:2 NOTABLE:1 ORDER:1 ALSO:5 DUE:1 NOT:13 SUPPLY:2 OIL:1 WAS:2 ABLE:1 GOOD:3 JUST:3 HIT:3 KABATAAN:1 THERE:1 DAYS:1 ABOGADO:1 BAYAN:1 DAY:2 OUT:2 FATHER:1 OWN:1 SAW:1 BUT:2 COURSE:1 CAN:1 KNOW:2 GETS:1 FIRST:1 TWO:1 KEY:1 TASTE:1 LISA:1
https://tribune.net.ph/2026/08/31/san-beda-faces-tough-task	SEPTEMBER:4 NOW:2 SUPPORT:2 SHOW:2 MORE:6 THE:33 PAGE:1 METRO:1 WORLD:2 DYARYO:1 TIRADA:1 ALL:2 EDIT:1 TOP:1 PROJECT:1 LARAWAN:1 TINDAHAN:1 FOR:5 SAN:16 MIN:1 READ:4 SEASON:8 AND:14 MALL:2 WAS:1 COACH:2 FIFTH:1 RIGHT:1 CHICO:1 GET:3 YOUR:4 CHAT:2 TAKE:1 SEARCH:2 GILAS:6 JUST:1 OUT:1 MARK:2 DOWN:3 BLUE:1 FIRST:3 HOT:1 DAY:2 TWO:1 SANTO:1 LAST:5 SPOT:2 RED:3 ARE:2 YOU:1 KEY:2 SAID:2 YEAR:2 ALSO:3 WHERE:1 ONE:1 OUR:3 NEW:1 CAN:1 DUE:1 COURSE:1 SOBERANO:1 SUNDAY:1 BAG:1
https://tribune.net.ph/2026/08/31/no-need-for-a-miracle	SEPTEMBER:3 NOW:3 SUPPORT:2 SHOW:2 MORE:7 THE:70 PAGE:1 METRO:1 WORLD:8 DYARYO:1 TIRADA:1 ALL:6 EDIT:1 TOP:2 PROJECT:1 LARAWAN:1 TINDAHAN:1 FOR:19 MIN:1 READ:4 GILAS:13 GETS:1 BIG:2 GET:4 YOUR:4 AND:24 CHAT:2 TAKE:1 SEARCH:2 HOME:2 BET:1 PERFECT:1 FIRST:1 AIR:1 THERE:2 FEED:1 WAS:5 NOT:6 FOURTH:2 BUT:6 AWAY:2 OVER:2 LONG:1 LIKE:5 LIGHT:1 BARANGAY:1 END:1 OUT:2 COMFORT:1 STRETCH:1 CAN:1 DUE:2 COACH:2 TIM:2 GOOD:1 FIFTH:2 SPOT:1 SEE:1 PUT:2 BEST:1 YEAR:1 DAYS:1 BASKETBOL:1 ALSO:4 JUST:3 SEVEN:1 WHY:1 HOP:1 MANILA:1 KNOW:1 TWO:1 ARE:1 MUST:2 ADDRESS:1 COME:1 ROBOT:1 PLAN:1 WAY:1 OUR:1 MARK:1
https://tribune.net.ph/2026/08/31/danger-of-forcing-prosperity	SEPTEMBER:2 NOW:2 SUPPORT:2 SHOW:2 MORE:8 THE:70 PAGE:1 METRO:1 WORLD:1 DYARYO:1 TIRADA:1 ALL:2 EDIT:1 TOP:1 PROJECT:1 LARAWAN:1 TINDAHAN:1 FOR:15 SIMPLE:2 LET:4 MOVE:3 BUT:13 NOT:13 AWAY:2 OUR:3 AND:34 STAND:2 MIN:1 READ:4 GET:3 YOUR:4 CHAT:2 TAKE:1 SEARCH:2 DEAL:3 GETS:3 FIRST:5 TWO:3 KEY:3 COMMERCIAL:1 TRAFFIC:1 EIGHT:2 ARE:3 SEE:1 MAY:5 WHY:2 ONE:4 BEEN:1 VIEW:1 GRADE:1 RATING:1 CAN:12 ABILITY:1 DEBATE:1 RAW:5 THERE:2 SOUND:1 STATE:2 MUST:5 ALSO:4 EVEN:2 PART:1 IDEA:1 BAN:3 NEW:2 WHERE:1 COME:1 NATURAL:1 OPEN:2 REGULATION:1 WAS:1 LOOK:1 REAL:1 TEST:1 ORDER:1 HOME:1 ROMERO:1
https://tribune.net.ph/2026/08/31/resilience-we-deserve-more	SEPTEMBER:2 NOW:2 SUPPORT:2 SHOW:2 MORE:12 THE:42 PAGE:1 METRO:1 WORLD:1 DYARYO:1 TIRADA:1 ALL:2 EDIT:1 TOP:1 PROJECT:3 LARAWAN:1 TINDAHAN:1 FOR:12 EIGHT:4 KNOW:2 ARE:15 NOT:7 MIN:1 READ:4 GET:4 YOUR:4 AND:22 CHAT:2 TAKE:1 SEARCH:2 DEAL:3 COMMERCIAL:1 TRAFFIC:1 FIRST:4 GETS:3 TWO:4 KEY:3 OUR:8 WAY:2 BUT:9 SEE:1 DAY:1 HOME:1 THINK:1 THERE:3 SMALL:2 CAN:2 EVEN:1 SCHOOL:1 ONE:1 RESCUE:1 OPEN:1 BEEN:7 OVER:1 WHY:3 WHERE:1 MONEY:2 MAHIYA:1 NAMAN:1 KAYO:1 WAS:1 MUST:3 PESO:2 AYUDA:1 LOOK:1 LET:2 GOOD:1 RESORT:1 YEAR:2 MUCH:1 ALSO:2 REAL:1 LILA:1 WATER:1 STOP:1
https://tribune.net.ph/2026/08/31/movies-we-dont-make-anymore	SEPTEMBER:7 NOW:4 SUPPORT:2 SHOW:8 MORE:5 THE:77 PAGE:1 METRO:1 WORLD:3 DYARYO:1 TIRADA:1 ALL:1 EDIT:1 TOP:1 PROJECT:1 LARAWAN:1 TINDAHAN:1 FOR:13 MIN:1 READ:4 POSTER:1 AIR:6 THERE:3 FEED:1 MOVE:1 AND:54 DOWN:2 LAKAMBINI:2 KAMUNING:1 POLICE:1 OVER:1 BEEN:1 LOOK:2 SAN:2 GET:3 YOUR:4 CHAT:2 TAKE:1 SEARCH:2 LOLA:3 LATE:3 RED:1 CLASSIC:3 NGUNIT:3 KULANG:3 TWO:1 CAST:1 LEON:3 WAS:4 NAME:2 FIRST:2 MILAGROS:1 VERSION:1 SPECIAL:1 LONG:1 GALA:1 SEDA:1 BUT:2 MANILA:3 MAY:1 FATHER:1 MOTHER:1 YOUNG:1 MAN:1 MORAL:1 SMALL:2 BAKYA:1 SAID:1 CHAIR:1 ALSO:5 WAY:1 SECOND:3 MUCH:1 LOVE:1 RAW:1 BRUTAL:1 TUKAYO:1 OUT:1 RIGHT:1 PERSONAL:1 GREAT:2 SANGANDAAN:1 ONE:1 ARE:4 WHY:2 LIKE:2 PLUS:1 IDEA:1 NOT:1 GOOD:1 FIRE:1 HIT:1 BIG:2 AWARD:1 PART:1 MAGANDA:1 LET:1 COME:1 MANALO:1 JUST:1
https://tribune.net.ph/2026/08/31/infidelity-4	SEPTEMBER:5 NOW:1 SUPPORT:2 SHOW:2 MORE:5 THE:35 PAGE:1 METRO:9 WORLD:1 DYARYO:1 TIRADA:1 ALL:1 EDIT:1 TOP:1 PROJECT:1 LARAWAN:1 TINDAHAN:1 FOR:7 MIN:1 READ:4 GET:4 YOUR:10 AND:12 CHAT:2 TAKE:1 SEARCH:2 MALABON:4 FIRE:4 OUT:2 BARANGAY:1 TANONG:1 TAXI:2 POLICE:2 YEAR:1 MAN:2 HOLD:2 SMALL:1 MANILA:1 MAYOR:1 ISKO:1 MORENO:1 NEW:1 MILITARY:1 AID:1 OIL:1 ARE:1 PER:2 SHABU:3 OUR:2 WAY:1 BEEN:1 LONG:1 DAY:2 ALTAR:2 WAS:4 LEGAL:2 CAN:3 THANK:1 YOU:3 MUCH:1 MAY:1 EFFECT:1 MENTAL:1 SEXUAL:3 DATING:4 WHERE:1 EVEN:1 ONE:1 MUST:1 DUE:1 ALSO:2 OVER:1 GIRLFRIEND:1 NOT:1
https://tribune.net.ph/2026/08/31/let-filipinos-eat-savings	SEPTEMBER:7 NOW:1 SUPPORT:2 SHOW:3 MORE:10 THE:72 PAGE:1 METRO:1 WORLD:1 DYARYO:1 TIRADA:1 ALL:3 EDIT:1 TOP:1 PROJECT:1 LARAWAN:1 TINDAHAN:1 FOR:4 LET:5 AND:16 MIN:1 READ:4 GET:4 YOUR:5 CHAT:2 TAKE:1 SEARCH:2 ZERO:4 CAN:1 OUR:1 ARE:6 NOT:7 WAY:1 YOU:2 THERE:1 LIKE:2 BEST:1 MAN:2 STUFF:1 PESO:4 NEW:1 BANGKO:1 SENTRAL:1 WAS:3 WHY:3 MAYABANG:1 OUT:2 AVERAGE:2 OVER:2 MAY:3 RUN:1 MUCH:2 PUT:1 LAST:2 YEAR:6 ALSO:4 EVEN:1 JUST:1 SECOND:2 REAL:1 STOP:2 BUT:1 SOUND:1 ONE:2 MONEY:1 CAR:1 SARI:2 SHY:1 OWN:1 STYLE:1 AIR:1 FULL:1 END:1 RAMP:1
https://tribune.net.ph/2026/08/31/physical-woes-dog-djokovic-in-shock-us-open-loss	SEPTEMBER:5 NOW:3 SUPPORT:3 SHOW:2 MORE:7 THE:63 PAGE:1 METRO:1 WORLD:6 DYARYO:1 TIRADA:1 ALL:5 EDIT:1 TOP:1 PROJECT:1 LARAWAN:1 TINDAHAN:1 FOR:14 DOG:2 OPEN:19 MIN:1 READ:4 FIRST:6 ROUND:3 GET:3 YOUR:4 AND:28 CHAT:2 TAKE:1 SEARCH:2 BOOK:3 DAY:3 BAG:1 LEAD:10 CAST:1 YOUNG:1 YOU:1 CRAZY:2 LOVE:5 RUN:2 AIR:3 SUNDAY:1 SAID:7 KNOW:2 MUCH:2 YEAR:3 ALSO:4 WAY:2 PAUL:1 LATE:1 PAIN:2 BEEN:1 NOT:2 RIGHT:2 JUST:2 ADDRESS:1 CAN:1 FOURTH:3 DOWN:3 BUT:7 TWO:4 BREAK:6 FIFTH:3 THERE:1 WAS:8 ONE:4 OWN:1 LIKE:1 MEAN:1 MENTAL:1 FELT:1 SECOND:2 OUT:1 HOLD:1 DOUBLE:1 CUT:1 BRIEF:1 CLOSE:1 HIT:1 LONG:2 GIVE:1 THIRD:3 LET:1 CHAIR:1 STAND:1 EIGHT:1 OVER:1 END:1 HOME:1 BET:1 KOREA:1 PARIS:1 MAY:1
https://tribune.net.ph/2026/08/31/conscience-evidence-nothing-else	SEPTEMBER:7 NOW:2 SUPPORT:2 SHOW:3 MORE:6 THE:71 PAGE:1 METRO:1 WORLD:1 DYARYO:1 TIRADA:1 ALL:4 EDIT:1 TOP:1 PROJECT:1 LARAWAN:1 TINDAHAN:1 FOR:8 CORONA:6 LIKE:2 WAS:3 FULL:2 MIN:1 READ:4 GET:3 YOUR:5 AND:14 CHAT:2 TAKE:1 SEARCH:2 ZERO:4 LET:3 CAN:1 OUR:1 ARE:4 NOT:7 WAY:3 YOU:2 THERE:1 TAKING:1 PART:1 BIO:1 ONE:2 REAL:2 WAYS:1 SHORT:1 FIRST:1 TEST:1 OPEN:1 SECOND:1 OUT:1 DEBATE:1 BOOK:1 MONEY:2 OWN:2 YEAR:2 DOWN:1 BUT:4 TRUE:1 MAY:1 ALSO:3 FORWARD:1 STYLE:1 AIR:1 SARA:1 LISA:1 TWO:1 COMMON:1 BEEN:1
https://tribune.net.ph/2026/08/31/gagging-the-truth	SEPTEMBER:7 NOW:7 SUPPORT:2 SHOW:2 MORE:6 THE:64 PAGE:2 METRO:1 WORLD:5 DYARYO:1 TIRADA:1 ALL:1 EDIT:1 TOP:1 PROJECT:1 LARAWAN:1 TINDAHAN:1 FOR:9 GOOD:2 SEE:2 LIKE:3 MIN:1 READ:4 AND:16 GET:4 YOUR:4 CHAT:2 TAKE:2 SEARCH:2 THIRD:3 SCHOOL:3 NOT:11 EIGHT:1 KILO:1 SEVEN:1 NEW:1 LOOK:1 OPEN:1 WHY:1 ARE:5 OUR:3 LAST:1 RULE:6 SARA:5 EVEN:1 MAY:5 INSIDE:2 LET:1 BUT:4 REGULAR:2 PERFECT:1 MUCH:1 POPULAR:1 MUST:1 BASE:1 THERE:3 OUT:2 ALSO:3 FIRST:1 SHORT:1 KNOW:2 CAN:1 SAW:1 VIDEO:2 SAID:1 CORONA:1 TRUE:1 LEAD:1 YUKO:1
https://tribune.net.ph/2026/08/31/protecting-cebus-highlands	SEPTEMBER:7 NOW:2 SUPPORT:2 SHOW:2 MORE:7 THE:51 PAGE:2 METRO:5 WORLD:5 DYARYO:1 TIRADA:1 ALL:1 EDIT:1 TOP:1 PROJECT:1 LARAWAN:1 TINDAHAN:1 FOR:13 AND:31 CAN:5 MIN:1 READ:4 ARE:6 GET:3 YOUR:4 CHAT:2 TAKE:1 SEARCH:2 THIRD:3 SCHOOL:3 NOT:11 EIGHT:1 KILO:1 SEVEN:1 NEW:1 LOOK:1 OPEN:2 WHY:1 OUR:5 BEEN:1 NATURAL:4 REMEMBER:1 DAYS:1 JUST:2 COMMERCIAL:1 COVER:1 SOAK:1 FLASH:2 LEAD:1 MUST:1 BUT:1 ALSO:3 LET:1 WAY:1
https://tribune.net.ph/2026/08/31/obiena-strikes-gold-in-berlin	SEPTEMBER:2 NOW:1 SUPPORT:2 SHOW:2 MORE:7 THE:31 PAGE:1 METRO:1 WORLD:4 DYARYO:1 TIRADA:1 ALL:2 EDIT:1 TOP:2 PROJECT:1 LARAWAN:1 TINDAHAN:1 FOR:8 MIN:1 READ:3 GET:3 YOUR:4 AND:10 CHAT:2 TAKE:1 SEARCH:2 HOME:1 BET:1 PERFECT:1 FIRST:1 AIR:1 THERE:2 FEED:1 BIG:1 BUT:5 RULE:1 WAS:2 NOT:4 YEAR:1 FIFTH:1 WHERE:1 ALSO:2 ONE:2 LAST:1 TAKING:1 SEASON:1 SAW:1 MOVE:1 GOOD:1 LIKE:1 WAY:1 SAID:1 DAY:1 RUSH:1
https://tribune.net.ph/2026/08/31/double-standard-and-bamboo-diplomacy	SEPTEMBER:7 NOW:4 SUPPORT:2 SHOW:2 MORE:11 THE:59 PAGE:1 METRO:1 WORLD:5 DYARYO:1 TIRADA:1 ALL:5 EDIT:1 TOP:1 PROJECT:1 LARAWAN:1 TINDAHAN:1 FOR:8 DOUBLE:6 AND:15 WHY:5 COME:2 FIRST:3 ARE:5 JUST:2 LEGAL:2 MIN:1 READ:4 GET:3 YOUR:4 CHAT:2 TAKE:1 SEARCH:2 THIRD:3 SCHOOL:3 NOT:10 EIGHT:1 KILO:1 SEVEN:1 NEW:1 LOOK:1 OPEN:1 OUR:3 VIEW:1 THERE:4 ONE:3 EFFECT:1 VERSION:1 ALSO:3 MORAL:1 ORDER:1 WAY:1 NAY:1 TRIP:1 CLASSIC:1 MAY:1 BEEN:1 MUCH:1 WHERE:3 BIG:1 CALL:2 YOU:1 BLUE:1 OVER:2 EVEN:1 MILITARY:1 PUT:1 WASHINGTON:1 TAKING:1 FLAG:1
https://tribune.net.ph/2026/08/31/stew-feed	SEPTEMBER:7 NOW:3 SUPPORT:2 SHOW:3 MORE:6 THE:50 PAGE:1 METRO:1 WORLD:5 DYARYO:1 TIRADA:1 ALL:2 EDIT:1 TOP:1 PROJECT:1 LARAWAN:1 TINDAHAN:1 FOR:12 FEED:3 OUR:5 ALSO:8 MIN:1 READ:4 DAY:1 SARA:5 LAST:1 GET:3 YOUR:4 AND:16 CHAT:2 TAKE:1 SEARCH:3 THIRD:3 SCHOOL:3 NOT:10 EIGHT:1 KILO:1 SEVEN:1 NEW:2 LOOK:1 OPEN:1 WHY:1 ARE:5 WAS:3 GREAT:1 TRIBUNAL:1 BUT:5 SHORT:1 SUPPLY:1 LIKE:2 SINUNGALING:1 REGULAR:1 YOU:8 CAN:2 KNOW:1 THERE:1 WHERE:1 AMONG:1 DEBATE:1 PER:1 FIRST:1 SIMPLE:1 OVER:1 CALL:3 PANGILINAN:1 MAY:2 LITO:1 DRUNK:1 LIMA:1 YOUNG:1 NORMAL:1 THINK:1 LISA:1 LAY:1
https://tribune.net.ph/2026/08/31/bcda-grants-ops-to-consortium-on-p148b-new-clark-city-water-wastewater-project	SEPTEMBER:2 NOW:3 SUPPORT:5 SHOW:2 MORE:7 THE:73 PAGE:1 METRO:1 WORLD:1 DYARYO:2 TIRADA:2 ALL:2 EDIT:1 TOP:2 PROJECT:15 LARAWAN:1 TINDAHAN:1 FOR:16 OPS:4 NEW:14 WATER:19 MIN:1 READ:4 AMONG:1 AND:43 HAY:1 SPECIAL:1 ALSO:5 AGRICULTURE:1 NORTE:4 STATE:5 DUE:4 NINO:3 NAGA:1 WAS:2 SUPPLY:2 GETS:1 BOARD:2 NOT:1 SARA:1 LISA:1 TWO:2 YEAR:1 OVER:1 SHABU:2 TOTAL:1 GET:3 YOUR:4 CHAT:2 AIR:3 TAKE:1 SEARCH:2 MOVE:3 EDUCATION:3 KOREA:1 SAID:3 CAN:1 ARE:2 LONG:1 COMMERCIAL:1 BASE:1 PART:2 URBAN:1 AWARD:2 MODERN:1 MAY:1 ARESTADO:1 YAKAP:1 GAMOT:1 LAKBAY:1 PALAY:1 WET:1 SEASON:1 FORWARD:1 OUR:1
https://tribune.net.ph/2026/08/31/baricuatro-vows-transparency-accountability	SEPTEMBER:2 NOW:1 SUPPORT:2 SHOW:3 MORE:6 THE:24 PAGE:1 METRO:1 WORLD:1 DYARYO:1 TIRADA:1 ALL:2 EDIT:1 TOP:1 PROJECT:3 LARAWAN:1 TINDAHAN:1 FOR:9 MIN:1 READ:2 GET:3 YOUR:5 AND:18 CHAT:2 TAKE:1 SEARCH:2 AIR:4 MOVE:3 AGRICULTURE:1 NORTE:4 STATE:5 DUE:4 WATER:4 NINO:3 NAGA:1 WAS:2 SUPPLY:1 GETS:1 BOARD:1 NOT:1 SARA:1 LISA:1 TWO:2 YEAR:1 OVER:1 SHABU:2 TOTAL:1 EDUCATION:3 ADDRESS:2 OUR:2 OWN:1 ORDER:1 SAID:2 MUST:1 SIMPLE:1 ARE:1 OPEN:1 ZERO:1 STYLE:1
https://tribune.net.ph/2026/08/31/free-extra-rice-at-mcdonalds-this-heroes-day	SEPTEMBER:3 NOW:1 SUPPORT:2 SHOW:3 MORE:10 THE:33 PAGE:1 METRO:1 WORLD:1 DYARYO:1 TIRADA:1 ALL:3 EDIT:1 TOP:1 PROJECT:1 LARAWAN:1 TINDAHAN:1 FOR:10 DAY:7 MIN:1 READ:2 LOGO:1 GET:3 YOUR:5 AND:17 CHAT:2 TAKE:1 SEARCH:2 THERE:9 ARE:7 GETS:3 SEVEN:3 TASTE:1 LIKE:1 NEW:1 MAKATI:1 HOME:1 FINE:2 WHERE:1 TIMBOL:1 KOREA:1 JAIL:1 PART:1 ONE:2 DINE:1 OUR:1 WAY:1 SULIT:3 BUSOG:3 ADA:1 ALMENDRAS:1 SAID:1 ALA:3 ULAM:1 ALSO:1 TWO:1 COKE:1 BEEN:1 CLASSIC:1 ZERO:1 STYLE:1 AIR:1
https://tribune.net.ph/2026/08/31/waist-deep-floods-no-barrier-to-lapid-relief-drive	SEPTEMBER:2 NOW:1 SUPPORT:2 SHOW:3 MORE:7 THE:29 PAGE:1 METRO:1 WORLD:1 DYARYO:1 TIRADA:1 ALL:2 EDIT:1 TOP:1 PROJECT:1 LARAWAN:1 TINDAHAN:1 FOR:9 MIN:1 READ:4 LITO:6 GET:3 YOUR:5 AND:15 CHAT:2 TAKE:1 SEARCH:2 AIR:4 MOVE:3 AGRICULTURE:1 NORTE:4 STATE:4 DUE:4 WATER:4 NINO:3 NAGA:1 WAS:3 SUPPLY:1 GETS:1 BOARD:1 NOT:1 SARA:1 LISA:1 TWO:2 YEAR:1 OVER:1 SHABU:2 TOTAL:1 EDUCATION:3 ANA:1 HOME:1 THIRD:1 DAY:1 HIT:1 HABAGAT:1 AKO:1 MAINIT:1 AKIN:1 BAGAY:1 MAKITA:1 SILA:2 PERSONAL:1 HIGIT:1 LAHAT:1 PALAD:1 SAID:2 WELCOME:1 SEE:1 SHAKE:1 LAST:1 ALSO:3 HAGONOY:1 BARANGAY:3 CALL:1 SUPREMO:1 FIRST:1 ZERO:1 STYLE:1 MARK:1
https://tribune.net.ph/2026/08/31/henman-eala-my-pick-at-us-open	SEPTEMBER:7 NOW:1 SUPPORT:7 SHOW:2 MORE:7 THE:42 PAGE:1 METRO:1 WORLD:5 DYARYO:1 TIRADA:1 ALL:2 EDIT:1 TOP:1 PROJECT:1 LARAWAN:1 TINDAHAN:1 FOR:7 OPEN:15 MIN:1 READ:4 GET:3 YOUR:4 AND:11 CHAT:2 TAKE:1 SEARCH:2 FULL:6 AIR:3 DAY:4 NOT:1 JUST:1 SECOND:1 PARIS:1 SIX:1 LIGHT:1 YOU:1 CRAZY:1 LOVE:2 FIRST:2 TIM:1 MONEY:1 YEAR:4 DARK:2 HORSE:1 FIRE:1 MANILA:1 INSIDE:1 NEW:2 GREAT:1 SAID:1 TAKING:1 DOWN:1 RUN:2 LAST:4 WHERE:2 OUT:1 WAY:1 BUT:1 WASHINGTON:1 ROUND:1 ALSO:2
https://tribune.net.ph/2026/08/31/dswd-food-packs-cost-p79780-not-p1503	SEPTEMBER:2 NOW:3 SUPPORT:2 SHOW:2 MORE:7 THE:62 PAGE:1 METRO:6 WORLD:1 DYARYO:1 TIRADA:1 ALL:3 EDIT:1 TOP:1 PROJECT:1 LARAWAN:1 TINDAHAN:1 FOR:13 NOT:5 MIN:1 READ:4 AGRICULTURE:1 NORTE:4 STATE:4 DUE:4 WATER:4 NINO:3 NAGA:1 WAS:4 SUPPLY:1 AND:26 GETS:1 BOARD:1 SARA:1 LISA:1 TWO:3 YEAR:1 OVER:2 SHABU:2 TOTAL:2 GET:3 YOUR:4 CHAT:2 AIR:3 TAKE:1 SEARCH:2 MOVE:3 EDUCATION:4 ARE:7 SAID:14 MAY:1 ONE:3 OUR:2 INTERVIEW:1 AWARD:2 THERE:2 PER:1 TUNA:1 SIX:1 YOU:2 EVEN:1 BUT:2 ALSO:3 TESTING:1 HABAGAT:2 LIKE:1 BEEN:1 FIRST:2 PILANDOK:1 MANILA:2 LUIS:1 KNOW:1 SECOND:1 THIRD:1 ROUND:1 LONG:1 SLING:1 BAG:1 OPS:1 RAIN:1 HIT:1 SUNDAY:1
https://tribune.net.ph/2026/08/31/4id-troops-march-127-km-to-honor-filipino-heroes	SEPTEMBER:2 NOW:1 SUPPORT:2 SHOW:2 MORE:6 THE:36 PAGE:1 METRO:1 WORLD:1 DYARYO:1 TIRADA:1 ALL:1 EDIT:1 TOP:1 PROJECT:1 LARAWAN:1 TINDAHAN:1 FOR:8 MIN:1 READ:2 AGRICULTURE:1 NORTE:4 STATE:4 DUE:4 WATER:4 NINO:3 NAGA:1 WAS:2 SUPPLY:1 AND:23 GETS:1 BOARD:1 NOT:2 SARA:1 LISA:1 TWO:2 YEAR:1 OVER:1 SHABU:2 TOTAL:1 GET:3 YOUR:4 CHAT:2 AIR:3 TAKE:1 SEARCH:2 MOVE:3 EDUCATION:3 ORO:1 DAY:1 BARANGAY:1 PATAG:1 SAID:4 FORWARD:1 BUT:1 ALSO:1 SMALL:1
https://tribune.net.ph/2026/08/31/solon-seeks-fairer-nta-formula-for-coastal-lgus	SEPTEMBER:2 NOW:1 SUPPORT:3 SHOW:2 MORE:5 THE:40 PAGE:1 METRO:1 WORLD:1 DYARYO:1 TIRADA:1 ALL:2 EDIT:1 TOP:1 PROJECT:1 LARAWAN:1 TINDAHAN:1 FOR:16 MIN:1 READ:4 GET:4 YOUR:4 AND:15 CHAT:2 TAKE:2 SEARCH:2 AIR:3 MOVE:3 AGRICULTURE:1 NORTE:6 STATE:4 DUE:4 WATER:4 NINO:3 NAGA:1 WAS:2 SUPPLY:1 GETS:1 BOARD:1 NOT:3 SARA:1 LISA:1 TWO:2 YEAR:2 OVER:2 SHABU:2 TOTAL:1 EDUCATION:3 DALE:2 SAID:4 BUT:2 ARE:3 ALSO:3 AMONG:1 THERE:1 BIG:1 DRY:1 ADDRESS:2 OUT:1 SEASON:1
https://tribune.net.ph/2026/08/31/leonen-caguioa-among-5-invited-to-seek-cj-post	SEPTEMBER:2 NOW:1 SUPPORT:2 SHOW:2 MORE:5 THE:29 PAGE:1 METRO:1 WORLD:1 DYARYO:1 TIRADA:1 ALL:1 EDIT:1 TOP:1 PROJECT:1 LARAWAN:1 TINDAHAN:1 FOR:10 AMONG:2 MIN:1 READ:2 GET:3 YOUR:4 AND:22 CHAT:2 TAKE:1 SEARCH:2 AIR:3 MOVE:3 AGRICULTURE:1 NORTE:4 STATE:4 DUE:4 WATER:4 NINO:3 NAGA:1 WAS:2 SUPPLY:1 GETS:1 BOARD:1 NOT:2 SARA:1 LISA:1 TWO:2 YEAR:1 OVER:1 SHABU:2 TOTAL:1 EDUCATION:3 BAR:2 SENIOR:2 PAUL:2 MEAN:1 BEEN:1 SAID:1 SCREEN:1
https://tribune.net.ph/2026/08/31/pnp-reinforces-safety-directives-after-bridge-collapses-in-tarlac-city-amid-heavy-rains	SEPTEMBER:2 NOW:1 SUPPORT:2 SHOW:2 MORE:5 THE:37 PAGE:1 METRO:1 WORLD:1 DYARYO:1 TIRADA:1 ALL:2 EDIT:1 TOP:1 PROJECT:1 LARAWAN:1 TINDAHAN:1 FOR:10 MIN:1 READ:4 AND:30 DOWN:1 EDUCATION:1 NATURAL:1 AGRICULTURE:1 NORTE:2 STATE:2 DUE:2 WATER:2 NINO:1 NAGA:1 WAS:4 SUPPLY:1 GETS:1 BOARD:1 NOT:1 SARA:1 LISA:1 GET:3 YOUR:4 CHAT:2 THIRD:3 TAKE:1 SEARCH:5 AIR:3 MOVE:3 POLICE:7 SAID:4 OUR:2 RESCUE:3 ONE:1 ALSO:5 AMONG:1 BEEN:1 HABAGAT:1 CAN:1 LAST:1
https://tribune.net.ph/2026/08/31/dancesport-competition-highlights-cdo-2026-higalaay-festivities	SEPTEMBER:3 NOW:2 SUPPORT:2 SHOW:3 MORE:6 THE:49 PAGE:1 METRO:1 WORLD:2 DYARYO:1 TIRADA:1 ALL:2 EDIT:1 TOP:2 PROJECT:1 LARAWAN:1 TINDAHAN:1 FOR:14 MIN:1 READ:4 NEW:5 COMFORT:1 HOME:2 STYLE:1 AND:26 AIR:1 MOVE:1 DOWN:1 GET:3 YOUR:4 CHAT:2 TWO:3 NORTE:4 TAKE:1 SEARCH:2 NINO:3 OUT:3 TRANSPORT:3 ORO:5 LONG:5 WAS:2 FIRST:2 OPEN:1 BARANGAY:1 PART:2 ARE:4 TANGO:1 CHA:3 SAMBA:1 RUMBA:1 PASO:1 DOBLE:1 ALSO:5 FOSTER:1 WELCOME:1 PUNTOD:2 PARK:2 PATRON:1 SAID:6 WIND:1 AMONG:1 REGULATION:1 OVER:1 MUST:1 POLICE:1 WHERE:1 CAN:1 PILOT:1 MILITARY:2 ROTONDA:1 DON:1 TRAFFIC:2 LAST:1 YEAR:2 MAYOR:1 SHUT:1 DIES:1 SCHOOL:1 PAKIL:2
https://tribune.net.ph/2026/08/31/overcast-skies-in-manila	SEPTEMBER:4 NOW:1 SUPPORT:2 SHOW:2 MORE:6 THE:11 PAGE:1 METRO:2 WORLD:1 DYARYO:1 TIRADA:1 ALL:2 EDIT:1 TOP:1 PROJECT:1 LARAWAN:1 TINDAHAN:1 FOR:6 MANILA:5 COVER:1 MIN:1 READ:1 YOUR:3 TAKE:1 GET:2 AND:5 CHAT:1 SEARCH:2 BANTAYOG:3 MGA:3 BAYANI:3 TOTO:2 ARE:1
https://tribune.net.ph/2026/08/31/filipino-trio-opens-nomura-cup-bid-in-china	SEPTEMBER:7 NOW:1 SUPPORT:2 SHOW:3 MORE:7 THE:61 PAGE:1 METRO:1 WORLD:2 DYARYO:1 TIRADA:1 ALL:2 EDIT:1 TOP:2 PROJECT:1 LARAWAN:1 TINDAHAN:1 FOR:6 TRIO:4 MIN:1 READ:4 GET:4 YOUR:5 AND:12 CHAT:2 TAKE:1 SEARCH:2 LEAD:3 NEW:3 NOT:4 FORWARD:1 ARE:4 OVER:3 OPEN:1 TEST:1 WHITE:3 FLAG:3 BEST:3 FIRST:3 TWO:2 THIRD:1 ROUND:2 ALSO:4 COURSE:5 BUT:7 ONE:2 SAID:3 LIKE:2 OUR:4 CAN:1 JUST:2 GIVE:1 LET:1 OUT:1 MANILA:1 HOME:1 PAPER:1 THINK:1 ABLE:1 FIRE:1 RIGHT:1 FINE:1 YEAR:2 HUY:1 GOOD:2 ZERO:1 STYLE:1 AIR:1 BREAK:1 MAY:1 SIX:1 VERSION:1 LAY:1
https://tribune.net.ph/2026/08/31/alan-urges-ping-to-stop-theatrics-political-persecution-after-alleging-p37-b-in-wasted-taguig-projects	SEPTEMBER:6 NOW:3 SUPPORT:2 SHOW:2 MORE:7 THE:87 PAGE:3 METRO:3 WORLD:1 DYARYO:1 TIRADA:1 ALL:4 EDIT:1 TOP:3 PROJECT:1 LARAWAN:1 TINDAHAN:1 FOR:14 STOP:4 MIN:1 READ:4 AND:34 TRIP:4 LONG:2 RULE:1 LISA:4 SARA:3 MAY:2 INDAY:1 SAID:6 GET:3 YOUR:4 CHAT:2 MAGING:3 PRESIDENTE:3 OVER:7 TAKE:1 SEARCH:2 ARE:6 TRUE:2 WAS:4 DUE:3 OUR:1 TOTAL:1 NOT:2 DOUBLE:2 NEW:2 ORDER:1 ALSO:6 BEEN:1 FIRST:1 LATE:2 THERE:1 LIKE:1 EVEN:1 LEGAL:1 STATE:1 MAYOR:1 ONE:4 WHY:1 SOLO:3 TWO:1 NATURAL:1 BUT:1 DOWN:1 BOARD:1 SHIFT:1 AWAY:1 BOMB:1
https://tribune.net.ph/2026/08/31/gatchalian-backed-philippine-estates-swings-to-p891-million-profit	SEPTEMBER:2 NOW:1 SUPPORT:2 SHOW:2 MORE:6 THE:52 PAGE:1 METRO:1 WORLD:1 DYARYO:1 TIRADA:1 ALL:2 EDIT:1 TOP:1 PROJECT:7 LARAWAN:1 TINDAHAN:1 FOR:11 DUE:2 JUST:3 MIN:1 READ:5 GET:3 YOUR:4 AND:14 CHAT:2 DEAL:3 TAKE:1 SEARCH:2 GETS:3 FIRST:7 TWO:3 KEY:3 COMMERCIAL:1 TRAFFIC:1 EIGHT:3 SECOND:3 YEAR:3 SAID:2 LAST:1 WAS:4 REAL:2 MUCH:1 ADDRESS:1 OVER:1 LONG:1 PART:1 THIRD:1 FATHER:1 MOTHER:1 BLUE:1 IPO:1 ALSO:3 INSIDE:1 HOTEL:1 ALI:1 ROMERO:2 SAW:1
https://tribune.net.ph/2026/08/31/retirement-bound-fajardo-goes-full-circle	SEPTEMBER:6 NOW:1 SUPPORT:2 SHOW:2 MORE:6 THE:68 PAGE:1 METRO:1 WORLD:3 DYARYO:1 TIRADA:1 ALL:2 EDIT:1 TOP:1 PROJECT:1 LARAWAN:1 TINDAHAN:1 FOR:12 FULL:2 MIN:1 READ:5 GET:3 YOUR:4 AND:15 CHAT:2 TAKE:2 SEARCH:2 GILAS:20 HOT:3 SAN:5 STYLE:1 SECOND:3 BIG:3 NOT:1 AWAY:2 TAKING:2 OVER:4 DILIMAN:1 FIRST:1 DOWN:4 BLUE:3 MAN:1 BOOK:1 YEAR:2 SIX:1 TWO:2 SUNDAY:1 MALL:1 LAST:2 DON:1 BRIEF:1 EVEN:1 WAS:2 SAID:3 BUT:2 PROUD:1 MANILA:1 ALSO:5 ONE:3 WHERE:1 BRIGHT:1 CAN:2 SEE:1 LONG:1 ARE:3 COACH:1 TIM:1 BROWN:1 AMONG:1 GIVE:1 YOU:2 FIFTH:1 DAY:1 MARK:2 COME:1
https://tribune.net.ph/2026/08/31/boc-manilamed-ink-healthcare-deal-for-workers-retirees	SEPTEMBER:2 NOW:1 SUPPORT:2 SHOW:2 MORE:7 THE:30 PAGE:1 METRO:3 WORLD:1 DYARYO:1 TIRADA:1 ALL:1 EDIT:1 TOP:1 PROJECT:1 LARAWAN:1 TINDAHAN:1 FOR:12 DEAL:2 MIN:1 READ:4 GET:3 YOUR:4 AND:21 CHAT:2 TAKE:1 SEARCH:2 AIR:4 MOVE:3 AGRICULTURE:1 NORTE:4 STATE:4 DUE:4 WATER:4 NINO:3 NAGA:1 WAS:3 SUPPLY:1 GETS:1 BOARD:1 NOT:1 SARA:1 LISA:2 TWO:2 YEAR:1 OVER:1 SHABU:2 TOTAL:1 EDUCATION:3 ARE:1 OUT:1 ALSO:4 EXPRESS:1 SENIOR:1 SAID:2 BEEN:1
https://tribune.net.ph/2026/08/31/palace-brands-marcos-honorary-degree-critics-destabilizers	SEPTEMBER:3 NOW:1 SUPPORT:5 SHOW:2 MORE:5 THE:41 PAGE:2 METRO:1 WORLD:1 DYARYO:2 TIRADA:2 ALL:3 EDIT:1 TOP:1 PROJECT:1 LARAWAN:1 TINDAHAN:1 FOR:11 MIN:1 READ:4 PAMANTASAN:3 LUNGSOD:3 ARE:4 ALSO:5 KABATAAN:2 SAID:10 THERE:2 AND:22 AKO:1 SUNDAY:1 PART:1 VIDEO:2 AID:1 KASO:1 HINDI:4 EHEKUTIBO:1 ANG:4 MAGIGING:1 HAKBANG:1 AIR:1 MOVE:1 GET:3 YOUR:4 CHAT:2 TAKE:1 SEARCH:2 MGA:6 RITO:1 TAONG:1 KUNG:1 MAN:1 MAPAGMATAAS:1 PANGULO:2 LANG:1 PERO:1 NOT:8 STUDY:1 ITO:2 PAMAMAGITAN:1 TRADISYONAL:1 PAG:1 SCHOOL:1 BAR:2 AMONG:2 ADDRESS:1 OIL:1 LEGAL:2 WAS:3 ABLE:1 GOOD:2 ILAN:1 LAMANG:1 YAN:1 IBA:2 GINAWA:1 PILIT:1 MATA:1 ABOGADO:1 BAYAN:1 DAY:2 OUT:2 KAY:1 INSULTO:1 RIN:1 MAG:1 ILALIM:1 DIKTADURA:1 AMA:1 NIYA:1 SARILI:1 REHIMEN:1 ONE:1 SAW:1 BUT:2 JUST:1 EDUCATION:1 COURSE:1 CAN:1 KNOW:2 HIT:2 INGAT:1 LISA:1
https://tribune.net.ph/2026/08/31/enhypen-earns-first-ever-billboard-200-no-1	SEPTEMBER:2 NOW:1 SUPPORT:2 SHOW:6 MORE:5 THE:29 PAGE:1 METRO:1 WORLD:2 DYARYO:1 TIRADA:1 ALL:1 EDIT:1 TOP:2 PROJECT:1 LARAWAN:1 TINDAHAN:1 FOR:6 FIRST:3 MIN:1 READ:2 GET:3 YOUR:4 AND:8 CHAT:2 TAKE:1 SEARCH:2 LOLA:3 AIR:6 LATE:3 MOVE:3 DOWN:1 LAKAMBINI:2 KAMUNING:1 POLICE:1 OVER:1 BEEN:1 LOOK:2 SAN:2 NEW:1 ONE:2 ALBUM:1 BOY:1 OUT:1 AMONG:1 LONG:1 SEVEN:1
https://tribune.net.ph/2026/08/31/gilas-hopeful-for-brownlees-asia-stint	SEPTEMBER:6 NOW:2 SUPPORT:2 SHOW:2 MORE:5 THE:44 PAGE:1 METRO:1 WORLD:3 DYARYO:1 TIRADA:1 ALL:1 EDIT:1 TOP:2 PROJECT:1 LARAWAN:1 TINDAHAN:1 FOR:17 GILAS:20 MARK:2 MIN:1 READ:4 SAN:5 STYLE:1 SECOND:3 BIG:1 NOT:3 AWAY:2 TAKING:2 OVER:3 DILIMAN:1 FIRST:1 GET:3 YOUR:4 AND:9 CHAT:2 HOT:3 TAKE:1 SEARCH:2 DOWN:4 BLUE:3 COACH:1 TIM:1 FOURTH:1 COME:3 BUT:2 KNOW:2 SAID:2 SUNDAY:1 TWO:2 ROUND:1 RIGHT:1 THINK:1 LIST:1 YOU:1 JUST:1 LAST:1 THIRD:1 DOUBLE:1 NEW:1 OUT:1 DAYS:1 YEAR:3 SPOT:1 SEE:1 BARANGAY:1 WAS:1 END:1 SEVEN:1 ALSO:2
https://tribune.net.ph/2026/08/31/against-all-odds-2	SEPTEMBER:7 NOW:4 SUPPORT:2 SHOW:2 MORE:6 THE:74 PAGE:1 METRO:1 WORLD:9 DYARYO:1 TIRADA:1 ALL:7 EDIT:1 TOP:2 PROJECT:1 LARAWAN:1 TINDAHAN:1 FOR:15 GILAS:20 STRETCH:1 MARK:4 MIN:1 READ:5 GET:3 YOUR:4 AND:26 CHAT:2 TAKE:1 SEARCH:2 OVER:5 MANILA:1 SAN:2 CAN:2 OUR:1 ENTIRE:1 FOURTH:3 GRADE:1 DOWN:4 DOUBLE:1 SECOND:1 ROUND:2 TWO:7 HOME:4 YEAR:6 TIP:1 BUT:9 WAY:1 OUT:4 NOT:5 JUST:6 EVEN:2 COACH:1 TIM:1 RUN:3 YOU:6 KNOW:5 SAID:5 STAND:1 SUNDAY:1 MALL:1 WAS:9 FIRST:2 STOP:1 DUE:1 LAST:4 COME:2 THIRD:2 BIG:2 MAN:2 YOUNG:1 ARE:2 RIGHT:1 ABLE:1 SWEET:2 HOT:1 SEVEN:1 LONG:1 ONE:2 FELT:2 GOOD:1 THINK:1 GREAT:1 LET:1 PART:2 ALSO:3 FIFTH:1 DAYS:1 FORWARD:1 MUCH:1 TAKING:1
https://tribune.net.ph/2026/08/31/lanao-del-norte-wants-nas-campus	SEPTEMBER:2 NOW:1 SUPPORT:2 SHOW:3 MORE:7 THE:41 PAGE:1 METRO:1 WORLD:2 DYARYO:1 TIRADA:1 ALL:2 EDIT:1 TOP:2 PROJECT:1 LARAWAN:1 TINDAHAN:1 FOR:8 NORTE:6 MIN:1 READ:4 AND:17 GET:3 YOUR:5 CHAT:2 TAKE:1 SEARCH:2 HOME:2 BET:1 PERFECT:1 FIRST:1 AIR:2 THERE:1 FEED:1 NEW:1 STATE:1 GIVE:1 YOUNG:1 SAID:2 SCHOOL:1 EDUCATION:1 BOARD:1 OUR:1 OPEN:1 TRAIN:1 STUDY:1 ZERO:1 STYLE:1 ALSO:2 EVEN:1 SAN:2
https://tribune.net.ph/2026/08/31/summit-point-returns-to-pgt-spotlight	SEPTEMBER:8 NOW:2 SUPPORT:2 SHOW:3 MORE:8 THE:72 PAGE:1 METRO:1 WORLD:2 DYARYO:1 TIRADA:1 ALL:3 EDIT:1 TOP:2 PROJECT:1 LARAWAN:1 TINDAHAN:1 FOR:5 MIN:1 READ:4 AND:28 LIPA:2 GET:3 YOUR:6 CHAT:2 TAKE:1 SEARCH:2 LEAD:3 NEW:3 NOT:6 FORWARD:1 ARE:3 OVER:2 OPEN:1 TEST:2 WHITE:3 FLAG:3 MUCH:2 PUT:1 ONE:2 LAST:2 ORDER:2 COURSE:6 MARK:1 BUT:6 FIRST:1 OWN:1 LONG:2 ALSO:5 SHORT:2 PAR:3 SOUND:1 WATER:2 STAND:1 ANGELO:1 FIFTH:1 TWO:3 BREAK:2 SECOND:1 SEASON:2 ELEMENT:1 KNOW:1 AWAY:1 JUST:1 CAN:3 HIT:1 PATIENT:1 DAYS:1 ZERO:1 STYLE:1 AIR:1 VERSION:1 LAY:1 RAIN:1 WET:1 BARAKO:1
https://tribune.net.ph/2026/08/31/ust-feu-dominate-intercollegiate-tourney	SEPTEMBER:2 NOW:1 SUPPORT:2 SHOW:3 MORE:6 THE:48 PAGE:1 METRO:1 WORLD:2 DYARYO:1 TIRADA:1 ALL:2 EDIT:1 TOP:2 PROJECT:1 LARAWAN:1 TINDAHAN:1 FOR:8 MIN:1 READ:4 AND:25 HOME:2 BET:1 PERFECT:1 FIRST:1 AIR:2 THERE:1 FEED:1 GET:3 YOUR:5 CHAT:2 TAKE:1 SEARCH:2 SANTO:1 SUNDAY:1 MANILA:1 WAS:2 SIX:1 SCHOOL:4 SEASON:1 YEAR:1 TAKING:1 OVER:4 TEST:1 OUR:4 ALSO:5 ABLE:1 SAID:2 TWO:5 SHY:1 LAST:1 PUT:1 OUT:1 ADDRESS:1 KATIPUNAN:1 DOWN:1 BLUE:1 ANGEL:1 RUN:1 DELOS:1 BANAS:1 ZERO:1 STYLE:1 TABLE:1 TRIP:1
https://tribune.net.ph/2026/08/31/abante-challenges-sara-appear-before-impeachment-court	SEPTEMBER:4 NOW:2 SUPPORT:2 SHOW:2 MORE:6 THE:51 PAGE:1 METRO:2 WORLD:1 DYARYO:2 TIRADA:2 ALL:2 EDIT:1 TOP:1 PROJECT:1 LARAWAN:1 TINDAHAN:1 FOR:9 ABANTE:14 SARA:19 MIN:1 READ:4 DINGDING:1 MANILA:3 SUNDAY:1 OVER:2 AND:11 PAG:1 ANUNSYO:1 KANDIDATURA:2 ANG:1 PAHAYAG:1 SAID:5 MAYOR:1 LISA:2 GET:3 YOUR:4 CHAT:2 BOARD:3 TAKE:1 SEARCH:2 RULE:9 WAS:3 AMONG:1 ARE:2 EVEN:1 INTERVIEW:1 GIVE:1 NOT:4 RIGHT:1 WHERE:1 JUST:1 FIRST:1 ORDER:1 FINE:1 BUT:1 DAY:1 INDAY:1 MOVE:1 ALSO:2 TRY:1
https://tribune.net.ph/2026/08/31/groups-aeta-community-launch-anti-pax-silica-network	SEPTEMBER:2 NOW:3 SUPPORT:2 SHOW:3 MORE:8 THE:116 PAGE:1 METRO:3 WORLD:2 DYARYO:1 TIRADA:1 ALL:5 EDIT:1 TOP:1 PROJECT:13 LARAWAN:1 TINDAHAN:1 FOR:25 MIN:1 READ:4 SCHOOL:1 AGRICULTURE:1 NORTE:4 STATE:4 DUE:4 WATER:7 NINO:3 NAGA:1 WAS:5 SUPPLY:2 AND:38 GETS:1 BOARD:1 NOT:6 SARA:1 LISA:1 TWO:3 YEAR:1 OVER:7 SHABU:2 TOTAL:1 GET:4 YOUR:4 CHAT:2 AIR:3 TAKE:1 SEARCH:2 MOVE:3 EDUCATION:5 NEW:6 SAID:16 SAPANG:2 KAWAYAN:1 SEVEN:1 DAYS:1 BUT:3 PUT:1 YAN:1 ANG:22 NAGING:1 KARANASAN:1 NAMIN:3 HANGGANG:3 PANDEMYA:2 KAHIT:1 PERO:2 RIN:1 NILA:3 OUR:5 EVEN:1 BEEN:2 COURSE:1 NATURAL:1 WAY:2 ENTIRE:1 STAND:1 ARE:4 NGAYON:1 KAMI:5 LANG:4 HINDI:2 AMIN:2 KUNG:2 ANO:1 PROYEKTO:2 DAHIL:2 OUT:3 LAHAT:2 PAANO:1 SALINLAHI:1 IYAN:1 PAGMAMAHAL:1 MGA:6 KATUTUBO:2 MARUNONG:1 KALIKASAN:1 DARATING:1 TAGA:1 BANSA:2 SINO:1 MAN:1 MAY:2 DIYAN:1 KAYA:3 ANDITO:1 DAPAT:5 HUWAG:1 NATIN:1 MAMAMAYAN:1 TAYO:1 MAAAPEKTUHAN:1 GUSTO:2 LOVE:1 KNOW:1 COME:1 THERE:1 WHY:2 LET:1 STOP:1 ALSO:7 CHAIR:3 AGHAM:1 TAPANG:3 ITO:2 MALINAW:1 MISMO:1 PARA:5 INTERES:1 KAILANGAN:1 RAW:1 SIYA:1 MUCH:1 ILANG:1 TAON:1 DIN:1 USAPAN:1 TALAGA:1 DOON:2 PAG:1 PROSESO:1 PER:1 DAY:2 MAKABAYAN:1 HIGIT:1 USAPIN:1 EKONOMIYA:1 BUNGA:1 PAGITAN:1 TEKNOLOHIYA:1 MULI:1 MUST:2 MILITARY:1 CONTEST:1 SOBERANYA:1 MANATILI:1 KINABUKASAN:1 TAYONG:1 VOICE:1 VIDEO:1 BARANGAY:2 REMEMBER:1 TRUE:1 WHERE:1 SLING:1 BAG:1 SITIO:1 JUST:1
https://tribune.net.ph/2026/08/31/uaap-rallies-behind-gilas-tweaks-schedule	SEPTEMBER:14 NOW:1 SUPPORT:6 SHOW:3 MORE:6 THE:59 PAGE:1 METRO:1 WORLD:4 DYARYO:1 TIRADA:1 ALL:3 EDIT:1 TOP:1 PROJECT:1 LARAWAN:1 TINDAHAN:1 FOR:12 GILAS:15 MIN:1 READ:5 GET:4 YOUR:5 AND:21 CHAT:2 TAKE:2 SEARCH:2 ARE:6 CAN:2 RUN:1 ONE:1 FIRST:4 HOME:1 BET:1 PERFECT:1 BUT:3 WAS:1 OUT:1 EVEN:1 MAY:1 BEEN:2 OVER:4 OUR:8 BASKETBOL:1 SAID:2 THERE:2 PROUD:1 SEASON:3 MARK:2 GIVE:1 GANDA:1 BIG:2 TAKING:3 LAST:1 SQUARE:1 SANTO:1 MALL:3 ATENEO:4 MANILA:2 SEE:1 ROUND:1 KATIPUNAN:1 CLOSE:1 LUIS:1 ZERO:1 STYLE:1 AIR:1 ALSO:3 DOWN:1 BLUE:1
https://tribune.net.ph/2026/08/31/kenyans-conquer-pru-life-pop-run	SEPTEMBER:2 NOW:1 SUPPORT:2 SHOW:3 MORE:6 THE:51 PAGE:1 METRO:1 WORLD:1 DYARYO:1 TIRADA:1 ALL:2 EDIT:1 TOP:2 PROJECT:1 LARAWAN:1 TINDAHAN:1 FOR:11 RUN:10 MIN:1 READ:4 GET:3 YOUR:5 AND:21 CHAT:2 TAKE:1 SEARCH:2 HOME:1 BET:1 PERFECT:1 FIRST:2 ALAS:1 SECOND:6 ROUND:1 MARK:2 TRY:1 BREAK:1 OWN:1 TWO:1 SPEED:1 DARK:1 MAKATI:1 LAST:1 SUNDAY:1 AWAY:2 LIST:1 ONE:4 SIX:1 THIRD:8 WAS:7 TAKING:1 NEW:1 ALSO:3 SPECIAL:1 CLOSE:2 ANGEL:1 JUST:1 NILA:1 ZERO:1 STYLE:1 AIR:1 STAR:1 MANILA:1 RULE:1
https://tribune.net.ph/2026/08/31/frayna-canino-vies-in-isabela-chessfest	SEPTEMBER:5 NOW:1 SUPPORT:2 SHOW:3 MORE:6 THE:34 PAGE:1 METRO:1 WORLD:4 DYARYO:1 TIRADA:1 ALL:3 EDIT:1 TOP:4 PROJECT:1 LARAWAN:1 TINDAHAN:1 FOR:6 MIN:1 READ:4 PERFECT:1 SEVEN:1 TAKE:3 LIKE:1 AND:18 OPEN:2 OVER:2 GET:6 YOUR:5 CHAT:2 SEARCH:2 AWAY:3 FIRST:1 ARE:6 RULE:1 ROUND:1 ALSO:4 JAN:1 SAN:1 ONE:2 ZERO:1 STYLE:1 AIR:1 TWO:1
https://tribune.net.ph/2026/08/31/benguet-village-seeks-govt-help-over-agno-river-siltation	SEPTEMBER:3 NOW:2 SUPPORT:2 SHOW:2 MORE:6 THE:44 PAGE:1 METRO:1 WORLD:1 DYARYO:1 TIRADA:1 ALL:2 EDIT:1 TOP:1 PROJECT:1 LARAWAN:1 TINDAHAN:1 FOR:11 OVER:3 MIN:1 READ:4 EDUCATION:3 AND:26 NATURAL:1 AGRICULTURE:1 NORTE:2 STATE:2 DUE:2 WATER:2 NINO:1 NAGA:1 WAS:2 SUPPLY:3 GETS:1 BOARD:1 NOT:1 SARA:1 LISA:1 TWO:2 YEAR:1 GET:3 YOUR:4 CHAT:2 TAKE:1 SEARCH:2 AIR:3 MOVE:3 BARANGAY:7 ALSO:6 SAID:4 ARE:2 WAY:1 WHERE:1 LONG:1 PLAN:1 AMONG:2 LAST:1 TRINIDAD:1 SENIOR:1 SCHOOL:3 REGULAR:1
https://tribune.net.ph/2026/08/31/palace-warns-pumping-station-thieves-you-will-be-hunted-down	SEPTEMBER:2 NOW:1 SUPPORT:2 SHOW:2 MORE:6 THE:27 PAGE:1 METRO:2 WORLD:1 DYARYO:1 TIRADA:1 ALL:2 EDIT:1 TOP:1 PROJECT:1 LARAWAN:1 TINDAHAN:1 FOR:6 YOU:2 DOWN:2 MIN:1 READ:4 AGRICULTURE:1 NORTE:4 STATE:4 DUE:4 WATER:5 NINO:3 NAGA:1 WAS:3 SUPPLY:1 AND:17 GETS:2 BOARD:1 NOT:1 SARA:1 LISA:1 TWO:3 YEAR:1 OVER:2 SHABU:2 TOTAL:1 GET:3 YOUR:4 CHAT:2 AIR:3 TAKE:1 SEARCH:2 MOVE:3 EDUCATION:3 SUNOG:1 APOG:1 MANILA:4 BARANGAY:1 MGA:9 NAGNANAKAW:1 ITO:4 DAHIL:3 GINAGAWA:1 PANGULO:2 IBA:1 AHENSYA:1 ANG:5 LAHAT:4 PARAAN:1 PARA:2 MAIBSAN:1 PROBLEMA:1 BAHA:2 SAID:5 VIDEO:1 PERO:1 NINAKAW:1 PIYESA:1 HINDI:2 SILA:1 TAYO:3 ULIT:1 PAANO:1 KUNG:1 MAKUHA:1 AGAD:2 NAMAN:1 MABAGAL:1 PUT:1 HUWAG:1 PROYEKTO:1 MAGTULUNGAN:1 MAGING:1 TAYONG:1 PANANABOTAHE:1 KAYO:2 BATAS:1 NAMIN:1 BUHAY:1 KABUHAYAN:1 MAAPEKTUHAN:1 GAWAIN:1 END:1 FIRST:1 KEY:1 TASTE:1 ALSO:2 ENGINEER:1
https://tribune.net.ph/2026/08/31/ncrpo-debunks-1-week-duty-2-weeks-off-police-schedule	SEPTEMBER:5 NOW:1 SUPPORT:2 SHOW:2 MORE:7 THE:30 PAGE:2 METRO:13 WORLD:1 DYARYO:1 TIRADA:1 ALL:3 EDIT:1 TOP:1 PROJECT:1 LARAWAN:1 TINDAHAN:1 FOR:5 POLICE:15 MIN:1 READ:5 MALABON:4 FIRE:4 OUT:1 BARANGAY:1 TANONG:1 TAXI:2 YEAR:1 MAN:1 HOLD:1 SMALL:1 MANILA:2 MAYOR:1 ISKO:1 MORENO:1 NEW:1 MILITARY:1 AID:1 AND:16 OIL:1 ARE:6 PER:2 GET:4 YOUR:4 CHAT:2 TAKE:1 SEARCH:2 SHABU:3 ONE:2 TWO:2 SAID:11 WAS:4 NOT:2 KATOTOHANAN:1 YUN:2 NATIN:3 ANG:1 ATING:1 KAPULISAN:1 TUNGKOL:2 RELYEBO:1 KAILANGAN:1 MAG:1 WALA:1 KASI:1 KULANG:2 NGA:1 TAYO:1 PULIS:2 TAPOS:1 YAN:2 ALAM:1 NIYO:1 MGA:1 PAGOD:2 RIN:1 PERO:1 NILA:1 MAY:2 GANYAN:1 YOU:2 KNOW:2 OUR:4 BUT:4 PUT:1 END:1 THERE:2 HIT:1 LEAD:1 CAN:3 JUST:3 TRUE:3 FIRST:2 COURSE:2 LOOK:1 LET:1 AMONG:1 ALSO:3 PASIG:1 RATING:1
https://tribune.net.ph/2026/08/31/solar-power-lights-up-remote-benguet-school	SEPTEMBER:2 NOW:2 SUPPORT:3 SHOW:2 MORE:6 THE:34 PAGE:1 METRO:1 WORLD:1 DYARYO:1 TIRADA:1 ALL:2 EDIT:1 TOP:1 PROJECT:3 LARAWAN:1 TINDAHAN:1 FOR:8 SCHOOL:7 MIN:1 READ:4 GET:3 YOUR:4 AND:25 CHAT:2 TAKE:1 SEARCH:2 AIR:3 MOVE:3 AGRICULTURE:1 NORTE:4 STATE:4 DUE:4 WATER:4 NINO:3 NAGA:1 WAS:3 SUPPLY:1 GETS:1 BOARD:1 NOT:2 SARA:1 LISA:1 TWO:3 YEAR:1 OVER:2 SHABU:2 TOTAL:1 EDUCATION:5 REGULAR:1 BARANGAY:2 ALSO:4 PART:1 SAID:1 THIRD:1 PILOT:1 SIX:1 AMONG:1 NATURAL:1
https://tribune.net.ph/2026/08/31/abante-to-poa-tell-truth-on-deped-confidential-funds	SEPTEMBER:2 NOW:2 SUPPORT:2 SHOW:2 MORE:6 THE:36 PAGE:1 METRO:1 WORLD:1 DYARYO:1 TIRADA:1 ALL:2 EDIT:1 TOP:1 PROJECT:1 LARAWAN:1 TINDAHAN:1 FOR:7 ABANTE:10 MIN:1 READ:4 AGRICULTURE:1 NORTE:4 STATE:4 DUE:4 WATER:4 NINO:3 NAGA:1 WAS:4 SUPPLY:1 AND:13 GETS:1 BOARD:1 NOT:3 SARA:4 LISA:2 TWO:2 YEAR:1 OVER:1 SHABU:2 TOTAL:1 GET:3 YOUR:5 CHAT:2 AIR:3 TAKE:1 SEARCH:2 MOVE:4 EDUCATION:6 MANILA:1 SAID:10 SENIOR:1 BUT:3 MUST:2 REMEMBER:1 BIG:1 BOSS:1 INTERVIEW:1 LIGHT:1 JUST:1 KNOW:5 AMONG:2 GOOD:2 MAY:1 GIVE:1 YOU:6 ENTIRE:1 INDAY:1 ALSO:2 CALL:1
https://tribune.net.ph/2026/08/31/santa-catalina-gets-super-health-center	SEPTEMBER:2 NOW:1 SUPPORT:5 SHOW:3 MORE:9 THE:32 PAGE:1 METRO:1 WORLD:1 DYARYO:1 TIRADA:1 ALL:2 EDIT:1 TOP:1 PROJECT:2 LARAWAN:1 TINDAHAN:1 FOR:12 SANTA:6 GETS:3 MIN:1 READ:4 HOME:1 NEW:1 OVER:3 AND:24 GET:3 YOUR:5 CHAT:2 TAKE:1 SEARCH:2 AIR:4 MOVE:3 AGRICULTURE:1 NORTE:4 STATE:4 DUE:4 WATER:4 NINO:3 NAGA:1 WAS:3 SUPPLY:1 BOARD:1 NOT:1 SARA:1 LISA:1 TWO:2 YEAR:1 SHABU:2 TOTAL:1 EDUCATION:3 MAYOR:1 PART:1 MAS:2 MABUTI:1 KUNG:2 NATIN:1 AGAD:1 ANG:5 SAKIT:2 BAGO:2 ITO:1 KAYA:1 PATULOY:1 MGA:3 KOMUNIDAD:1 PARA:2 HINDI:3 BUMIYAHE:1 NANG:1 MALAYO:1 ATING:2 KABABAYAN:2 PANGANGAILANGAN:1 KALUSUGAN:1 SAID:5 ARE:2 MAY:3 ALSO:5 NAMAN:1 LAHAT:1 MAGPUNTA:1 OSPITAL:1 MAAYOS:1 MALAPIT:1 BAHAY:1 MAAGA:1 BEEN:1 MAHALAGA:1 LANG:1 TAYO:1 GUSALI:1 SIGURADUHIN:1 DIN:1 TAO:1 KAGAMITAN:1 GAMOT:1 MAAASAHAN:1 MALASAKIT:2 ONE:2 STOP:1 THERE:1 CALL:1 ZERO:1 STYLE:1 OUT:1
https://tribune.net.ph/2026/08/31/dy-heroism-found-in-everyday-acts-of-service	SEPTEMBER:2 NOW:2 SUPPORT:2 SHOW:2 MORE:7 THE:24 PAGE:2 METRO:1 WORLD:3 DYARYO:1 TIRADA:1 ALL:2 EDIT:1 TOP:1 PROJECT:1 LARAWAN:1 TINDAHAN:1 FOR:11 MIN:1 READ:4 GET:3 YOUR:4 AND:19 CHAT:2 TAKE:1 SEARCH:2 AIR:3 MOVE:4 AGRICULTURE:1 NORTE:4 STATE:4 DUE:4 WATER:4 NINO:3 NAGA:1 WAS:2 SUPPLY:1 GETS:1 BOARD:1 NOT:4 SARA:2 LISA:1 TWO:2 YEAR:1 OVER:1 SHABU:2 TOTAL:1 EDUCATION:3 CAN:2 YOU:2 HERO:1 SAID:4 DAY:2 LOOK:1 MUST:1 STAND:1 RIGHT:1 LOVE:1 OUR:3 VIDEO:1 GOOD:2 BUT:1 JUST:1 ONE:1 WAY:1 TRUE:1 INDAY:1 ALSO:2
https://tribune.net.ph/2026/08/31/luxury-amid-floods-pinedas-outfits-draw-online-flak	SEPTEMBER:2 NOW:1 SUPPORT:2 SHOW:2 MORE:5 THE:32 PAGE:1 METRO:1 WORLD:1 DYARYO:1 TIRADA:1 ALL:1 EDIT:1 TOP:1 PROJECT:1 LARAWAN:1 TINDAHAN:1 FOR:7 MIN:1 READ:6 AND:24 HIT:3 AGRICULTURE:1 NORTE:4 STATE:4 DUE:4 WATER:4 NINO:3 NAGA:1 WAS:2 SUPPLY:1 GETS:1 BOARD:1 NOT:1 SARA:1 LISA:1 TWO:2 YEAR:1 OVER:3 SHABU:2 TOTAL:1 GET:3 YOUR:4 CHAT:2 AIR:3 TAKE:2 SEARCH:2 MOVE:3 EDUCATION:3 SAN:4 BAHA:1 ONE:3 AGAD:1 ULAN:2 LANG:1 TALAGA:2 MGA:1 MAYAYAMAN:1 MAMAMAYAN:1 HIRAP:1 SAID:3 ARE:2 NATIN:1 BEEN:1 END:1 GIVE:1 BUT:4 ALSO:3 OUT:1 DAYS:1 AMONG:1 SUMAN:2 BULAGTA:2
https://tribune.net.ph/2026/08/31/22-pinoy-seafarers-repatriated-after-ukraine-missile-attack	SEPTEMBER:2 NOW:1 SUPPORT:2 SHOW:2 MORE:7 THE:39 PAGE:1 METRO:6 WORLD:1 DYARYO:1 TIRADA:1 ALL:2 EDIT:1 TOP:1 PROJECT:1 LARAWAN:1 TINDAHAN:1 FOR:9 MIN:1 READ:4 GET:3 YOUR:4 AND:22 CHAT:2 TAKE:2 SEARCH:2 AIR:3 MOVE:4 AGRICULTURE:1 NORTE:4 STATE:4 DUE:4 WATER:4 NINO:3 NAGA:1 WAS:3 SUPPLY:1 GETS:1 BOARD:1 NOT:1 SARA:1 LISA:1 TWO:4 YEAR:1 OVER:1 SHABU:2 TOTAL:1 EDUCATION:3 SUNDAY:1 BLACK:1 TERMINAL:1 SAN:2 MANILA:3 ALSO:4 AKSYON:1 ADDRESS:2 INSIDE:1 THERE:1 RIGHT:1 END:1 HOME:2 ONE:1 COMMERCIAL:1 NEW:3
https://tribune.net.ph/2026/08/31/luis-bistadong-naka-follow-sa-mga-naka-bikini	SEPTEMBER:7 NOW:1 SUPPORT:2 SHOW:4 MORE:6 THE:10 PAGE:1 METRO:1 WORLD:1 DYARYO:10 TIRADA:10 ALL:2 EDIT:1 TOP:1 PROJECT:1 LARAWAN:1 TINDAHAN:1 FOR:4 LUIS:10 MGA:5 BIKINI:5 MIN:1 READ:4 GET:3 YOUR:4 AND:8 CHAT:2 TAKE:1 SEARCH:3 MAY:3 ARESTADO:3 SORRY:3 MATAPOS:4 ANG:19 MALING:3 DUMATING:5 MALANDAY:1 ISA:1 BAGON:1 CAR:1 BANGKAY:2 BABAE:3 LOOB:2 PRIDYIDER:1 ISANG:6 ANYOS:1 APARTMENT:1 BARANGAY:1 SAN:3 PINGOL:2 KILO:2 BISTADO:1 PROSEKUSYON:1 DAHIL:3 HUMIGIT:1 KUMULANG:1 PATAY:1 ELF:2 ANIM:1 KATAO:1 BUWANG:1 GULANG:1 SANGGOL:1 MAHULOG:1 BANGIN:1 NANG:3 HUSTO:1 GALIT:2 GIRLFRIEND:1 KASI:3 KASAL:3 ARAW:3 PATI:1 RIN:4 PALA:1 KARANASAN:1 TUNGKOL:1 ISYU:1 DAW:3 DATI:1 TALAGA:1 AKO:2 BAKIT:1 NITO:1 LAHAD:1 NIYA:5 KAY:3 KAIBIGAN:1 NAMAN:2 RAW:2 ITO:1 NGUNIT:1 AKTOR:1 HINDI:2 NGA:1 KAHIT:1 CLOSE:1 TAO:1 SIYA:4 SIGURO:1 NGAYON:1 MAG:1 ASAWA:1 KAMI:1 DAGDAG:1 BILANG:3 LANG:1 MAHILIG:2 BAGAY:1 RESPETO:1 UMANO:1 KANIYA:1 GAYUNMAN:1 MISMO:1 DIN:1 LAMANG:1 IYON:1 BABY:1 GIRL:1 GINAGAWA:1 YON:1 BUT:1 NANAY:1 PALIWANAG:1 BANGA:1 ALSO:2 FOURTH:1
https://tribune.net.ph/2026/08/31/cardinal-david-social-media-outrage-not-enough-take-collective-action	SEPTEMBER:5 NOW:1 SUPPORT:2 SHOW:2 MORE:7 THE:25 PAGE:2 METRO:1 WORLD:1 DYARYO:1 TIRADA:1 ALL:2 EDIT:1 TOP:1 PROJECT:2 LARAWAN:1 TINDAHAN:1 FOR:13 NOT:6 TAKE:3 MIN:1 READ:4 AND:19 DOWN:1 ORDER:1 MUST:1 OVER:2 GET:3 YOUR:4 CHAT:2 ADDRESS:3 SEARCH:2 AID:3 MOVE:3 LEGAL:1 WHERE:3 SAID:6 LET:5 HOLD:1 ARE:1 NATURAL:1 BUT:2 MEAN:1 ALSO:3 NORMAL:2 BEEN:2 MUCH:1 WHY:1 YEAR:1 MONEY:1 REAL:1 AIR:1 BAN:1 CAN:1 PLAN:2
https://tribune.net.ph/2026/08/31/thailand-stuns-china-books-historic-olympic-berth	SEPTEMBER:7 NOW:1 SUPPORT:2 SHOW:2 MORE:6 THE:41 PAGE:1 METRO:1 WORLD:2 DYARYO:1 TIRADA:1 ALL:1 EDIT:1 TOP:1 PROJECT:1 LARAWAN:1 TINDAHAN:1 FOR:14 MIN:1 READ:4 END:1 YEAR:1 AND:15 BAG:1 ALAS:8 SALVAGE:1 ROUND:1 MARK:4 COACH:1 BLUE:1 GET:3 YOUR:4 CHAT:2 TAKE:1 SEARCH:2 FIRST:3 OVER:2 BOOK:1 SECOND:1 TAKING:1 THIRD:2 FOURTH:2 AWAY:1 FIFTH:1 STRETCH:1 LEAD:1 WAS:1 BEST:1 ALSO:2 TEST:1
https://tribune.net.ph/2026/08/31/marcos-to-flood-hit-filipinos-ingat	SEPTEMBER:3 NOW:1 SUPPORT:2 SHOW:2 MORE:6 THE:23 PAGE:1 METRO:1 WORLD:1 DYARYO:1 TIRADA:1 ALL:2 EDIT:1 TOP:1 PROJECT:1 LARAWAN:1 TINDAHAN:1 FOR:7 HIT:3 INGAT:3 MIN:1 READ:3 GET:3 YOUR:4 AND:20 CHAT:2 TAKE:1 SEARCH:2 AIR:3 MOVE:3 AGRICULTURE:1 NORTE:4 STATE:6 DUE:4 WATER:4 NINO:3 NAGA:1 WAS:3 SUPPLY:3 GETS:2 BOARD:1 NOT:1 SARA:1 LISA:2 TWO:5 YEAR:1 OVER:1 SHABU:2 TOTAL:1 EDUCATION:3 ATING:1 MGA:8 KABABAYAN:1 ANG:10 MENSAHE:1 PANGULO:6 MAG:1 SUMUNOD:2 AWTORIDAD:1 KUNG:2 KAYO:2 AGAD:1 PARA:1 SAID:7 VIDEO:1 NATURAL:1 TULONG:1 NANDIYAN:1 HINDI:3 PATI:3 LIKE:1 KITCHEN:1 KUMPLETO:2 PONG:1 INYO:1 SAPAT:3 PAGKAIN:1 AYUSIN:1 KAILANGAN:1 TAMA:1 GAMOT:1 SHORT:1 LONG:1 SOLUSYON:1 PROBLEMA:1 BAHA:1 USAPAN:1 RIN:1 KAAGAD:1 LAST:1 SAN:1 HAGONOY:1 MULI:1 ULAN:1 GABI:1 MIYEMBRO:2 GABINETE:2 DAPAT:1 LAHAT:1 LUGAR:1 RESIDENTE:1 SIGURADUHIN:1 ALSO:2 SITWASYON:1 UTUSAN:1 DAHIL:1 ALAM:1 NILA:1 ANO:1 NAIS:1 MABILIS:1 AKSYON:1 BEEN:2 FIRST:1 KEY:1 TASTE:1 HABAGAT:1 OUT:1
https://tribune.net.ph/2026/08/31/88m-filipinos-affected-by-storms-habagat	SEPTEMBER:2 NOW:1 SUPPORT:2 SHOW:2 MORE:8 THE:34 PAGE:2 METRO:4 WORLD:1 DYARYO:1 TIRADA:1 ALL:2 EDIT:1 TOP:1 PROJECT:1 LARAWAN:1 TINDAHAN:1 FOR:8 HABAGAT:2 MIN:1 READ:3 GET:3 YOUR:4 AND:31 CHAT:2 TAKE:1 SEARCH:4 AIR:3 MOVE:3 AGRICULTURE:2 NORTE:4 STATE:5 DUE:5 WATER:4 NINO:3 NAGA:1 WAS:4 SUPPLY:1 GETS:1 BOARD:1 NOT:2 SARA:1 LISA:1 TWO:2 YEAR:1 OVER:1 SHABU:2 TOTAL:3 EDUCATION:3 LUIS:1 SAID:14 PENINSULA:1 MANILA:4 BATAAN:2 KITCHEN:1 LIKE:1 HIT:1 BUT:2 GIVE:1 OUR:2 TAKING:2 ARE:1 GOOD:1 ALSO:4 TRAFFIC:1 MAY:1 CALL:1 YOU:1 CAN:1 ANG:1 NAMAN:1 RESCUE:2 ONE:1 AMONG:1 SUNDAY:1
https://tribune.net.ph/2026/08/31/paraborgs-drug-delivering-insects-in-the-making	SEPTEMBER:7 NOW:1 SUPPORT:2 SHOW:2 MORE:5 THE:38 PAGE:1 METRO:1 WORLD:3 DYARYO:1 TIRADA:1 ALL:1 EDIT:1 TOP:1 PROJECT:1 LARAWAN:1 TINDAHAN:1 FOR:13 MIN:1 READ:3 GET:3 YOUR:4 AND:19 CHAT:2 TAKE:1 SEARCH:3 FULL:3 LITE:3 IPO:4 LONG:4 NOT:3 EXPERT:3 REGULATION:3 MUST:1 RIGHT:1 LEGAL:1 FIRST:2 OUT:1 REAL:2 RAIN:1 NOTE:3 NEW:4 ARE:2 STUDY:1 KEY:1 CLOSE:1 ONE:1 VIEW:1 FEED:1 SECOND:1 RESCUE:1 BEEN:1 TESTING:1 WHERE:1 ALSO:1 OVER:1 SUNDAY:1
https://tribune.net.ph/2026/08/31/rape-suspect-nabbed-in-para%C3%B1aque-2	SEPTEMBER:4 NOW:2 SUPPORT:2 SHOW:2 MORE:6 THE:34 PAGE:1 METRO:15 WORLD:1 DYARYO:1 TIRADA:1 ALL:2 EDIT:1 TOP:1 PROJECT:1 LARAWAN:1 TINDAHAN:1 FOR:8 RAPE:4 SUSPECT:9 MIN:1 READ:2 GET:3 YOUR:4 AND:11 CHAT:2 TAKE:1 SEARCH:2 JAIL:3 BUT:3 ONE:4 POLICE:7 LONG:1 MANILA:3 SAID:1 SCHOOL:1 ORDER:1 SUNDAY:1 EVENING:1 YEAR:4 SLING:1 BAG:1 NOT:3 MAN:1 WAS:3 INSIDE:2 BARANGAY:2 SANTO:2 NINO:2 COMFORT:2 WHERE:1 FATHER:2 HOME:2 OVER:1 SPECIAL:1 ARE:1
https://tribune.net.ph/2026/08/31/bayombong-bishop-calls-for-dialogue-amid-mining-dispute	SEPTEMBER:2 NOW:1 SUPPORT:2 SHOW:2 MORE:6 THE:39 PAGE:1 METRO:1 WORLD:1 DYARYO:1 TIRADA:1 ALL:2 EDIT:1 TOP:1 PROJECT:1 LARAWAN:1 TINDAHAN:1 FOR:10 MIN:1 READ:3 GET:3 YOUR:4 AND:18 CHAT:2 TAKE:1 SEARCH:2 AIR:4 MOVE:3 AGRICULTURE:1 NORTE:4 STATE:4 DUE:4 WATER:4 NINO:3 NAGA:1 WAS:2 SUPPLY:1 GETS:1 BOARD:1 NOT:3 SARA:1 LISA:1 TWO:2 YEAR:1 OVER:2 SHABU:2 TOTAL:1 EDUCATION:3 AMONG:1 POLICE:2 TAYO:5 MAG:1 USAP:1 MAKINIG:1 MAGSALITA:1 TAPAT:1 NATIN:4 ANG:13 MGA:4 KATOTOHANAN:1 MAPAYAPA:1 DAAN:1 TUNGO:1 ITO:2 SAID:4 JUST:1 SIMBAHAN:1 TUMULONG:1 HINDI:4 UPANG:2 PALITAN:1 PAMAHALAAN:1 HUKUMAN:1 KUNDI:1 MAGING:1 TULAY:1 KUNG:1 SAAN:1 MAY:2 PAGKAKAHATI:1 HIDWAAN:1 BUT:1 WHERE:1 THERE:1 TUNAY:1 PUWANG:1 PARA:1 DAYALOGO:1 HUWAG:1 HAYAAN:1 ALITAN:1 DAHIL:1 LAMANG:1 HINAING:1 LET:1 ALSO:3 EXERCISE:1 LEGAL:1 IPAGTANGGOL:2 KALIKASAN:1 NANG:3 PAGKAKAISA:1 KOMUNIDAD:1 ATING:1 KARAPATAN:2 IBA:1 HANAPIN:1 KATARUNGAN:1 KAPAYAPAAN:1 OUR:1 BAN:1
https://tribune.net.ph/2026/08/31/benguet-suspends-face-to-face-classes-on-1-september	SEPTEMBER:6 NOW:1 SUPPORT:2 SHOW:2 MORE:6 THE:27 PAGE:1 METRO:1 WORLD:1 DYARYO:1 TIRADA:1 ALL:3 EDIT:1 TOP:1 PROJECT:1 LARAWAN:1 TINDAHAN:1 FOR:7 MIN:1 READ:4 GET:3 YOUR:4 AND:14 CHAT:2 TAKE:1 SEARCH:2 EXERCISE:3 MOVE:3 EDUCATION:1 NATURAL:1 TRINIDAD:9 STATE:6 MAYOR:2 SAID:3 WAS:4 DOWN:1 AGRICULTURE:1 NORTE:2 DUE:4 WATER:2 NINO:1 NAGA:1 SUPPLY:1 AIR:3 SENIOR:1 SCHOOL:1 ARE:2 ORDER:1 WHERE:1 ALSO:3 HOLD:1 AMONG:1 MAN:2 AWAY:2 YEAR:1 SITIO:1 BARANGAY:1
https://tribune.net.ph/2026/08/31/govt-spending-accelerates-nearly-20-percent-in-july-btr	SEPTEMBER:2 NOW:1 SUPPORT:2 SHOW:2 MORE:6 THE:49 PAGE:1 METRO:1 WORLD:1 DYARYO:1 TIRADA:1 ALL:2 EDIT:1 TOP:1 PROJECT:1 LARAWAN:1 TINDAHAN:1 FOR:12 MIN:1 READ:5 COMMERCIAL:1 TRAFFIC:1 AND:14 EIGHT:3 FIRST:5 GET:3 YOUR:4 CHAT:2 DEAL:3 TAKE:1 SEARCH:2 GETS:3 TWO:3 KEY:4 SAID:2 WAS:3 TRANSPORT:2 ADDRESS:1 ALSO:6 LAST:1 YEAR:12 SEVEN:1 TOTAL:2 JUST:1 DUE:2 OIL:1 BANGKO:1 SENTRAL:1 DOWN:1 BLUE:1 IPO:1 MAY:1 NEW:1 END:1
https://tribune.net.ph/2026/08/31/samar-solon-presses-doj-on-2017-farmer-slay-case	SEPTEMBER:2 NOW:1 SUPPORT:2 SHOW:2 MORE:6 THE:47 PAGE:1 METRO:3 WORLD:1 DYARYO:1 TIRADA:1 ALL:2 EDIT:1 TOP:1 PROJECT:1 LARAWAN:1 TINDAHAN:1 FOR:14 MIN:1 READ:4 AGRICULTURE:1 NORTE:4 STATE:4 DUE:4 WATER:4 NINO:3 NAGA:1 WAS:8 SUPPLY:1 AND:18 GETS:2 BOARD:1 NOT:3 SARA:1 LISA:1 TWO:3 YEAR:2 OVER:1 SHABU:2 TOTAL:1 GET:3 YOUR:4 CHAT:2 AIR:3 TAKE:1 SEARCH:2 MOVE:3 EDUCATION:3 FIRST:2 MILITARY:1 MARGARITA:1 BEEN:2 ALSO:3 SAID:3 WHERE:1 SPECIAL:1 BUT:2 JAIL:2 POLICE:1 ORO:1 WAY:1 HOME:1
https://tribune.net.ph/2026/08/31/bcda-advances-p148-b-new-clark-city-water-project	SEPTEMBER:2 NOW:1 SUPPORT:3 SHOW:2 MORE:7 THE:39 PAGE:1 METRO:2 WORLD:1 DYARYO:1 TIRADA:1 ALL:2 EDIT:1 TOP:1 PROJECT:7 LARAWAN:1 TINDAHAN:1 FOR:11 NEW:8 WATER:10 MIN:1 READ:3 COMMERCIAL:2 TRAFFIC:1 AND:22 EIGHT:2 FIRST:4 GET:3 YOUR:4 CHAT:2 DEAL:3 TAKE:1 SEARCH:2 GETS:3 TWO:3 KEY:3 FORWARD:1 STATE:1 KOREA:1 SAID:5 ARE:3 CAN:1 LONG:2 SUPPLY:1 ALSO:2 BOARD:1 AWARD:1 PART:2 BASE:1 OUR:1
https://tribune.net.ph/2026/08/31/millions-of-coconut-seedlings-to-renew-farms	SEPTEMBER:2 NOW:1 SUPPORT:2 SHOW:2 MORE:7 THE:49 PAGE:1 METRO:2 WORLD:1 DYARYO:1 TIRADA:1 ALL:2 EDIT:1 TOP:1 PROJECT:1 LARAWAN:1 TINDAHAN:1 FOR:11 MIN:1 READ:3 GET:3 YOUR:4 AND:18 CHAT:2 TAKE:2 SEARCH:2 DEAL:3 GETS:3 FIRST:4 TWO:3 KEY:3 COMMERCIAL:1 TRAFFIC:1 EIGHT:2 BASE:2 END:1 CAN:1 SUPPLY:1 AGRICULTURE:1 SAID:3 PLAN:1 LONG:2 ALSO:2 ONE:1 BUT:2 TREE:1 NEW:1 ARE:1
https://tribune.net.ph/2026/08/31/security-bank-dr-bidder-ease-medical-equipment-financing	SEPTEMBER:2 NOW:1 SUPPORT:2 SHOW:2 MORE:10 THE:27 PAGE:1 METRO:2 WORLD:1 DYARYO:1 TIRADA:1 ALL:2 EDIT:1 TOP:1 PROJECT:2 LARAWAN:1 TINDAHAN:1 FOR:13 MIN:1 READ:3 COMMERCIAL:1 TRAFFIC:1 AND:21 EIGHT:2 FIRST:4 GET:3 YOUR:4 CHAT:2 DEAL:3 TAKE:1 SEARCH:2 GETS:3 TWO:3 KEY:3 MODERN:1 CAN:2 PATIENT:3 OUR:1 SIMPLE:1 PERSONAL:1 DAY:1 SAID:4 SENIOR:1 LEAD:1 NOT:1 JUST:1 GIVE:1 ALSO:1
https://tribune.net.ph/2026/08/31/davao-transit-upgrade-picks-up-pace	SEPTEMBER:2 NOW:1 SUPPORT:2 SHOW:2 MORE:7 THE:37 PAGE:1 METRO:1 WORLD:1 DYARYO:1 TIRADA:1 ALL:2 EDIT:1 TOP:2 PROJECT:7 LARAWAN:1 TINDAHAN:1 FOR:7 ROMERO:3 MIN:1 READ:4 GET:3 YOUR:4 AND:16 CHAT:2 TAKE:1 SEARCH:2 BLUE:3 DEAL:5 COMMERCIAL:1 TRAFFIC:1 EIGHT:2 FIRST:4 GETS:3 TWO:3 KEY:3 TRANSPORT:5 FORWARD:2 URBAN:1 SAID:4 OVER:1 REAL:1 CAN:1 DAY:1 WHY:1 OUR:1 AMONG:1 ALSO:3 TABI:1 BIG:1 BEST:2 RESORT:1 JUST:1 KARATE:1 SEE:1
https://tribune.net.ph/2026/08/31/pampanga-laughs-through-floods-but-anger-runs-deep	SEPTEMBER:2 NOW:3 SUPPORT:2 SHOW:2 MORE:5 THE:38 PAGE:3 METRO:1 WORLD:1 DYARYO:1 TIRADA:1 ALL:3 EDIT:1 TOP:1 PROJECT:1 LARAWAN:1 TINDAHAN:1 FOR:11 BUT:7 MIN:1 READ:4 AND:26 NEW:2 NORMAL:2 GET:4 YOUR:4 CHAT:2 TAKE:1 SEARCH:2 AIR:3 MOVE:3 AGRICULTURE:1 NORTE:4 STATE:4 DUE:4 WATER:5 NINO:3 NAGA:1 WAS:2 SUPPLY:1 GETS:1 BOARD:1 NOT:2 SARA:1 LISA:1 TWO:2 YEAR:1 OVER:5 SHABU:2 TOTAL:1 EDUCATION:3 AMONG:1 VIDEO:1 GISING:1 BEEN:3 ALSO:4 GIVE:2 ONE:3 HOME:1 OUR:1 LIKE:1 APALIT:1 WHERE:1 WAYS:1 ARE:3 SAN:2 EVEN:1 SAID:3 FRESH:1 MGA:1 KURAKOT:1 RESORT:1 JAB:1 HIT:2 INTERVIEW:1 JAIL:1 PART:1 COME:1 MAY:1 RESCUE:2
https://tribune.net.ph/2026/08/31/mariann-marczi-finds-four-worlds-in-the-piano	SEPTEMBER:7 NOW:1 SUPPORT:2 SHOW:6 MORE:9 THE:68 PAGE:2 METRO:1 WORLD:3 DYARYO:1 TIRADA:1 ALL:5 EDIT:1 TOP:1 PROJECT:4 LARAWAN:1 TINDAHAN:1 FOR:13 AND:41 MIN:1 READ:3 GET:3 YOUR:4 CHAT:2 TAKE:1 SEARCH:2 MALAYA:4 CALL:3 TWO:4 PARIS:4 BEEN:1 ARE:3 POPULAR:1 WAYS:1 ONE:1 WHITE:1 INSTITUTO:1 MODERN:1 MAKATI:1 URBAN:2 FIRST:2 WHERE:2 SOLO:1 PERSONAL:1 NEW:3 CAN:4 INTERVIEW:1 WAS:4 YEAR:2 ENTIRE:1 ALBUM:1 OWN:2 ALSO:5 VERSION:1 LOLA:1 FULL:1 RAW:1 SOUND:2 COME:1 EVEN:1 OVER:1 APPLE:1 LEAD:1 STAR:1 MAY:1
https://tribune.net.ph/2026/08/31/did-quarrying-weaken-collapsed-tarlac-bridge	SEPTEMBER:2 NOW:2 SUPPORT:3 SHOW:2 MORE:6 THE:46 PAGE:1 METRO:1 WORLD:1 DYARYO:2 TIRADA:2 ALL:2 EDIT:1 TOP:1 PROJECT:1 LARAWAN:1 TINDAHAN:1 FOR:6 MIN:1 READ:4 GET:3 YOUR:4 AND:28 CHAT:2 TAKE:1 SEARCH:3 AIR:3 MOVE:4 AGRICULTURE:1 NORTE:4 STATE:4 DUE:4 WATER:6 NINO:3 NAGA:1 WAS:3 SUPPLY:1 GETS:1 BOARD:1 NOT:1 SARA:1 LISA:1 TWO:2 YEAR:2 OVER:3 SHABU:2 TOTAL:1 EDUCATION:3 PUT:1 KEY:1 AMONG:1 CAN:6 ONE:1 ALSO:3 MOUNT:1 LAHAR:1 MAY:1 ARESTADO:1 YAKAP:1 GAMOT:1 LAKBAY:1 PALAY:1 WET:1 SEASON:1 RESCUE:2 SUNDAY:1
https://tribune.net.ph/2026/08/31/group-pushes-blockchain-based-budget-system-to-curb-corruption	SEPTEMBER:2 NOW:1 SUPPORT:2 SHOW:2 MORE:8 THE:38 PAGE:1 METRO:1 WORLD:1 DYARYO:1 TIRADA:1 ALL:2 EDIT:1 TOP:1 PROJECT:1 LARAWAN:1 TINDAHAN:1 FOR:15 LISA:5 MIN:1 READ:3 AND:23 AGRICULTURE:1 NORTE:4 STATE:4 DUE:4 WATER:4 NINO:3 NAGA:1 WAS:2 SUPPLY:1 GETS:1 BOARD:3 NOT:2 SARA:2 TWO:2 YEAR:1 OVER:1 SHABU:2 TOTAL:1 GET:3 YOUR:4 CHAT:2 AIR:3 TAKE:2 SEARCH:2 MOVE:4 EDUCATION:3 PUT:1 SAID:6 ARE:3 BUT:2 BEST:1 WAY:1 LIKE:2 DANI:1 BELO:2 LEAD:1 ISANG:2 TEKNOLOHIYA:1 KUNG:1 SAAN:1 MAY:1 IBIG:1 SABIHIN:1 DOKUMENTO:1 TAO:1 PART:1 KAYA:1 ITAGO:2 DITO:1 HINDI:1 ITO:1 LAHAT:2 PERFECT:1 BIG:1 FORWARD:1 RULE:1 ALSO:1 OKS:1 THIRD:1
https://tribune.net.ph/2026/08/31/olivia-rodrigo-is-vogue-ph-anniversary-cover-star	SEPTEMBER:4 NOW:1 SUPPORT:2 SHOW:7 MORE:6 THE:44 PAGE:1 METRO:1 WORLD:4 DYARYO:1 TIRADA:1 ALL:3 EDIT:2 TOP:1 PROJECT:1 LARAWAN:1 TINDAHAN:1 FOR:16 COVER:2 STAR:4 YEAR:2 AND:24 MIN:1 READ:2 GET:5 YOUR:6 CHAT:2 TAKE:1 SEARCH:2 YOU:5 GIRL:4 LOVE:4 END:6 STYLE:3 LIKE:2 GRAB:1 BUT:3 MAY:2 HOT:3 RUN:1 FOURTH:2 SPRING:1 WAS:2 ONE:2 TAKING:1 OVER:4 GALA:1 NEW:2 THIRD:4 ALBUM:4 TWO:1 TERNO:1 ANGEL:1 LISA:1 FRESH:1 THINK:2 OWN:3 KNOW:2 GONNA:1 JUST:2 SEE:2 WHERE:1 MEAN:1 RAW:1 REAL:1 DOWN:1 KAPWA:1 OUR:2 ARNIS:1 ALSO:2 LOOK:1 CALL:1 OPEN:1 BOOK:1 ARE:1 ANG:1 DOG:1 LOLA:1 MALAYA:1 FULL:1
https://tribune.net.ph/2026/08/31/euro-tour-ninth-gold-for-obiena	SEPTEMBER:2 NOW:2 SUPPORT:2 SHOW:2 MORE:5 THE:24 PAGE:1 METRO:1 WORLD:2 DYARYO:2 TIRADA:2 ALL:1 EDIT:1 TOP:2 PROJECT:1 LARAWAN:1 TINDAHAN:1 FOR:9 MIN:1 READ:4 GET:3 YOUR:4 AND:10 CHAT:2 TAKE:1 SEARCH:2 HOME:1 BET:1 PERFECT:1 FIRST:1 AIR:1 THERE:1 FEED:1 RUSH:1 ONE:1 JUST:2 SHORT:1 BEST:2 SEASON:2 FOURTH:1 LAST:1 ALSO:3 AMONG:1 YEAR:1 WAS:1 ULIT:1 GINTO:2 PATULOY:1 ANG:2 MATAPOS:1 IKA:1 TAON:1 LANG:1 NEW:2
https://tribune.net.ph/2026/08/31/deped-expands-parent-training-as-school-violence-concerns-persist	SEPTEMBER:3 NOW:1 SUPPORT:2 SHOW:2 MORE:6 THE:30 PAGE:1 METRO:3 WORLD:1 DYARYO:1 TIRADA:1 ALL:2 EDIT:1 TOP:1 PROJECT:1 LARAWAN:1 TINDAHAN:1 FOR:9 SCHOOL:10 LISA:5 MIN:1 READ:4 EDUCATION:11 FIRST:1 ALSO:5 AND:31 MENTAL:1 AGRICULTURE:1 NORTE:4 STATE:4 DUE:4 WATER:4 NINO:3 NAGA:1 WAS:2 SUPPLY:1 GETS:1 BOARD:3 NOT:1 SARA:2 TWO:2 YEAR:1 OVER:2 SHABU:2 TOTAL:1 GET:3 YOUR:4 CHAT:2 AIR:3 TAKE:1 SEARCH:2 MOVE:3 SAID:5 HINDI:1 NATIN:1 ANG:4 KARAHASAN:1 MGA:2 PAARALAN:1 KUNG:1 LOOB:1 LANG:1 TAYO:1 TAHANAN:1 ATING:1 DEPENSA:1 ARE:4 GIVE:1 SEXUAL:2 MAY:1 MANILA:1 KAILANGAN:1 MAPANSIN:1 RED:1 PAGBABAGO:1 KILOS:1 BATA:1 BAGO:1 MAN:1 RULE:1 VIDEO:1
https://tribune.net.ph/2026/08/31/modern-day-heroes	SEPTEMBER:5 NOW:1 SUPPORT:2 SHOW:2 MORE:6 THE:15 PAGE:1 METRO:1 WORLD:1 DYARYO:1 TIRADA:1 ALL:2 EDIT:1 TOP:1 PROJECT:1 LARAWAN:1 TINDAHAN:1 FOR:7 MODERN:2 DAY:3 MAKATI:1 DAYS:1 TOTO:5 MIN:1 READ:1 YOUR:3 TAKE:1 GET:2 AND:4 CHAT:1 SEARCH:2 BANTAYOG:3 MGA:3 BAYANI:3 MANILA:2 ARE:1
https://tribune.net.ph/2026/08/31/seine-makes-a-splash-with-record-120000-swimmers	SEPTEMBER:3 NOW:1 SUPPORT:2 SHOW:3 MORE:7 THE:37 PAGE:1 METRO:1 WORLD:12 DYARYO:1 TIRADA:1 ALL:1 EDIT:1 TOP:1 PROJECT:1 LARAWAN:1 TINDAHAN:1 FOR:11 MIN:1 READ:4 GET:3 YOUR:4 AND:14 CHAT:2 TAKE:1 SEARCH:2 USA:3 MILITARY:1 NEW:2 THERE:1 WAS:3 ONE:1 BUT:1 EIGHT:1 ARE:3 OUT:3 DIP:2 HIT:1 PARIS:7 BEEN:1 TRAFFIC:1 OPEN:1 WATER:4 AMONG:1 BASIN:1 ALSO:3 REGULAR:1 TESTING:1 WHERE:1 TAKING:1 FIRST:2
https://tribune.net.ph/2026/08/31/army-deploys-269-soldiers-to-flood-hit-luzon-areas	SEPTEMBER:2 NOW:1 SUPPORT:3 SHOW:2 MORE:6 THE:33 PAGE:1 METRO:2 WORLD:1 DYARYO:1 TIRADA:1 ALL:2 EDIT:1 TOP:1 PROJECT:1 LARAWAN:1 TINDAHAN:1 FOR:10 HIT:2 MIN:1 READ:3 GET:3 YOUR:4 AND:29 CHAT:2 TAKE:1 SEARCH:5 AIR:4 MOVE:3 AGRICULTURE:1 NORTE:4 STATE:4 DUE:5 WATER:6 NINO:4 NAGA:1 WAS:3 SUPPLY:1 GETS:1 BOARD:1 NOT:1 SARA:1 LISA:1 TWO:2 YEAR:1 OVER:1 SHABU:2 TOTAL:1 EDUCATION:3 MILITARY:7 SAID:5 RESCUE:7 BATAAN:1 ALA:2 BEEN:1 ENGINEER:1 ALSO:6 ARE:1 SAN:1 SUNDAY:1 PART:1 MANILA:1 LOTE:1 MALABON:2 MAYOR:1 DAMPALIT:1 SCHOOL:1 MALANDAY:1 AMONG:1
https://tribune.net.ph/2026/08/31/bad-weathers-bill-climbs-to-p848b	SEPTEMBER:8 NOW:1 SUPPORT:2 SHOW:2 MORE:8 THE:31 PAGE:2 METRO:3 WORLD:1 DYARYO:1 TIRADA:1 ALL:2 EDIT:1 TOP:1 PROJECT:1 LARAWAN:1 TINDAHAN:1 FOR:8 MIN:1 READ:4 PADRE:1 MANILA:3 RED:1 AND:21 DUE:5 HABAGAT:15 ALSO:4 GET:3 YOUR:4 CHAT:2 TAKE:1 SEARCH:4 HIT:12 AID:3 BARANGAY:1 INGAT:1 SUPPLY:2 AIR:1 MOVE:1 PASOK:3 SAID:5 LUIS:1 TOTAL:2 ANG:1 AGRICULTURE:1 NAMAN:1 INTERVIEW:1 BATAAN:1 RESCUE:2 WHERE:1 ONE:1 WAS:1 AMONG:1 SUNDAY:1
https://tribune.net.ph/2026/08/31/sm-city-pampanga-showcases-giant-suman-bulagta-at-bestival-feast	SEPTEMBER:2 NOW:3 SUPPORT:2 SHOW:2 MORE:6 THE:40 PAGE:1 METRO:2 WORLD:1 DYARYO:2 TIRADA:2 ALL:2 EDIT:1 TOP:1 PROJECT:1 LARAWAN:1 TINDAHAN:1 FOR:10 SUMAN:14 BULAGTA:10 MIN:1 READ:4 GET:3 YOUR:4 AND:19 CHAT:2 TAKE:1 SEARCH:2 AIR:3 MOVE:3 AGRICULTURE:1 NORTE:4 STATE:4 DUE:4 WATER:7 NINO:3 NAGA:1 WAS:4 SUPPLY:1 GETS:1 BOARD:1 NOT:1 SARA:1 LISA:1 TWO:3 YEAR:2 OVER:1 SHABU:2 TOTAL:2 EDUCATION:3 SAN:1 SCHOOL:1 MADAMI:1 KAWA:2 ANG:1 DAY:1 SAID:2 LIHIYA:4 SUGAR:3 DAHON:1 SAGING:1 ARE:1 PER:1 BIG:1 NAME:1 POPULAR:1 MALAGKIT:1 YELLOW:1 LIKE:2 PRE:1 KAKANIN:1 TAGALOG:1 OUT:1 ALSO:3 MAY:1 ARESTADO:1 YAKAP:1 GAMOT:1 LAKBAY:1 PALAY:1 WET:1 SEASON:1 MODERN:1 ONE:1 BUS:1 CAN:1
https://tribune.net.ph/2026/08/31/meta-to-establish-philippine-office-nbi-says	SEPTEMBER:3 NOW:2 SUPPORT:2 SHOW:2 MORE:8 THE:20 PAGE:1 METRO:3 WORLD:1 DYARYO:1 TIRADA:1 ALL:2 EDIT:1 TOP:1 PROJECT:1 LARAWAN:1 TINDAHAN:1 FOR:9 MIN:1 READ:3 MARK:1 NOT:1 AND:19 COME:1 ARE:2 AIR:1 GET:3 YOUR:4 CHAT:2 TAKE:1 SEARCH:2 SAID:5 WHERE:1 ABOY:1 PARAISO:1 BEEN:1 LEAD:1 MAY:1 ALSO:2 OUR:1 CAN:2 GETS:1 JAIL:2 BUT:1 NEW:1 SPEED:1 ROMERO:1
https://tribune.net.ph/2026/08/31/landslides-rockfalls-close-roads-in-itogon	SEPTEMBER:3 NOW:1 SUPPORT:2 SHOW:2 MORE:6 THE:21 PAGE:1 METRO:1 WORLD:1 DYARYO:1 TIRADA:1 ALL:2 EDIT:1 TOP:1 PROJECT:1 LARAWAN:1 TINDAHAN:1 FOR:4 CLOSE:2 MIN:1 READ:4 GET:3 YOUR:4 AND:17 CHAT:2 TAKE:2 SEARCH:2 MAN:3 HIT:3 DUE:5 POLICE:1 SAID:2 OUT:1 AIR:1 MOVE:1 EDUCATION:1 NATURAL:2 BARANGAY:5 ALSO:4 WATER:1 WAS:1 TRAFFIC:1 AMONG:1 TRINIDAD:1
https://tribune.net.ph/2026/08/31/meta-to-help-philippine-authorities-track-fake-news-troll-farms	SEPTEMBER:2 NOW:2 SUPPORT:2 SHOW:2 MORE:7 THE:25 PAGE:1 METRO:7 WORLD:1 DYARYO:1 TIRADA:1 ALL:2 EDIT:1 TOP:1 PROJECT:1 LARAWAN:1 TINDAHAN:1 FOR:8 MIN:1 READ:3 MARK:1 NOT:1 AND:17 COME:1 ARE:1 ONE:1 POLICE:1 LONG:1 GET:3 YOUR:4 CHAT:2 TAKE:1 SEARCH:2 DOWN:1 WAS:2 ALSO:2 AMONG:1 WHERE:1 SAID:5 STUDY:2 WAYS:1 ADDRESS:1 MAY:1 FIRST:1 SAN:1 SCHOOL:1 GETS:1 JAIL:2 BUT:1 NEW:1 SPEED:1 ROMERO:1
https://tribune.net.ph/2026/08/31/national-heroes-day-protest	SEPTEMBER:5 NOW:1 SUPPORT:2 SHOW:2 MORE:6 THE:84 PAGE:1 METRO:1 WORLD:1 DYARYO:1 TIRADA:1 ALL:2 EDIT:1 TOP:1 PROJECT:1 LARAWAN:1 TINDAHAN:1 FOR:21 DAY:2 MAKATI:15 CALL:15 MADRE:15 AYUNGIN:15 ALSO:15 STOP:15 AND:19 TOTO:5 MIN:1 READ:1 YOUR:3 TAKE:1 GET:2 CHAT:1 SEARCH:2 BANTAYOG:3 MGA:3 BAYANI:3 MANILA:2 ARE:1
https://tribune.net.ph/2026/08/31/ormoc-reopens-lake-danao-natural-park-after-11-month-rehabilitation	SEPTEMBER:2 NOW:1 SUPPORT:2 SHOW:2 MORE:5 THE:28 PAGE:1 METRO:2 WORLD:1 DYARYO:1 TIRADA:1 ALL:1 EDIT:1 TOP:1 PROJECT:1 LARAWAN:1 TINDAHAN:1 FOR:9 NATURAL:10 PARK:10 MIN:1 READ:3 WATER:8 AGRICULTURE:1 NORTE:4 STATE:4 DUE:4 NINO:3 NAGA:1 WAS:3 SUPPLY:1 AND:20 GETS:1 BOARD:1 NOT:1 SARA:1 LISA:1 TWO:2 YEAR:1 OVER:1 SHABU:2 TOTAL:1 GET:3 YOUR:4 CHAT:2 AIR:3 TAKE:1 SEARCH:2 MOVE:3 EDUCATION:3 CAN:2 PADDLE:1 HOME:1 ALSO:2 SPOT:1 LAS:1 LAST:1
https://tribune.net.ph/2026/08/31/five-senior-police-officials-reassigned-in-pnp-reshuffle	SEPTEMBER:2 NOW:3 SUPPORT:2 SHOW:2 MORE:6 THE:31 PAGE:1 METRO:1 WORLD:1 DYARYO:1 TIRADA:1 ALL:2 EDIT:1 TOP:1 PROJECT:1 LARAWAN:1 TINDAHAN:1 FOR:8 SENIOR:3 POLICE:10 MIN:1 READ:3 GET:3 YOUR:4 AND:11 CHAT:2 TAKE:2 SEARCH:2 AIR:3 MOVE:3 AGRICULTURE:1 NORTE:4 STATE:4 DUE:4 WATER:4 NINO:3 NAGA:1 WAS:3 SUPPLY:1 GETS:1 BOARD:1 NOT:1 SARA:1 LISA:1 TWO:2 YEAR:1 OVER:2 SHABU:2 TOTAL:1 EDUCATION:3 EFFECT:1 NEW:3 SANGALANG:1 TAKING:1 ALSO:3 AMONG:1
https://tribune.net.ph/2026/08/31/gabriela-silangs-monument	SEPTEMBER:4 NOW:1 SUPPORT:2 SHOW:2 MORE:6 THE:28 PAGE:1 METRO:1 WORLD:1 DYARYO:1 TIRADA:1 ALL:2 EDIT:1 TOP:1 PROJECT:1 LARAWAN:1 TINDAHAN:1 FOR:6 SILANG:20 MAKATI:6 AND:11 FIRST:6 LEAD:6 RULE:6 MIN:1 READ:1 YOUR:3 TAKE:1 GET:2 CHAT:1 SEARCH:2 BANTAYOG:3 MGA:3 BAYANI:3 MANILA:2 TOTO:2 ARE:1
https://tribune.net.ph/2026/08/31/anti-pax-silica-network-launch	SEPTEMBER:4 NOW:1 SUPPORT:2 SHOW:2 MORE:5 THE:33 PAGE:1 METRO:1 WORLD:1 DYARYO:1 TIRADA:1 ALL:1 EDIT:1 TOP:1 PROJECT:1 LARAWAN:1 TINDAHAN:1 FOR:5 AND:28 WAS:12 MIN:1 READ:1 YOUR:3 TAKE:1 GET:2 CHAT:1 SEARCH:2 BANTAYOG:3 MGA:3 BAYANI:3 MANILA:2 TOTO:2 ARE:1
https://tribune.net.ph/2026/08/31/coast-guard-sustains-rescue-evacuation-operations-in-pampanga	SEPTEMBER:4 NOW:2 SUPPORT:2 SHOW:2 MORE:6 THE:27 PAGE:1 METRO:1 WORLD:1 DYARYO:2 TIRADA:2 ALL:2 EDIT:1 TOP:1 PROJECT:1 LARAWAN:1 TINDAHAN:1 FOR:3 RESCUE:7 MIN:1 READ:3 GET:3 YOUR:4 AND:20 CHAT:2 TAKE:2 SEARCH:4 DOUBLE:1 AIR:1 TRAFFIC:3 DUE:1 HABAGAT:1 SAN:6 FIRE:1 SANTO:2 ALSO:3 BARANGAY:1 SAKAY:1 MAY:1 ARESTADO:1 YAKAP:1 GAMOT:1 LAKBAY:1 PALAY:1 WET:1 SEASON:1
https://tribune.net.ph/2026/08/31/christmas-lanterns-in-quiapo-before-ber-months	SEPTEMBER:4 NOW:1 SUPPORT:2 SHOW:2 MORE:6 THE:17 PAGE:1 METRO:1 WORLD:1 DYARYO:1 TIRADA:1 ALL:2 EDIT:1 TOP:1 PROJECT:1 LARAWAN:1 TINDAHAN:1 FOR:6 AND:12 ARE:8 MANILA:9 MIN:1 READ:1 YOUR:3 TAKE:1 GET:2 CHAT:1 SEARCH:2 BANTAYOG:3 MGA:3 BAYANI:3 TOTO:2
https://tribune.net.ph/2026/08/31/marcelo-del-pilars-monument	SEPTEMBER:4 NOW:1 SUPPORT:2 SHOW:2 MORE:6 THE:45 PAGE:1 METRO:1 WORLD:1 DYARYO:1 TIRADA:1 ALL:2 EDIT:1 TOP:1 PROJECT:1 LARAWAN:1 TINDAHAN:1 FOR:13 AND:26 MANILA:9 ALSO:7 NAME:7 WAS:7 PROPAGANDA:7 ONE:7 MIN:1 READ:1 YOUR:3 TAKE:1 GET:2 CHAT:1 SEARCH:2 BANTAYOG:3 MGA:3 BAYANI:3 TOTO:2 ARE:1
https://tribune.net.ph/2026/08/31/rotary-club-of-makati-mazda-philippines-launch-service-vehicle	SEPTEMBER:2 NOW:1 SUPPORT:4 SHOW:3 MORE:6 THE:29 PAGE:1 METRO:2 WORLD:1 DYARYO:1 TIRADA:1 ALL:3 EDIT:1 TOP:1 PROJECT:1 LARAWAN:1 TINDAHAN:1 FOR:8 MAKATI:5 MIN:1 READ:3 KEY:4 AND:17 GET:3 YOUR:5 CHAT:2 TAKE:1 SEARCH:2 DEAL:3 GETS:3 FIRST:4 TWO:3 COMMERCIAL:1 TRAFFIC:1 EIGHT:2 WAS:4 OVER:2 MANILA:1 TRANSPORT:1 OUR:1 WHERE:1 SAID:3 FORWARD:1 LOVE:1 THINK:1 ZERO:1 STYLE:1 AIR:1 ALSO:1
https://tribune.net.ph/2026/08/31/meralco-readies-crews-for-habagat-outages	SEPTEMBER:2 NOW:1 SUPPORT:2 SHOW:3 MORE:6 THE:24 PAGE:1 METRO:1 WORLD:1 DYARYO:1 TIRADA:1 ALL:2 EDIT:1 TOP:1 PROJECT:1 LARAWAN:1 TINDAHAN:1 FOR:10 HABAGAT:4 MIN:1 READ:3 ALERT:1 NORMAL:1 ARE:6 GET:3 YOUR:5 AND:18 CHAT:2 TAKE:1 SEARCH:2 AIR:4 MOVE:3 AGRICULTURE:1 NORTE:4 STATE:4 DUE:4 WATER:4 NINO:3 NAGA:1 WAS:2 SUPPLY:1 GETS:1 BOARD:1 NOT:1 SARA:1 LISA:1 TWO:2 YEAR:1 OVER:1 SHABU:2 TOTAL:1 EDUCATION:3 MANILA:2 SAID:3 MAY:1 ADDRESS:1 OUR:1 ALSO:3 AWAY:1 DRY:1 ZERO:1 STYLE:1
https://tribune.net.ph/2026/08/31/baguio-closes-parks-amid-heavy-rains	SEPTEMBER:2 NOW:1 SUPPORT:2 SHOW:2 MORE:6 THE:26 PAGE:1 METRO:1 WORLD:1 DYARYO:1 TIRADA:1 ALL:3 EDIT:1 TOP:1 PROJECT:1 LARAWAN:1 TINDAHAN:1 FOR:7 MIN:1 READ:3 HOTEL:2 AND:23 DARK:1 TWO:3 GET:3 YOUR:4 CHAT:2 TAKE:2 SEARCH:2 AIR:3 MOVE:3 AGRICULTURE:1 NORTE:4 STATE:4 DUE:5 WATER:4 NINO:3 NAGA:1 WAS:2 SUPPLY:1 GETS:1 BOARD:1 NOT:1 SARA:1 LISA:1 YEAR:1 OVER:1 SHABU:2 TOTAL:1 EDUCATION:3 EXERCISE:1 EFFECT:1 ARE:1 HAY:2 COURSE:1 MUSEO:1 VIEW:1 PARK:4 BAYAN:1 OPEN:1 STONE:1 MILITARY:1 AWAN:1 DRAGON:1 AMONG:1 ALSO:1 HIT:1 RAIN:1 SUNDAY:1
https://tribune.net.ph/2026/08/31/baclaran-church-no-shooting-took-place	SEPTEMBER:2 NOW:1 SUPPORT:2 SHOW:2 MORE:6 THE:31 PAGE:1 METRO:2 WORLD:1 DYARYO:1 TIRADA:1 ALL:3 EDIT:1 TOP:1 PROJECT:1 LARAWAN:1 TINDAHAN:1 FOR:7 MIN:1 READ:3 AND:18 MOTHER:1 GET:3 YOUR:4 CHAT:2 TAKE:1 SEARCH:2 AIR:4 MOVE:3 AGRICULTURE:1 NORTE:4 STATE:4 DUE:4 WATER:4 NINO:3 NAGA:1 WAS:5 SUPPLY:1 GETS:1 BOARD:1 NOT:1 SARA:1 LISA:2 TWO:3 YEAR:2 OVER:1 SHABU:2 TOTAL:1 EDUCATION:3 SUNDAY:2 DRUNK:1 MAN:4 NAGANAP:1 BARILAN:1 INSIDENTE:1 SAID:2 MABILIS:1 ANG:6 ATING:1 MGA:1 AWTORIDAD:1 INDIBIDWAL:1 NASA:1 KUSTODIYA:1 PULISYA:1 OUR:1 BEEN:1 POLICE:2 BAN:1 BUT:1 NAMIN:1 UNAWA:1 LAHAT:1 DIN:1 PUBLIKO:1 HINDI:1 IMPORMASYON:1 UPANG:1 PANGAMBA:1 ALSO:1 ONE:2 RAIN:1
https://tribune.net.ph/2026/08/31/us-reaffirms-ironclad-ph-alliance-at-75-years	SEPTEMBER:2 NOW:1 SUPPORT:2 SHOW:2 MORE:6 THE:36 PAGE:1 METRO:1 WORLD:1 DYARYO:2 TIRADA:2 ALL:2 EDIT:1 TOP:1 PROJECT:1 LARAWAN:1 TINDAHAN:1 FOR:6 MIN:1 READ:3 GET:3 YOUR:4 AND:18 CHAT:2 TAKE:1 SEARCH:3 AIR:3 MOVE:3 AGRICULTURE:1 NORTE:4 STATE:6 DUE:4 WATER:4 NINO:3 NAGA:1 WAS:2 SUPPLY:1 GETS:1 BOARD:1 NOT:1 SARA:1 LISA:1 TWO:3 YEAR:2 OVER:1 SHABU:2 TOTAL:1 EDUCATION:3 MARK:1 MANILA:3 WASHINGTON:2 SAID:2 NATURAL:1 ALSO:2 BANGA:1 SENIOR:1 PENTAGON:1
https://tribune.net.ph/2026/08/31/dpwh-pra-to-meet-over-taguig-reclamation-projects	SEPTEMBER:2 NOW:1 SUPPORT:2 SHOW:2 MORE:6 THE:32 PAGE:1 METRO:1 WORLD:1 DYARYO:1 TIRADA:1 ALL:2 EDIT:1 TOP:1 PROJECT:4 LARAWAN:1 TINDAHAN:1 FOR:7 OVER:3 MIN:1 READ:3 DINGDING:1 AGRICULTURE:1 NORTE:4 STATE:4 DUE:4 WATER:4 NINO:3 NAGA:1 WAS:2 SUPPLY:1 AND:19 GETS:1 BOARD:1 NOT:2 SARA:1 LISA:1 TWO:2 YEAR:1 SHABU:2 TOTAL:1 GET:3 YOUR:4 CHAT:2 AIR:4 TAKE:1 SEARCH:2 MOVE:3 EDUCATION:3 ARE:3 DIN:2 TAYO:1 KANILA:1 PARA:1 TALAGA:2 MALAMAN:2 NATIN:2 KUNG:2 ANO:2 ANG:2 PLANO:1 MAY:1 MAN:1 SAID:2 INTERVIEW:1 THERE:2 KNOW:2 GUSTO:1 YAN:2 KASI:2 LANG:1 LAHAT:1 MGA:2 ITO:1 ALSO:2 ORDER:1 HINDI:1 IBIG:1 SABIHIN:1 PONDO:1 KABABAYAN:1 OUT:1 MEAN:1 DOWN:1 MONEY:1 LIST:1 AMONG:1 PASIG:1 BAN:1 PART:1
https://tribune.net.ph/2026/08/31/dpwh-eyes-fish-pens-as-flood-detention-basins	SEPTEMBER:2 NOW:1 SUPPORT:2 SHOW:2 MORE:6 THE:37 PAGE:2 METRO:1 WORLD:1 DYARYO:1 TIRADA:1 ALL:2 EDIT:1 TOP:1 PROJECT:5 LARAWAN:1 TINDAHAN:1 FOR:8 MIN:1 READ:3 ESTERO:1 AND:17 URBAN:1 GET:3 YOUR:4 CHAT:2 TAKE:1 SEARCH:2 AIR:4 MOVE:4 AGRICULTURE:1 NORTE:4 STATE:4 DUE:5 WATER:5 NINO:3 NAGA:1 WAS:3 SUPPLY:2 GETS:1 BOARD:1 NOT:2 SARA:1 LISA:1 TWO:2 YEAR:1 OVER:1 SHABU:2 TOTAL:1 EDUCATION:3 PART:2 SAID:5 INTERVIEW:1 YAN:5 KAHIT:1 KUNG:1 MERON:1 NIYAN:1 KADA:1 MUNISIPYO:1 ONE:1 TAYO:1 MGA:3 LUGAR:1 LOOK:1 JUST:1 DRY:1 LAST:1 ARE:1 OUT:1 BASIN:5 SAN:5 MALAKI:1 PONG:1 KASAMA:1 PLAN:2 BAGO:1 BUMABA:1 SIRAIN:1 ANG:1 BAYAN:1 NATIN:1 PABABA:1 MULA:1 HANGGANG:1 DOON:1 DOWN:2 BAN:1 ALSO:1
https://tribune.net.ph/2026/08/31/tj-monterde-looks-back-on-lean-years-builds-dream-with-kz	SEPTEMBER:2 NOW:2 SUPPORT:3 SHOW:11 MORE:8 THE:32 PAGE:1 METRO:1 WORLD:2 DYARYO:1 TIRADA:1 ALL:2 EDIT:1 TOP:1 PROJECT:1 LARAWAN:1 TINDAHAN:1 FOR:10 MIN:1 READ:3 FIRST:1 GET:3 YOUR:4 AND:14 CHAT:2 TAKE:1 SEARCH:2 LOLA:3 AIR:6 LATE:3 MOVE:3 DOWN:2 LAKAMBINI:3 KAMUNING:2 POLICE:2 OVER:2 BEEN:2 LOOK:2 SAN:2 LONG:2 NOT:2 BUT:1 ALSO:2 WAS:1 NEW:2 HOME:2 OWN:1 WHERE:1 PUT:1 DAYS:1 SAID:1 WALA:1 KASI:1 GRABE:1 PARANG:1 KAHIT:1 ISANG:1 FELT:1 PART:1 PALAGI:1 ONE:1 EVEN:1 PANGILINAN:1 SOBERANO:1 UTANG:1 SARILI:1 MUNDO:1 JUST:1
https://tribune.net.ph/2026/08/31/john-prats-salutes-yeng-constantino-fans-who-braved-rain	SEPTEMBER:2 NOW:1 SUPPORT:2 SHOW:13 MORE:6 THE:43 PAGE:1 METRO:1 WORLD:1 DYARYO:1 TIRADA:1 ALL:2 EDIT:1 TOP:1 PROJECT:1 LARAWAN:1 TINDAHAN:1 FOR:13 RAIN:3 MIN:1 READ:3 MOVE:3 AND:11 DOWN:1 LAKAMBINI:3 KAMUNING:2 POLICE:2 OVER:2 BEEN:2 LOOK:2 SAN:2 GET:3 YOUR:4 CHAT:2 LOLA:3 TAKE:1 SEARCH:2 AIR:6 LATE:3 SECOND:1 BENTE:2 DAY:1 WAY:1 MEDYO:1 KAMI:1 TALAGA:2 HINDI:1 WAS:5 PART:1 PUSO:1 BEST:1 EVENING:1 ALSO:2 OUT:1 NOT:1 TWO:1 MAY:1 BUT:1 ONE:2 PANGILINAN:1 SOBERANO:1 UTANG:1 HAWAK:2 KAMAY:2 LONG:1 YEAR:1 GIRL:1
https://tribune.net.ph/2026/08/31/alex-gonzaga-begins-motherhood-journey	SEPTEMBER:2 NOW:2 SUPPORT:2 SHOW:10 MORE:6 THE:30 PAGE:1 METRO:1 WORLD:2 DYARYO:2 TIRADA:2 ALL:2 EDIT:1 TOP:1 PROJECT:1 LARAWAN:1 TINDAHAN:1 FOR:8 MIN:1 READ:3 GET:3 YOUR:4 AND:18 CHAT:2 TAKE:1 SEARCH:2 LOLA:3 AIR:6 LATE:3 MOVE:3 DOWN:1 LAKAMBINI:3 KAMUNING:2 POLICE:2 OVER:3 BEEN:1 LOOK:3 SAN:2 MOTHER:1 FIRST:3 BABY:2 PERSONAL:3 LONG:1 NEW:5 ALSO:2 SETTLE:1 PANGILINAN:1 SOBERANO:1 UTANG:1 ANG:1 AKTRES:1
https://tribune.net.ph/2026/08/31/mccoy-de-leon-rediscovers-what-he-misses-about-being-part-of-a-love-team	SEPTEMBER:2 NOW:2 SUPPORT:2 SHOW:11 MORE:6 THE:26 PAGE:1 METRO:1 WORLD:1 DYARYO:1 TIRADA:1 ALL:2 EDIT:1 TOP:1 PROJECT:2 LARAWAN:1 TINDAHAN:1 FOR:8 LEON:13 PART:3 LOVE:8 MIN:1 READ:3 MOVE:3 AND:11 DOWN:1 LAKAMBINI:3 KAMUNING:2 POLICE:2 OVER:2 BEEN:1 LOOK:2 SAN:2 GET:3 YOUR:4 CHAT:2 LOLA:3 TAKE:1 SEARCH:2 AIR:6 LATE:3 MAY:1 TAKING:1 BUT:2 THERE:1 ONE:2 SPECIAL:1 REGULAR:2 SCREEN:1 TOTOO:1 LANG:1 MAGKAROON:1 KAPAMILYA:1 TWO:1 SAID:2 CAN:1 PARANG:1 NGA:1 SARILI:1 IBA:1 RIN:1 PALA:1 PAG:1 MERON:1 KANG:1 KAYO:1 OPEN:1 RIGHT:1 COME:2 NGAYON:1 DIRETSO:1 AKO:1 DIN:1 YUN:1 GUSTO:1 BUMALIK:1 BALIK:1 ULIT:1 NOT:2 PANGILINAN:1 SOBERANO:1 UTANG:1 ALSO:2 PERSONAL:1
https://tribune.net.ph/2026/08/31/carmelle-makes-history-as-philippines-first-eurovision-asia-rep	SEPTEMBER:2 NOW:2 SUPPORT:2 SHOW:7 MORE:6 THE:48 PAGE:1 METRO:1 WORLD:1 DYARYO:1 TIRADA:1 ALL:2 EDIT:1 TOP:3 PROJECT:1 LARAWAN:1 TINDAHAN:1 FOR:10 FIRST:7 MIN:1 READ:3 TAWAG:2 FLAG:2 MOVE:3 AND:14 DOWN:1 LAKAMBINI:2 KAMUNING:1 POLICE:1 OVER:1 BEEN:2 LOOK:2 SAN:2 GET:3 YOUR:4 CHAT:2 LOLA:3 TAKE:1 SEARCH:2 AIR:6 LATE:3 TAKING:1 CONTEST:3 YOUNG:2 SOBRA:10 MUCH:2 LONG:1 VOICE:3 WHERE:1 EVEN:1 BIG:1 WAS:1 GANDA:1 ROSARIO:2 SAGA:1 SECOND:1 DELA:1 ALSO:2 MARK:1 COME:1 FULL:1 NOT:1 NEW:1
https://tribune.net.ph/2026/08/31/kai-joining-miami-heat	SEPTEMBER:6 NOW:2 SUPPORT:2 SHOW:3 MORE:5 THE:48 PAGE:1 METRO:1 WORLD:2 DYARYO:1 TIRADA:1 ALL:2 EDIT:1 TOP:1 PROJECT:1 LARAWAN:1 TINDAHAN:1 FOR:8 MIN:1 READ:3 TWO:1 BASKET:1 MALL:2 GET:5 YOUR:4 AND:13 CHAT:2 TAKE:1 SEARCH:2 GILAS:9 HOT:3 JUST:1 OUT:1 MARK:2 DOWN:1 BLUE:1 DILIMAN:2 FIRST:4 AWAY:2 SECOND:2 COACH:4 BABY:1 BIG:4 MUCH:1 TIM:2 IDEA:1 YEAR:1 OVER:2 FOURTH:1 LATE:1 SUNDAY:1 THERE:1 MAN:2 THINK:1 YOU:4 CAN:3 WAY:1 SEE:1 ALSO:2 GOOD:1 RIGHT:1 SCHOOL:1 TRY:1 BUT:1 ARE:1 SEASON:1 RUN:1 LOVE:2 NEW:1 MAY:1
https://tribune.net.ph/2026/08/30/hostage-standoff-ends-peacefully-in-ilocos-sur	SEPTEMBER:2 NOW:1 SUPPORT:2 SHOW:2 MORE:5 THE:32 PAGE:1 METRO:1 WORLD:1 DYARYO:1 TIRADA:1 ALL:1 EDIT:1 TOP:1 PROJECT:1 LARAWAN:1 TINDAHAN:1 FOR:8 SUR:7 MIN:1 READ:3 GET:3 YOUR:4 AND:19 CHAT:2 TAKE:1 SEARCH:2 AIR:3 MOVE:3 AGRICULTURE:1 NORTE:4 STATE:4 DUE:4 WATER:4 NINO:3 NAGA:1 WAS:3 SUPPLY:1 GETS:1 BOARD:1 NOT:1 SARA:1 LISA:1 TWO:4 YEAR:1 OVER:2 SHABU:2 TOTAL:1 EDUCATION:3 POLICE:4 TAKING:1 BARANGAY:2 RESCUE:1 SUSPECT:3 FIRST:1 BOLO:1 KITCHEN:1 KNIFE:1 SAID:3 OUR:1 TRUE:1 SOUND:1 ALSO:1 ONE:1
https://tribune.net.ph/2026/08/30/pro-2-heightens-security-for-national-heroes-day	SEPTEMBER:2 NOW:1 SUPPORT:4 SHOW:2 MORE:5 THE:34 PAGE:1 METRO:2 WORLD:1 DYARYO:1 TIRADA:1 ALL:2 EDIT:1 TOP:1 PROJECT:1 LARAWAN:1 TINDAHAN:1 FOR:9 DAY:10 MIN:1 READ:4 GET:3 YOUR:4 AND:30 CHAT:2 TAKE:1 SEARCH:2 AIR:3 MOVE:3 AGRICULTURE:1 NORTE:4 STATE:4 DUE:4 WATER:4 NINO:3 NAGA:1 WAS:2 SUPPLY:1 GETS:1 BOARD:1 NOT:1 SARA:1 LISA:2 TWO:2 YEAR:1 OVER:1 SHABU:2 TOTAL:1 EDUCATION:3 POLICE:10 SAID:4 PLAN:1 BEEN:4 TRAFFIC:4 ARE:4 COMMERCIAL:1 OUT:1 ALSO:4 EXERCISE:2 WHERE:1 ADDRESS:1 OUR:2 ORDER:1 MANILA:1
https://tribune.net.ph/2026/08/30/tricycle-driver-nabbed-in-tuguegarao-drug-bust-p122k-suspected-shabu-recovered	SEPTEMBER:4 NOW:2 SUPPORT:2 SHOW:2 MORE:6 THE:41 PAGE:1 METRO:3 WORLD:1 DYARYO:1 TIRADA:1 ALL:2 EDIT:1 TOP:1 PROJECT:1 LARAWAN:1 TINDAHAN:1 FOR:7 SHABU:11 MIN:1 READ:4 AND:20 OVER:6 POLICE:13 SUNDAY:1 TWO:3 HOSPITAL:1 FIRST:1 ROMERO:1 AIR:1 MOVE:1 GET:3 YOUR:4 CHAT:2 ALBAY:3 TAKE:1 SEARCH:2 NORTE:3 YEAR:1 WAS:2 SUSPECT:4 NOON:1 SAID:2 TOTAL:1 ALSO:4 BLACK:2 SLING:1 BAG:1 BARANGAY:1 ARE:1 MAN:1 TALISAY:2
https://tribune.net.ph/2026/08/30/unidentified-cadaver-recovered-from-padsan-river-in-laoag	SEPTEMBER:2 NOW:1 SUPPORT:2 SHOW:2 MORE:6 THE:29 PAGE:1 METRO:1 WORLD:1 DYARYO:1 TIRADA:1 ALL:2 EDIT:1 TOP:1 PROJECT:5 LARAWAN:1 TINDAHAN:1 FOR:7 MIN:1 READ:4 AND:17 DOWN:1 NORTE:3 SUSPECT:1 TWO:3 LEGAL:1 BARANGAY:3 GET:3 YOUR:4 CHAT:2 OVER:8 TAKE:1 SEARCH:3 AIR:3 MOVE:3 MAN:2 WAS:5 RESCUE:1 BLACK:2 POLICE:1 SHABU:3 ALSO:2 MANILA:1 EIGHT:1
https://tribune.net.ph/2026/08/30/tarlac-province-placed-under-state-of-calamity	SEPTEMBER:2 NOW:1 SUPPORT:2 SHOW:2 MORE:5 THE:39 PAGE:1 METRO:1 WORLD:1 DYARYO:1 TIRADA:1 ALL:1 EDIT:1 TOP:1 PROJECT:1 LARAWAN:1 TINDAHAN:1 FOR:7 STATE:7 MIN:1 READ:4 GET:3 YOUR:4 AND:19 CHAT:2 TAKE:1 SEARCH:2 NORTE:3 DUE:4 WATER:3 NINO:3 AIR:3 MOVE:3 EDUCATION:3 NATURAL:1 GETS:1 BOARD:1 NOT:1 SARA:1 LISA:1 TWO:3 YEAR:1 WAS:1 OVER:1 SHABU:2 TOTAL:1 SAID:2 ALSO:4 EVENING:1 BARANGAY:1 SAN:1 WAY:1 OUT:1 LAST:1
https://tribune.net.ph/2026/08/30/the-crazy-marble-aesthetics-of-romblon	SEPTEMBER:2 NOW:1 SUPPORT:3 SHOW:2 MORE:7 THE:63 PAGE:1 METRO:1 WORLD:2 DYARYO:4 TIRADA:4 ALL:2 EDIT:1 TOP:1 PROJECT:1 LARAWAN:1 TINDAHAN:1 FOR:9 CRAZY:2 MIN:1 READ:4 AND:28 GET:3 YOUR:5 CHAT:2 TAKE:1 SEARCH:2 HOME:4 ARE:3 OUR:1 MAGO:1 WAY:1 HOT:1 ONE:1 WAS:2 WHERE:4 STAND:1 TWO:1 DRAGON:1 JUST:1 OWN:1 FIRST:1 NATURAL:2 STONE:1 CAN:1 MANILA:1 SIX:1 SMALL:2 POPULAR:1 CLASSIC:1 CORAL:1 DUE:1 OUT:1 NOT:1 KASAL:1 ARAW:1 SCHOOL:1 KATAO:1 RESORT:1 LANG:1 KLIYENTE:1 AYAW:1 MAGBAYAD:1 MAYOR:1 ANG:1 PALPAK:1 LUGAR:1 ADDRESS:1 YEAR:2 STATE:1 ALSO:3 WAYS:1 COMMERCIAL:2 AIR:1 EDUCATION:2
https://tribune.net.ph/2026/08/30/bigbangs-2027-manila-concert-heres-what-we-know-so-far	SEPTEMBER:6 NOW:1 SUPPORT:2 SHOW:12 MORE:6 THE:35 PAGE:1 METRO:1 WORLD:1 DYARYO:1 TIRADA:1 ALL:2 EDIT:1 TOP:1 PROJECT:1 LARAWAN:1 TINDAHAN:1 FOR:8 MANILA:6 KNOW:3 MIN:1 READ:2 GET:3 YOUR:4 AND:19 CHAT:2 TAKE:2 SEARCH:2 LOLA:3 AIR:6 LATE:3 MOVE:3 DOWN:1 LAKAMBINI:2 KAMUNING:1 POLICE:1 OVER:1 BEEN:1 LOOK:2 SAN:2 LAST:1 WHERE:1 PART:1 DRAGON:1 ARE:2 ONE:1 SECOND:1 BABY:1 BANG:3 RUN:1 MUST:1 MUCH:1 NOTE:1 NOT:1 MAY:1 ALSO:1 SEASON:1
https://tribune.net.ph/2026/08/30/james-reid-finds-his-sunny-side	SEPTEMBER:3 NOW:1 SUPPORT:2 SHOW:9 MORE:12 THE:40 PAGE:1 METRO:1 WORLD:1 DYARYO:1 TIRADA:1 ALL:2 EDIT:1 TOP:1 PROJECT:1 LARAWAN:1 TINDAHAN:1 FOR:7 NOT:2 THINK:3 MIN:1 READ:4 AND:23 GET:3 YOUR:4 CHAT:2 TAKE:1 SEARCH:2 LOLA:5 AIR:6 LATE:3 MOVE:3 DOWN:1 LAKAMBINI:2 KAMUNING:1 POLICE:1 OVER:2 BEEN:1 LOOK:3 SAN:2 SOUND:1 CAN:1 ALBUM:4 HONEY:4 HOME:5 BRIGHT:1 RAP:1 RUSH:1 LONG:2 BUT:2 PERSONAL:1 IDEA:1 WHERE:2 OWN:1 ALSO:4 YOU:2 WAS:1 WAY:1 BRIEF:1 PART:1 MODERN:1 ONE:1 ABILITY:1 MAY:1 STAR:1 MANILA:1 KNOW:1 DRAMA:1 DAY:1 PESO:1 ARE:1 LOVE:1 YEAR:1 LAST:1 MAGALIT:1 FIRST:1
https://tribune.net.ph/2026/08/30/from-pbb-twins-to-on-screen-sisters	SEPTEMBER:3 NOW:3 SUPPORT:2 SHOW:12 MORE:6 THE:40 PAGE:1 METRO:1 WORLD:1 DYARYO:1 TIRADA:1 ALL:2 EDIT:1 TOP:1 PROJECT:1 LARAWAN:1 TINDAHAN:1 FOR:9 SCREEN:4 MIN:1 READ:4 AND:16 GET:4 YOUR:4 CHAT:2 TAKE:1 SEARCH:2 LOLA:3 AIR:6 LATE:3 MOVE:3 DOWN:1 LAKAMBINI:2 KAMUNING:1 POLICE:1 OVER:1 BEEN:2 LOOK:3 SAN:2 ARE:4 TAKING:1 BIG:1 SMALL:1 DAYS:1 STAR:3 MANALO:1 ALSO:4 PART:1 CAST:1 TEST:1 FIRST:3 TWO:1 SHORT:1 STYLE:1 HOTEL:1 AMONG:1 NEW:1 SEASON:1 NOT:1 KNOW:1 REAL:1 SAID:1
https://tribune.net.ph/2026/08/30/inside-fitterkarmas-next-chapter	SEPTEMBER:4 NOW:3 SUPPORT:2 SHOW:9 MORE:7 THE:49 PAGE:1 METRO:1 WORLD:1 DYARYO:1 TIRADA:1 ALL:2 EDIT:1 TOP:1 PROJECT:1 LARAWAN:1 TINDAHAN:1 FOR:11 INSIDE:3 ALBUM:8 AND:19 ONE:5 MIN:1 READ:4 MARK:1 MANILA:5 GET:3 YOUR:4 CHAT:2 TAKE:2 SEARCH:2 LOLA:3 AIR:6 LATE:3 MOVE:3 DOWN:1 LAKAMBINI:2 KAMUNING:1 POLICE:1 OVER:2 BEEN:1 LOOK:2 SAN:2 KALAPASTANGAN:2 PAG:2 IBIG:2 KANIBALISMO:2 NEW:2 ARE:2 KNOW:2 DARK:2 SOUND:4 TAKING:1 JUST:1 DAYS:1 STRING:1 KUNG:1 NASA:1 ISANG:1 PELIKULA:1 TIYAK:1 AKO:1 ANG:1 UNA:1 END:1 VIDEO:1 WAS:2 POSTER:2 MUCH:1 LIKE:1 WHITE:1 URBAN:1 LEON:1 YOU:1 STAR:1 DRAMA:1 DAY:1 PESO:1 ALSO:2 AMBON:1 ULAN:1 BAHA:1 MODERN:1 TANGO:1
https://tribune.net.ph/2026/08/30/campi-reports-july-sales-rise	SEPTEMBER:2 NOW:1 SUPPORT:2 SHOW:3 MORE:8 THE:34 PAGE:1 METRO:1 WORLD:1 DYARYO:1 TIRADA:1 ALL:2 EDIT:1 TOP:1 PROJECT:1 LARAWAN:1 TINDAHAN:1 FOR:8 MIN:1 READ:4 GET:3 YOUR:5 AND:14 CHAT:2 TAKE:1 SEARCH:2 NEW:5 BASE:1 SENIOR:1 KIMI:3 THIRD:1 TOTAL:2 SAID:3 WAS:1 FIRST:1 YEAR:5 MUCH:1 LAST:1 MOTOR:1 ZERO:1 STYLE:1 AIR:1 ALSO:2 AMONG:1
https://tribune.net.ph/2026/08/30/caltex-links-fuel-quality-to-engine-care	SEPTEMBER:2 NOW:1 SUPPORT:2 SHOW:3 MORE:8 THE:28 PAGE:1 METRO:1 WORLD:1 DYARYO:1 TIRADA:1 ALL:2 EDIT:1 TOP:1 PROJECT:1 LARAWAN:1 TINDAHAN:1 FOR:5 MIN:1 READ:4 AND:20 GET:3 YOUR:5 CHAT:2 TAKE:1 SEARCH:2 NEW:5 BASE:1 SENIOR:1 KIMI:3 CLOSE:1 OIL:1 BUT:1 ALSO:4 OVER:2 RATING:2 NOT:2 EFFECT:1 CAN:2 KEY:1 ARE:2 METAL:1 PESO:1 FULL:1 PICTURE:1 CAR:1 FIRST:1 ZERO:1 STYLE:1 AIR:1 AWAY:1 OUR:1 LOOK:1 FORWARD:1 EVEN:1 THIRD:1 MAY:1
https://tribune.net.ph/2026/08/30/greenstrum-builds-business-ev-networks	SEPTEMBER:2 NOW:1 SUPPORT:2 SHOW:3 MORE:9 THE:23 PAGE:1 METRO:1 WORLD:1 DYARYO:1 TIRADA:1 ALL:2 EDIT:1 TOP:1 PROJECT:2 LARAWAN:1 TINDAHAN:1 FOR:9 MIN:1 READ:4 GET:3 YOUR:5 AND:19 CHAT:2 TAKE:1 SEARCH:2 NEW:5 BASE:1 SENIOR:1 KIMI:3 OWN:3 SUPPLY:1 MAY:2 ALSO:5 SAID:3 CAN:3 ZERO:1 STYLE:1 AIR:1 EIGHT:1 TRANSPORT:2
https://tribune.net.ph/2026/08/30/toyota-adds-free-roadside-assistance	SEPTEMBER:2 NOW:1 SUPPORT:4 SHOW:3 MORE:9 THE:37 PAGE:1 METRO:1 WORLD:1 DYARYO:1 TIRADA:1 ALL:2 EDIT:1 TOP:1 PROJECT:1 LARAWAN:1 TINDAHAN:1 FOR:10 MIN:1 READ:4 MOTOR:3 AND:23 ARE:2 SENIOR:3 AAP:6 MARK:1 GET:4 YOUR:5 CHAT:2 TAKE:1 SEARCH:2 NEW:8 BASE:1 KIMI:3 TAMARAW:5 LITE:3 ONE:2 YEAR:2 MAY:5 ALSO:3 MUST:1 FULL:1 SMALL:1 DAY:3 CAN:4 FIRST:1 TRANSPORT:1 SAID:4 OUR:1 KNOW:1 OVER:2 EDUCATION:1 LONG:1 BUT:1 ZERO:1 STYLE:1 AIR:1 CAR:2 BRIEF:1 EVEN:1 SPECIAL:1 AID:1 LIGHT:1
https://tribune.net.ph/2026/08/30/thai-dramas-go-beyond-romance	SEPTEMBER:2 NOW:4 SUPPORT:2 SHOW:12 MORE:6 THE:34 PAGE:1 METRO:1 WORLD:2 DYARYO:1 TIRADA:1 ALL:2 EDIT:1 TOP:1 PROJECT:1 LARAWAN:1 TINDAHAN:1 FOR:9 AND:21 MIN:1 READ:4 WHERE:3 GET:3 YOUR:7 CHAT:2 TAKE:1 SEARCH:2 LOLA:3 AIR:6 LATE:3 MOVE:3 DOWN:1 LAKAMBINI:2 KAMUNING:1 POLICE:2 OVER:1 BEEN:2 LOOK:2 SAN:2 ARE:1 BUT:1 NEW:2 ONE:1 MODERN:2 TWIST:1 FIRST:1 LOVE:2 PLAN:1 DEAL:1 MUST:1 ALSO:3 PERSONAL:2 DRAMA:3 SEASON:1 SECOND:1 WHY:1
https://tribune.net.ph/2026/08/30/volvo-xc90-t8-phev-voted-best-seven-seater	SEPTEMBER:2 NOW:1 SUPPORT:2 SHOW:3 MORE:10 THE:48 PAGE:1 METRO:1 WORLD:2 DYARYO:1 TIRADA:1 ALL:2 EDIT:1 TOP:1 PROJECT:1 LARAWAN:1 TINDAHAN:1 FOR:9 BEST:4 SEVEN:6 MIN:1 READ:4 GET:4 AND:20 YOUR:5 CHAT:2 TAKE:1 SEARCH:2 NEW:5 BASE:1 SENIOR:1 KIMI:3 BEEN:1 CAR:2 WHERE:1 COMFORT:2 DAY:3 AWARD:3 ALSO:7 HARI:4 CAN:4 ARE:2 REGULAR:1 PART:2 SPOT:1 TRAFFIC:1 ALERT:1 RUN:1 COVER:1 TRIP:2 SHORT:1 PLAN:1 LONG:1 STOP:1 SEE:1 CHAIR:1 AGUDO:3 SAID:2 ONE:1 OUR:2 BUT:1 WAS:1 TEST:1 LIKE:1 EXERCISE:1 ZERO:2 STYLE:1 AIR:1 ENGINEER:1
https://tribune.net.ph/2026/08/30/the-notebook-meet-the-covers-ready-to-step-in	SEPTEMBER:3 NOW:1 SUPPORT:2 SHOW:11 MORE:6 THE:92 PAGE:1 METRO:1 WORLD:2 DYARYO:1 TIRADA:1 ALL:4 EDIT:1 TOP:1 PROJECT:1 LARAWAN:1 TINDAHAN:1 FOR:11 MIN:1 READ:4 AND:44 AIR:6 THERE:1 FEED:1 MOVE:1 DOWN:1 LAKAMBINI:2 KAMUNING:1 POLICE:1 OVER:1 BEEN:1 LOOK:1 SAN:2 GET:3 YOUR:4 CHAT:2 DELA:4 LOVE:5 TAKE:1 SEARCH:2 LOLA:4 LATE:3 MAKATI:1 HOME:1 RIGHT:1 SIX:4 ALSO:3 LEAD:2 SNEAK:1 INSIDE:2 TWO:1 RISES:1 CAST:2 WAS:2 FULL:2 RAW:1 RED:1 AWAY:1 LIKE:2 CAN:1 HOLD:1 BUT:2 TRUE:1 SECOND:2 BAR:1 ARE:2 TAKING:2 COVER:2 PARK:1 YOUNG:2 MOTHER:1 FATHER:1 NOT:1 JUST:1 LAST:1 YEAR:1 MAN:1 SEASON:2 MULA:1 BUWAN:2 ANINO:1 LIKOD:1 HIT:1 FRESH:1 GAWAD:1 BUHAY:1 OPERA:1 VOICE:1 OUT:1 END:1 FOURTH:1 RADYO:1 DOUBLE:1 CHA:1 SEE:2 SOUND:1 HAIR:1 COACH:1 BOOK:1 MUST:1 BEAR:1 MALAYA:1 OWN:2 REAL:1 FIRST:1 KNOW:1
https://tribune.net.ph/2026/08/30/green-gsm-launches-seven-seat-electric-taxi-service	SEPTEMBER:2 NOW:1 SUPPORT:2 SHOW:3 MORE:11 THE:47 PAGE:1 METRO:2 WORLD:1 DYARYO:1 TIRADA:1 ALL:3 EDIT:1 TOP:1 PROJECT:1 LARAWAN:1 TINDAHAN:1 FOR:13 SEVEN:3 TAXI:8 MIN:1 READ:4 MAKATI:2 AND:23 PASIG:2 GET:3 YOUR:5 CHAT:2 TAKE:1 SEARCH:2 NEW:6 BASE:1 SENIOR:1 KIMI:3 REGULAR:1 BLACK:2 CAN:3 SIX:1 SECOND:1 CAR:2 TRANSPORT:1 WHERE:1 THIRD:1 TWO:4 MAY:2 ALSO:6 ONE:1 HOTEL:2 TRIP:3 VIEW:1 AUTOMATIC:1 AIR:4 WAY:1 INSIDE:1 BOOK:1 SAID:2 WAS:1 NOT:1 WAYS:1 TEST:1 ZERO:1 STYLE:1 OUT:1 ORO:1 BOARD:1 DOWN:1 ARE:1
https://tribune.net.ph/2026/08/30/nissan-rolls-out-all-new-kicks-e-power	SEPTEMBER:3 NOW:1 SUPPORT:3 SHOW:3 MORE:8 THE:55 PAGE:1 METRO:1 WORLD:1 DYARYO:1 TIRADA:1 ALL:8 EDIT:1 TOP:1 PROJECT:1 LARAWAN:1 TINDAHAN:1 FOR:10 OUT:2 NEW:14 MIN:1 READ:4 GET:4 YOUR:5 AND:24 CHAT:2 TAKE:1 SEARCH:2 BASE:1 SENIOR:1 KIMI:3 FIRST:3 PLUS:3 ARE:3 NOT:2 MOTOR:3 BUT:1 CAN:4 REGULAR:2 ALSO:7 ZERO:2 LIMIT:1 SIX:1 WAY:1 APPLE:1 YEAR:4 CAST:1 ONE:2 HOLD:1 SPEED:1 TRAFFIC:4 STOP:1 MOVE:1 MUST:1 COVER:1 FORWARD:1 SPOT:1 LIST:1 AUTOMATIC:1 ALERT:2 VIEW:1 OBJECT:1 WHITE:1 BLACK:2 OIL:1 SAID:1 STYLE:1 AIR:1 PLAN:1 MAKATI:1
https://tribune.net.ph/2026/08/30/honda-gets-streetwise	SEPTEMBER:2 NOW:1 SUPPORT:2 SHOW:3 MORE:9 THE:57 PAGE:1 METRO:1 WORLD:2 DYARYO:1 TIRADA:1 ALL:2 EDIT:1 TOP:1 PROJECT:1 LARAWAN:1 TINDAHAN:1 FOR:8 GETS:3 MIN:1 READ:4 NEW:10 AND:24 GET:3 YOUR:5 CHAT:2 TAKE:2 SEARCH:2 BASE:1 SENIOR:1 KIMI:3 WHITE:3 CAN:4 NAME:1 COME:1 VIEW:1 FULL:1 ALSO:3 EVENING:1 PER:1 TEST:2 ZERO:1 STYLE:2 AIR:1 TRAFFIC:2 COMMON:1 ARE:1 AUTOMATIC:3 KEY:2 HOLD:1 HELMET:1 SMALL:1 PERSONAL:1 TRIP:1 STOP:1 LONG:1 MAY:1 NOT:1 FRESH:1 BOLD:1 SAID:1 VERSION:1 PART:1 WHERE:1 TRANSPORT:1 MUCH:1 TWO:1 LOOK:1 GIVE:1
https://tribune.net.ph/2026/08/30/artificial-intelligence-guides-surgeons-during-brain-tumor-operation	SEPTEMBER:7 NOW:1 SUPPORT:4 SHOW:3 MORE:6 THE:41 PAGE:1 METRO:1 WORLD:1 DYARYO:1 TIRADA:1 ALL:2 EDIT:1 TOP:1 PROJECT:1 LARAWAN:1 TINDAHAN:1 FOR:7 TUMOR:5 MIN:1 READ:4 REGULATION:3 MUST:1 RIGHT:1 AND:15 LEGAL:1 FIRST:5 IPO:4 OUT:1 REAL:5 RAIN:1 LONG:4 GET:3 YOUR:5 CHAT:2 FULL:3 TAKE:1 SEARCH:2 LITE:3 NOT:3 EXPERT:3 NOTE:3 BEEN:1 FEED:1 HOSPITAL:2 YEAR:1 WAS:2 MAY:1 VIDEO:1 TAKING:1 BASE:1 CLOSE:1 ZERO:1 STYLE:1 AIR:1 ALSO:2 MAKATI:1 ARE:1
https://tribune.net.ph/2026/08/30/hard-lessons-two-trials-one-frank	SEPTEMBER:8 NOW:4 SUPPORT:2 SHOW:2 MORE:11 THE:148 PAGE:1 METRO:1 WORLD:2 DYARYO:1 TIRADA:1 ALL:5 EDIT:1 TOP:1 PROJECT:1 LARAWAN:1 TINDAHAN:1 FOR:18 TWO:9 ONE:6 COMMON:2 BEEN:3 AND:29 MIN:1 READ:6 LIMIT:1 SARA:4 OUT:7 LONG:2 NOT:17 DUE:1 BUT:10 DOWN:2 GET:3 YOUR:4 CHAT:2 TAKE:1 SEARCH:2 ALSO:3 NEW:1 YEAR:3 LOVE:1 FIRST:4 GOOD:1 MALL:3 REMEMBER:1 BOOK:1 THIRD:1 YOUNG:1 SAID:5 MUCH:1 JUST:4 LEGAL:4 WHY:2 MUST:2 LAY:1 FULL:1 SEE:1 MOVE:1 DRAMA:1 KNOW:1 END:5 DRAG:1 WAS:18 DAYS:2 OVER:2 PART:1 RUN:2 OWN:4 CLOSE:1 SCREEN:1 MILITARY:2 SUR:2 LUIS:2 TAKING:1 MONEY:1 ARE:1 STATE:1 OPEN:1 NENE:1 SPOT:1 CORONA:8 EIGHT:2 APARTMENT:1 MAY:1 WHERE:1 CAST:1 LET:1 TRUE:1 EVEN:2 CAN:4 WAYS:1 CALL:1 MAN:1 RIGHT:1 LISA:2 TEST:1
https://tribune.net.ph/2026/08/30/robotics-powered-surgery-shaping-next-era-of-medicine	SEPTEMBER:7 NOW:3 SUPPORT:2 SHOW:3 MORE:8 THE:44 PAGE:1 METRO:1 WORLD:1 DYARYO:1 TIRADA:1 ALL:2 EDIT:1 TOP:1 PROJECT:1 LARAWAN:1 TINDAHAN:1 FOR:8 REAL:6 AND:35 ARE:10 WHERE:4 MIN:1 READ:4 MODERN:1 LIKE:4 PATIENT:3 REGULATION:3 MUST:1 RIGHT:1 LEGAL:1 FIRST:6 IPO:4 OUT:1 RAIN:1 LONG:5 GET:3 YOUR:5 CHAT:2 FULL:3 TAKE:1 SEARCH:2 LITE:3 NOT:3 EXPERT:3 NOTE:3 NEW:1 INSIDE:1 ONE:2 JUST:1 CAN:2 OVER:1 MIRA:1 ROBOT:1 NASA:1 ALSO:3 HIP:1 BUT:1 MAKATI:1 HOSPITAL:1 ZERO:1 STYLE:1 AIR:1
https://tribune.net.ph/2026/08/30/unionbank-online-134	SEPTEMBER:7 NOW:1 SUPPORT:2 SHOW:3 MORE:6 THE:10 PAGE:1 METRO:1 WORLD:1 DYARYO:1 TIRADA:1 ALL:5 EDIT:1 TOP:1 PROJECT:1 LARAWAN:1 TINDAHAN:1 FOR:2 MIN:1 READ:1 YOUR:7 TAKE:1 GET:2 AND:2 CHAT:1 SEARCH:2 WHERE:4 NEW:3 ZERO:1 STYLE:1 AIR:1
https://tribune.net.ph/2026/08/30/always-on-his-toews	SEPTEMBER:8 NOW:4 SUPPORT:2 SHOW:2 MORE:10 THE:119 PAGE:1 METRO:1 WORLD:5 DYARYO:1 TIRADA:1 ALL:8 EDIT:1 TOP:2 PROJECT:1 LARAWAN:1 TINDAHAN:1 FOR:16 COACH:15 GILAS:24 RIGHT:7 MARK:5 MIN:1 READ:4 GET:7 YOUR:5 AND:51 CHAT:2 TAKE:3 SEARCH:2 BUT:17 ALSO:5 NEW:2 YEAR:2 LOVE:1 FIRST:5 GOOD:3 MALL:3 ARE:5 FRESH:2 PLAN:3 SEE:1 LOOK:2 LIKE:4 SOUND:3 YOU:7 SAID:11 NAME:1 MAY:2 NOT:13 OVER:3 LONG:4 LAST:3 TWO:1 THINK:7 BASKETBOL:1 COURSE:1 ALAS:1 BEEN:3 SECOND:1 RED:1 ONE:4 SEASON:1 DOWN:1 FELT:1 PERSONAL:1 JUST:7 WAS:6 FIFTH:1 MODUS:1 SCHOOL:1 PART:2 STYLE:2 MUCH:2 MEAN:1 EVEN:2 WAYS:1 BALL:2 STRING:1 WHERE:1 PUT:2 OUR:1 BEST:2 SPEED:2 CAN:6 FINE:1 GETS:1 BIG:1 SPOT:1 WAY:1 TAKING:1 FIRE:1 PRE:1 GIVE:1 SAW:2 THERE:3 KOREA:1 TEST:1 FORWARD:1
https://tribune.net.ph/2026/08/30/dbp	SEPTEMBER:2 NOW:1 SUPPORT:6 SHOW:3 MORE:6 THE:14 PAGE:1 METRO:1 WORLD:1 DYARYO:1 TIRADA:1 ALL:2 EDIT:1 TOP:1 PROJECT:1 LARAWAN:1 TINDAHAN:1 FOR:11 MIN:1 READ:1 YOUR:4 TAKE:1 GET:2 AND:2 CHAT:1 SEARCH:2 STATE:4 FIRST:1 NEW:1 TWO:1 AWARD:1 WHERE:1 ZERO:1 STYLE:1 AIR:1
https://tribune.net.ph/2026/08/30/pag-ibig-24	SEPTEMBER:4 NOW:1 SUPPORT:2 SHOW:3 MORE:6 THE:8 PAGE:1 METRO:1 WORLD:1 DYARYO:1 TIRADA:1 ALL:3 EDIT:1 TOP:1 PROJECT:1 LARAWAN:1 TINDAHAN:1 FOR:2 PAG:17 IBIG:17 MAY:5 BAHAY:5 AKO:5 MIN:1 READ:1 YOUR:5 TAKE:1 GET:2 AND:2 CHAT:1 SEARCH:2 MAS:12 ABOT:12 KAYA:12 WHERE:1 NEW:1 ZERO:1 STYLE:1 AIR:1
https://tribune.net.ph/2026/08/30/gcashs-gstocks-ph-now-filipinos-leading-digital-retail-platform-for-stock-investing	SEPTEMBER:7 NOW:3 SUPPORT:2 SHOW:3 MORE:16 THE:57 PAGE:1 METRO:1 WORLD:1 DYARYO:1 TIRADA:1 ALL:7 EDIT:1 TOP:2 PROJECT:1 LARAWAN:1 TINDAHAN:1 FOR:17 MIN:1 READ:4 OPEN:2 AND:29 PLAN:1 LONG:2 WHERE:4 BLACK:1 KEY:2 WATER:1 GET:3 YOUR:8 CHAT:2 TAKE:1 SEARCH:2 NEW:3 LIKE:2 ALSO:5 SIMPLE:1 OVER:2 PSE:3 WAS:1 AMONG:2 YEAR:3 ARE:2 SHIFT:1 FIRST:2 MUCH:2 IMI:1 WALLET:4 NATURAL:1 PART:2 OUR:3 WAYS:1 SAID:1 NOT:1 SEE:1 IPO:4 PERA:1 COACH:1 GIVE:1 JUST:2 ZERO:1 STYLE:1 AIR:1 ROMERO:2
https://tribune.net.ph/2026/08/30/everyday-magic-with-honor-that-redefines-the-foldable-experience	SEPTEMBER:7 NOW:2 SUPPORT:2 SHOW:3 MORE:8 THE:52 PAGE:1 METRO:1 WORLD:1 DYARYO:1 TIRADA:1 ALL:6 EDIT:1 TOP:1 PROJECT:1 LARAWAN:1 TINDAHAN:1 FOR:15 MIN:1 READ:4 AND:19 ROBOT:1 WHERE:4 BLACK:1 FULL:1 GET:4 YOUR:9 CHAT:2 TAKE:1 SEARCH:2 NEW:4 BUT:1 STAND:1 OUT:1 NOT:1 TRY:1 MODERN:2 WAS:1 FORWARD:1 JUST:4 YOU:2 ARE:3 LAST:1 LOOK:1 SCREEN:3 IDEAL:1 BRIGHT:1 EVEN:2 NATURAL:1 COMFORT:1 REAL:2 WAY:1 PART:2 RUN:1 SHIFT:1 PERSONAL:1 LONG:3 SHORT:1 DAY:3 PRE:1 ORDER:1 ALSO:3 PLUS:1 ZERO:1 STYLE:1 AIR:1 KASANGGA:1 MANILA:2 HOME:2 LIKE:2 THERE:2
https://tribune.net.ph/2026/08/30/when-food-becomes-a-momentous-investment	SEPTEMBER:7 NOW:1 SUPPORT:2 SHOW:3 MORE:6 THE:32 PAGE:1 METRO:1 WORLD:1 DYARYO:1 TIRADA:1 ALL:6 EDIT:1 TOP:1 PROJECT:1 LARAWAN:1 TINDAHAN:1 FOR:9 MIN:1 READ:4 PUTO:5 BUMBONG:5 AND:21 BIBINGKA:5 GET:3 YOUR:8 CHAT:2 WHERE:5 TAKE:1 SEARCH:2 NEW:4 BLACK:1 WAY:2 AIR:2 ARE:4 BUT:2 THERE:2 BEST:2 TABLE:2 SEASON:2 HOTEL:6 MANILA:6 FRESH:1 GABI:1 COMFORT:1 LATIK:1 LECHE:1 BOLA:1 HAMON:1 CAN:3 TABLEA:1 HOT:1 SAMPAGUITA:3 PART:1 MUCH:1 GIVE:1 GOOD:1 YOU:2 LOVE:1 ZERO:1 STYLE:1 ALSO:2 HOME:1
https://tribune.net.ph/2026/08/30/scents-sensibility-and-a-taste-for-life	SEPTEMBER:7 NOW:2 SUPPORT:2 SHOW:2 MORE:6 THE:55 PAGE:1 METRO:1 WORLD:3 DYARYO:1 TIRADA:1 ALL:1 EDIT:1 TOP:1 PROJECT:1 LARAWAN:1 TINDAHAN:1 FOR:13 AND:22 TASTE:2 YUKO:1 MIN:1 READ:4 BUT:3 ALSO:8 NEW:2 YEAR:1 LOVE:1 FIRST:2 GOOD:3 GET:3 YOUR:4 CHAT:2 TAKE:2 SEARCH:2 MALL:3 YOU:6 TWO:2 NOT:2 JUST:2 HOTEL:2 MANILA:3 CAN:7 WAS:1 DOWN:2 OWN:3 ARE:2 END:2 SAID:3 WHERE:1 SPECIAL:1 DAY:1 PART:1 MUCH:1 UBE:1 AMONG:1 THERE:1 IDEA:1 SAMPAGUITA:1 ILANG:2 WAY:1 AWAY:1 MEAN:1 PERSONAL:2 RIGHT:1 STOP:1 EVEN:1 STRETCH:1 PUT:1 MONEY:1 TRUE:1 MAY:1 ONE:1 LUIS:2 ESPIRITU:2 EVENING:1
https://tribune.net.ph/2026/08/30/salmon-emcor-widen-financing-access-in-vismin	SEPTEMBER:7 NOW:1 SUPPORT:2 SHOW:3 MORE:13 THE:34 PAGE:1 METRO:1 WORLD:1 DYARYO:1 TIRADA:1 ALL:2 EDIT:1 TOP:1 PROJECT:1 LARAWAN:1 TINDAHAN:1 FOR:14 SALMON:18 MIN:1 READ:4 FRESH:1 AND:27 TWO:1 GET:3 YOUR:5 CHAT:2 TAKE:1 SEARCH:2 FULL:3 LITE:3 IPO:4 LONG:4 NOT:3 EXPERT:3 REGULATION:3 MUST:1 RIGHT:1 LEGAL:1 FIRST:2 OUT:1 REAL:1 RAIN:1 NOTE:3 MAY:3 SIX:1 ZERO:3 DOWN:1 ALSO:4 SAID:4 CAN:1 ONE:1 ARE:2 PROUD:1 GIVE:1 LOOK:1 WAYS:1 OUR:2 ABLE:1 STYLE:1 AIR:1
https://tribune.net.ph/2026/08/30/the-digital-pulse	SEPTEMBER:7 NOW:2 SUPPORT:2 SHOW:2 MORE:9 THE:64 PAGE:1 METRO:1 WORLD:1 DYARYO:1 TIRADA:1 ALL:2 EDIT:1 TOP:1 PROJECT:2 LARAWAN:1 TINDAHAN:1 FOR:24 ARE:11 TESTING:2 MIN:1 READ:4 GET:3 YOUR:4 AND:34 CHAT:2 TAKE:1 SEARCH:2 IPO:7 FULL:3 LITE:3 NOTE:5 INSIDE:2 BEEN:1 REGULATION:1 MUST:2 RIGHT:1 LEGAL:1 FIRST:2 OUT:1 REAL:1 RAIN:1 LONG:4 NOT:5 EXPERT:3 SHIFT:4 CAN:10 MUCH:2 MONEY:5 ONE:3 JUST:1 BANGKO:1 SENTRAL:1 WAY:1 SPEED:2 ALSO:4 OWN:3 WAS:3 AMONG:2 NEW:2 PART:2 MODERN:1 PLAN:1 TEST:1 HOSPITAL:1 YEAR:1 WHERE:1 MOVE:1 BUT:1 PATIENT:1 MAY:1 COMMON:1 COME:1 BAR:1 OVER:1 APPLE:1 THERE:1
https://tribune.net.ph/2026/08/30/lousy-leaders-bane-outspoken-economist	SEPTEMBER:7 NOW:3 SUPPORT:2 SHOW:2 MORE:6 THE:113 PAGE:1 METRO:1 WORLD:4 DYARYO:1 TIRADA:1 ALL:4 EDIT:1 TOP:1 PROJECT:1 LARAWAN:1 TINDAHAN:1 FOR:16 AND:29 MIN:1 READ:4 LONG:4 BEEN:3 GET:3 YOUR:4 CHAT:2 TAKE:1 SEARCH:2 BUT:3 ALSO:8 NEW:1 YEAR:1 LOVE:1 FIRST:1 GOOD:2 MALL:3 VOICE:1 CALL:1 OUT:2 INTERVIEW:2 NOT:10 MONEY:5 SAID:12 WAS:9 STYLE:1 DILIMAN:1 SCHOOL:1 VIDEO:1 LAST:1 MUST:1 YOU:2 TRY:1 GIVE:1 CORAZON:1 BOARD:3 ARE:7 OWN:1 FORWARD:1 PART:2 OUR:5 SENIOR:1 MADRE:1 AYUNGIN:1 PERSONAL:1 AWAY:2 SARA:1 MEAN:1 NILA:2 ANG:2 PROSESO:2 LIKE:1 JUST:1 ABLE:1 MAY:1 SIMPLE:1 DEAL:1 SHORT:1
https://tribune.net.ph/2026/08/30/nepal-china-floods-disaster-latest-developments	SEPTEMBER:2 NOW:3 SUPPORT:4 SHOW:2 MORE:9 THE:68 PAGE:1 METRO:1 WORLD:12 DYARYO:1 TIRADA:1 ALL:2 EDIT:1 TOP:1 PROJECT:1 LARAWAN:1 TINDAHAN:1 FOR:9 MIN:1 READ:4 AND:32 AWAY:1 GET:3 YOUR:4 CHAT:2 TAKE:1 SEARCH:3 KOREA:5 TWO:8 OUT:4 FRESH:2 SUNDAY:10 OUR:2 BEEN:4 ONE:2 KEY:1 OIL:1 HIT:1 ARE:7 TSUNAMI:1 LIKE:1 PUT:1 TOTAL:1 SAID:16 THERE:1 WAS:5 STATE:4 INSIDE:2 LATE:1 AIR:1 RESCUE:9 OPEN:1 RAIN:1 AMONG:2 WHERE:1 DOWN:1 NEW:3 DAYS:1 RUN:1 PLAN:1 BUT:1 BASE:1 TAKING:1 SOUND:1 NOT:2 FLASH:2 CAN:1 AID:2 RED:3 TESTING:1 SPECIAL:1 ALSO:3 HOME:1 BET:1 MANILA:1 POLICE:1
https://tribune.net.ph/2026/08/30/prepare-for-super-el-ni%C3%B1o	SEPTEMBER:4 NOW:1 SUPPORT:5 SHOW:2 MORE:9 THE:67 PAGE:1 METRO:1 WORLD:3 DYARYO:1 TIRADA:1 ALL:2 EDIT:1 TOP:1 PROJECT:1 LARAWAN:1 TINDAHAN:1 FOR:16 NINO:10 YEAR:3 MIN:1 READ:4 GET:3 YOUR:4 AND:31 CHAT:2 TAKE:1 SEARCH:2 IDEA:4 BALAMBAN:4 TASTE:3 LAS:3 OUR:2 HOME:1 MAY:2 HOLD:1 LET:1 GIVE:1 PLAN:3 MUST:1 KEY:1 WHY:3 EXPERT:2 LIKE:2 BUT:1 ALSO:6 MAKATI:1 LAST:1 WIND:3 KNOW:1 SAID:3 OWN:1 LONG:2 WATER:1 MODERN:1 ARE:1 AVERAGE:2 PUT:1 COURSE:1 ANGELO:1 DELA:3 SPEED:1 ONE:1 PER:1 NATURAL:1 CORAL:1 SPECIAL:1 CHAIR:1 LEAD:1 PART:1 VIDEO:1 OVER:3 MIND:1 YOUNG:1 NOT:1 TWO:2
https://tribune.net.ph/2026/08/30/citysavings-upskills-14k-educators	SEPTEMBER:4 NOW:1 SUPPORT:4 SHOW:3 MORE:10 THE:43 PAGE:2 METRO:1 WORLD:1 DYARYO:1 TIRADA:1 ALL:2 EDIT:1 TOP:1 PROJECT:4 LARAWAN:1 TINDAHAN:1 FOR:6 MIN:1 READ:4 AND:27 VIDEO:2 GET:3 YOUR:5 CHAT:2 TAKE:1 SEARCH:2 IDEA:3 BALAMBAN:3 TASTE:3 LAS:3 OUR:3 HOME:1 MAY:2 HOLD:1 LET:1 GIVE:1 PLAN:1 MUST:1 KEY:2 WHY:3 EDUCATION:3 OVER:2 PERSONAL:2 SAID:2 WHERE:1 SCHOOL:2 AMONG:1 YOUNG:2 LAST:2 NOT:1 BUT:1 ALSO:4 FOSTER:1 TRAIN:1 DALISAY:2 CAN:2 ZERO:1 STYLE:1 AIR:1 YEAR:1 ONE:1 SIX:1
https://tribune.net.ph/2026/08/30/signed-sealed-delivered-local-creativity-goes-global	SEPTEMBER:6 NOW:1 SUPPORT:2 SHOW:3 MORE:7 THE:61 PAGE:1 METRO:1 WORLD:4 DYARYO:1 TIRADA:1 ALL:2 EDIT:1 TOP:5 PROJECT:1 LARAWAN:1 TINDAHAN:1 FOR:9 AND:26 LUIS:5 ESPIRITU:5 MIN:1 READ:4 FIRST:3 HOME:3 VERSION:1 LIKE:2 BOOK:1 POPULAR:1 HONEY:1 PRE:2 PENINSULA:1 MANILA:1 GET:3 YOUR:4 CHAT:2 TAKE:1 SEARCH:2 TASTE:3 BEST:3 EXPRESS:5 THIRD:1 EVENING:1 WAS:1 LISA:1 OUT:2 SECOND:1 YEAR:1 HARAYA:2 KALSADA:2 FORWARD:1 GALAW:1 BAYAN:1 ABOT:1 ANG:1 MUNDO:1 OUR:2 ALSO:2 AWARD:1 MOVE:1 REAL:1
https://tribune.net.ph/2026/08/30/marcos-sings-palace-drowns-out-critics-2	SEPTEMBER:3 NOW:1 SUPPORT:5 SHOW:2 MORE:6 THE:60 PAGE:1 METRO:3 WORLD:1 DYARYO:1 TIRADA:1 ALL:2 EDIT:1 TOP:1 PROJECT:1 LARAWAN:1 TINDAHAN:1 FOR:10 OUT:2 LISA:1 MIN:1 READ:4 MAYOR:1 BONITO:1 GET:3 YOUR:4 AND:25 CHAT:2 TAKE:1 SEARCH:2 INDAY:3 BOARD:3 SARA:3 RULE:3 POLICE:3 YEAR:1 SCHOOL:1 SULTAN:1 LATE:2 ARE:1 AIR:1 MOVE:1 SUNDAY:1 VIDEO:3 FIRST:3 HIT:1 MANILA:2 DAYS:1 SANG:1 LOVE:1 BASIL:1 YOU:1 HOME:1 MAKATI:1 ROUND:1 WAS:6 AMONG:1 BUT:1 HABAGAT:1 NOT:6 SAID:6 MEAN:2 MAY:1 OVER:2 AKO:1 ALSO:4 MONEY:1 ADDRESS:1 WHERE:1 BEEN:1 DAY:1 PAMANTASAN:3 LUNGSOD:3 EDUCATION:2 STAND:3 MUST:1 GETS:1 TWO:1 KEY:1 TASTE:1 AID:1
https://tribune.net.ph/2026/08/30/gilas-tops-iran-in-fitting-sendoff-for-june-mar	SEPTEMBER:7 NOW:1 SUPPORT:2 SHOW:2 MORE:6 THE:40 PAGE:1 METRO:2 WORLD:4 DYARYO:1 TIRADA:1 ALL:2 EDIT:1 TOP:2 PROJECT:1 LARAWAN:1 TINDAHAN:1 FOR:11 GILAS:11 MARK:5 MIN:1 READ:4 OVER:4 AND:11 SEARCH:3 AMONG:2 ADDRESS:1 TAG:1 WAS:2 YUKO:1 GET:3 YOUR:4 CHAT:2 TAKE:2 SARA:3 DARK:3 TAKING:1 DOWN:1 TWO:2 FOURTH:1 SUNDAY:1 MALL:1 YOUNG:1 RUN:1 SIX:1 PERSONAL:1 THANK:1 NOT:2 ABLE:1 SAID:1 SEVEN:2 DOUBLE:2 JUST:1 SECOND:1 LAST:1 END:1 FIFTH:1 EIGHT:1 ALAS:1 ALSO:2 HOME:1 ONE:1 NEW:1 COACH:1
https://tribune.net.ph/2026/08/30/transformation-begins-with-you-and-me	SEPTEMBER:4 NOW:1 SUPPORT:4 SHOW:4 MORE:9 THE:45 PAGE:1 METRO:1 WORLD:1 DYARYO:1 TIRADA:1 ALL:2 EDIT:1 TOP:1 PROJECT:1 LARAWAN:1 TINDAHAN:1 FOR:7 YOU:3 AND:43 MUST:5 ALSO:8 MIN:1 READ:4 GET:3 YOUR:4 CHAT:2 TAKE:1 SEARCH:2 IDEA:4 BALAMBAN:3 TASTE:3 LAS:3 OUR:6 HOME:2 MAY:1 HOLD:1 LET:1 GIVE:1 PLAN:1 KEY:1 WHY:5 NEW:5 CAN:6 BUT:2 REAL:1 FIRST:1 KNOW:1 NOT:9 ARE:7 PAPER:1 LAST:1 GOOD:1 SIMPLE:1 JUST:2 END:2 WAYS:1 OPEN:1 PART:3 GREAT:1 RUN:1 WHERE:1 MUCH:1 THIRD:1 DAY:2 LIKE:1 EVEN:1 TRUE:1 LEAD:1 FORWARD:1 NATURAL:1 EDUCATION:1
https://tribune.net.ph/2026/08/30/gifting-flight-to-singapore-embassy-in-the-phl	SEPTEMBER:7 NOW:4 SUPPORT:2 SHOW:2 MORE:7 THE:76 PAGE:1 METRO:1 WORLD:1 DYARYO:1 TIRADA:1 ALL:2 EDIT:1 TOP:1 PROJECT:1 LARAWAN:1 TINDAHAN:1 FOR:16 NEW:5 HOME:7 MANILA:8 MIN:1 READ:4 PILAPIL:9 TERMINAL:2 ONE:2 GET:3 YOUR:4 AND:45 CHAT:2 TAKE:1 SEARCH:2 MALAYA:3 CALL:3 POPULAR:1 WAYS:1 WHITE:1 INSTITUTO:1 MODERN:1 MAKATI:1 URBAN:2 FIRST:2 WHERE:1 SOLO:1 STAND:1 SQUARE:1 TWO:5 PARIS:3 SEE:3 ALSO:4 LONG:1 WAS:2 SAID:5 THERE:1 AWARD:1 STONE:1 PAPER:1 BEEN:1 LIKE:2 ELEMENT:1 MUCH:1 GOOD:2 SIX:1 OUR:2 ARE:1 GIVE:1
https://tribune.net.ph/2026/09/21/daily-feng-shui-horoscope-by-master-hanz-cua-570	SEPTEMBER:5 NOW:3 SUPPORT:2 SHOW:3 MORE:7 THE:27 PAGE:1 METRO:1 WORLD:2 DYARYO:1 TIRADA:1 ALL:5 EDIT:1 TOP:1 PROJECT:3 LARAWAN:1 TINDAHAN:1 FOR:7 MIN:1 READ:2 GET:6 YOUR:25 AND:15 CHAT:2 TAKE:4 SEARCH:2 WAS:3 STOP:3 OUR:1 NOT:31 LONG:3 LUIS:1 ESPIRITU:1 OUT:1 DRAGON:2 FIRE:1 STAR:1 MANILA:1 KNOW:1 BEEN:2 MALAYA:1 LOVE:12 LET:6 YOU:18 GIVE:4 MIND:2 BREAK:2 FLASH:1 ZERO:1 STYLE:1 AIR:1 FIRST:1 MUCH:2 BLUE:1 MONEY:2 BUT:2 STRESS:1 AWAY:2 JUST:3 NOON:1 FULL:1 OVER:1 SMALL:3 ONE:2 DAY:2 MAY:2 ARE:6 HORSE:1 NEW:1 LIST:1 CAN:2 OWN:1 PLAN:1 WHERE:1 YELLOW:2 PART:1 GOOD:1 SLEEP:2 BEST:1 AUTOMATIC:1 BROWN:1 DOG:1 PATIENT:1 ANIMAL:1 WAY:1 PUT:1 DOWN:1 WHITE:1
https://tribune.net.ph/2026/09/21/not-so-simple	SEPTEMBER:11 NOW:2 SUPPORT:3 SHOW:2 MORE:8 THE:70 PAGE:2 METRO:1 WORLD:1 DYARYO:1 TIRADA:1 ALL:7 EDIT:1 TOP:1 PROJECT:1 LARAWAN:1 TINDAHAN:1 FOR:11 NOT:13 SIMPLE:3 RULE:5 TRIP:2 MIN:1 READ:4 SARA:5 INDAY:1 GET:3 YOUR:4 AND:13 CHAT:2 TAKE:2 SEARCH:2 SWEET:3 THIRD:3 SCHOOL:3 MUST:2 ARE:5 EIGHT:1 KILO:1 SEVEN:1 NEW:1 LOOK:1 LAST:3 COURSE:1 TWO:4 BEEN:2 AUTOMATIC:1 EVEN:2 PUNO:2 PANGANIBAN:2 WAS:4 BUT:4 ONE:2 PART:3 MUCH:1 ALSO:3 CAN:1 MAY:5 JUST:2 MEAN:1 STUDY:1 TRY:1 SEE:1 LISA:2 LEGAL:1 TEST:1
https://tribune.net.ph/2026/09/21/regulating-social-media	SEPTEMBER:9 NOW:1 SUPPORT:3 SHOW:2 MORE:6 THE:47 PAGE:1 METRO:1 WORLD:1 DYARYO:1 TIRADA:1 ALL:5 EDIT:1 TOP:1 PROJECT:1 LARAWAN:1 TINDAHAN:1 FOR:15 BANGA:8 AND:25 MIN:1 READ:4 GET:3 YOUR:4 CHAT:3 TAKE:2 SEARCH:2 NOT:11 SIMPLE:3 SWEET:3 EDUCATION:4 COME:1 WATER:1 CHICO:1 EIGHT:1 KILO:1 SEVEN:1 NEW:1 LOOK:1 THIRD:3 SCHOOL:12 WAS:1 MAYOR:1 SUSPECT:1 OUT:1 SAID:1 POLICE:3 JUST:1 MOVE:1 BUT:3 OUR:5 OVER:3 IDEA:1 CAN:1 CALL:1 COURSE:1 ARE:4 WHERE:1 FIRST:1 LIKE:1 ONE:2 BARANGAY:1 ALSO:3 YOU:1 MAY:1 REGULATION:1 BOLD:1 PART:1 LISA:1 MENTAL:1
https://tribune.net.ph/2026/09/21/all-rise-for-the-amici-curiae-1	SEPTEMBER:10 NOW:2 SUPPORT:3 SHOW:2 MORE:7 THE:84 PAGE:1 METRO:1 WORLD:1 DYARYO:1 TIRADA:1 ALL:7 EDIT:1 TOP:1 PROJECT:1 LARAWAN:1 TINDAHAN:1 FOR:7 TOTAL:2 AND:23 MIN:1 READ:5 GET:4 YOUR:4 CHAT:2 TAKE:1 SEARCH:2 SWEET:3 NOT:17 SIMPLE:3 THIRD:4 SCHOOL:4 MUST:2 ARE:3 EIGHT:1 KILO:1 SEVEN:1 NEW:1 LOOK:1 LATE:1 MIND:1 TWO:5 ONE:3 SUSPECT:1 OVER:2 IDEA:1 ANTE:1 PUNO:1 PANGANIBAN:1 CALL:1 ALSO:3 SAN:1 WAS:3 EXPERT:1 LEGAL:2 NAY:1 OUT:2 BASE:2 ENTIRE:1 PUT:2 WAY:1 PLUS:1 FIRST:1 LITERAL:1 SECOND:1 FOURTH:1 BUT:2 VIEW:1 THERE:1 BEEN:2 JUST:1 EFFECT:2 MORAL:1 ALAS:1 MONEY:1 DOUBLE:1 ABLE:1
https://tribune.net.ph/2026/09/21/sweet-sixteen-2	SEPTEMBER:10 NOW:3 SUPPORT:3 SHOW:2 MORE:6 THE:70 PAGE:1 METRO:1 WORLD:2 DYARYO:1 TIRADA:1 ALL:7 EDIT:1 TOP:1 PROJECT:1 LARAWAN:1 TINDAHAN:1 FOR:8 SWEET:3 ARE:4 MIN:1 READ:4 GET:3 YOUR:4 AND:19 CHAT:2 TAKE:1 SEARCH:2 NOT:14 SIMPLE:3 EDUCATION:1 COME:1 WATER:1 CHICO:1 EIGHT:1 KILO:1 SEVEN:1 NEW:2 LOOK:1 THIRD:3 SCHOOL:3 TWO:1 BEEN:3 EVEN:1 WHERE:2 WAS:6 OUR:5 BUT:3 ONE:2 SOUND:1 END:1 AMENDMENT:1 SIX:1 MAN:1 AMONG:1 MUCH:1 RULE:1 ORDER:1 DUE:1 DOWN:1 MAY:1 LEGAL:1 SPOT:1 ENTIRE:1 MALAY:1 FEED:1 ALSO:2 ABLE:1
https://tribune.net.ph/2026/09/21/how-john-prats-tried-to-erase-heart-evangelistas-memories-after-breakup	SEPTEMBER:4 NOW:3 SUPPORT:2 SHOW:12 MORE:6 THE:31 PAGE:1 METRO:1 WORLD:3 DYARYO:1 TIRADA:1 ALL:2 EDIT:1 TOP:1 PROJECT:2 LARAWAN:1 TINDAHAN:1 FOR:11 MIN:1 READ:4 AND:12 NEW:1 AIR:6 THERE:2 FEED:1 MOVE:2 DOWN:1 LAKAMBINI:2 KAMUNING:1 POLICE:1 OVER:1 BEEN:1 LOOK:1 SAN:2 GET:4 YOUR:4 CHAT:2 WATER:3 TAKE:2 SEARCH:2 LOLA:3 LATE:3 WAS:6 BEST:1 FIRST:2 MGA:5 GANAP:1 KAILANGAN:1 GAWIN:1 WALA:1 SAW:1 SAID:6 INTERVIEW:1 SEE:1 SCREEN:1 VIDEO:1 WHERE:2 TAPOS:2 YUN:5 NGA:3 AKIN:1 WHY:1 YOU:1 PARANG:5 UNA:1 AKO:2 BUT:3 NAGKAROON:1 KUMPIYANSA:1 KASI:3 PERFECT:1 IDI:1 KUNDI:1 ISTORYA:1 NAMIN:2 MAS:2 MAG:1 DAY:1 NIYA:3 LIKE:2 EVEN:1 MAY:4 TULO:1 KAPE:1 LUMIPAD:1 KAMI:2 LAHAT:2 SUGAR:1 KUNG:1 PAANO:1 GINAGAWA:1 AKALA:1 SIYA:2 FELT:1 SABI:1 PERO:3 HINDI:1 RIN:1 PALA:2 SAYANG:3 USAP:1 PELIKULA:2 NATIN:1 PWEDE:1 MABUTI:1 LANG:1 DAW:1 ISA:1 RITO:1 ANG:1 ISANG:1 PUNIT:1 GRABE:1 TALAGA:2 TAO:1 BUHAY:1 IBA:1 ALSO:2 REAL:1 NOT:1 GANDA:2 JUST:1 ONE:1
https://tribune.net.ph/2026/09/21/dengue-cases-in-albay-now-at-2888	SEPTEMBER:7 NOW:3 SUPPORT:3 SHOW:2 MORE:6 THE:30 PAGE:1 METRO:1 WORLD:1 DYARYO:2 TIRADA:2 ALL:2 EDIT:1 TOP:2 PROJECT:1 LARAWAN:1 TINDAHAN:1 FOR:9 ALBAY:16 NAGA:4 MIN:1 READ:4 GET:3 YOUR:4 AND:10 CHAT:2 TAKE:1 SEARCH:3 TESTING:3 PILOT:1 BLUE:2 RAIN:1 SEASON:2 KNOW:1 MUCH:1 ESTUDYANTE:1 DAHIL:1 KAKLASE:2 ANG:1 ISANG:1 ANYOS:2 GRADE:1 MATAPOS:1 SAKSAKIN:1 LOOB:1 PINGOL:1 DOWN:3 BEEN:1 STATE:2 OVER:2 JUST:1 SUNDAY:1 NEW:1 TAOB:1 TAKTAK:1 TUYO:1 TAKIP:1 ARE:1 ALSO:3 AGRICULTURE:1 NORTE:1 DUE:1 WATER:1 NINO:1 MAYOR:1 AIR:1 YEAR:1
https://tribune.net.ph/2026/09/21/water-remains-asphalts-biggest-enemy-says-pice-official	SEPTEMBER:3 NOW:1 SUPPORT:2 SHOW:2 MORE:9 THE:79 PAGE:1 METRO:1 WORLD:1 DYARYO:1 TIRADA:1 ALL:2 EDIT:1 TOP:1 PROJECT:1 LARAWAN:1 TINDAHAN:1 FOR:16 WATER:22 MIN:1 READ:4 GET:3 YOUR:4 AND:51 CHAT:2 TAKE:1 SEARCH:2 TABLE:3 AIR:3 MOVE:4 EDUCATION:3 NATURAL:1 AGRICULTURE:1 NORTE:6 STATE:2 DUE:2 NINO:1 NAGA:1 WAS:4 SUPPLY:1 GETS:1 BOARD:1 NOT:9 SARA:1 LISA:1 TWO:3 YEAR:1 ONE:4 REGULAR:2 SAID:22 INTERVIEW:1 ARE:5 CAN:13 EVEN:1 SMALL:2 MUST:6 WHERE:4 OVER:1 SHABU:3 GRADE:3 ALSO:7 GOOD:1 BUT:4 TRAFFIC:1 AWAY:2 HABAGAT:1 PART:1 STUDY:1 WHY:1 MAY:2 SOUND:1 YOU:2 LIMIT:1 PERFECT:1 BREAK:1 ENTIRE:1 ENGINEER:2 MAN:1 BARANGAY:1 TOTAL:1
https://tribune.net.ph/2026/09/21/peta-brings-lola-basyangs-magic-back-to-the-stage	SEPTEMBER:5 NOW:2 SUPPORT:2 SHOW:13 MORE:7 THE:35 PAGE:1 METRO:1 WORLD:1 DYARYO:1 TIRADA:1 ALL:2 EDIT:1 TOP:2 PROJECT:1 LARAWAN:1 TINDAHAN:1 FOR:10 LOLA:6 CAST:3 MODERN:3 CLASSIC:2 NEW:6 AND:25 YOUNG:3 MIN:1 READ:4 GET:3 YOUR:4 CHAT:2 TAKE:2 SEARCH:2 ARAY:3 YEAR:3 AMPON:1 ALAGA:1 ANIMAL:1 WAS:1 BEST:1 MOVE:1 WATER:1 AIR:1 LATE:2 ARE:1 LIWAYWAY:1 FIRST:1 MGA:1 KUWENTO:1 IBA:1 RUN:1 FULL:4 SCHOOL:1 TWO:1 ANG:4 MAHABA:1 ILONG:1 WHERE:2 TRUE:1 HARI:1 WIT:1 MEE:1 BANTAY:1 BUWAN:1 GIRL:1 NOBLE:2 KIKI:1 STAR:1 LONG:1 SCREEN:1 VERSION:1 SIGLO:1 CAN:2 MALAYA:1 THIRD:1 JUST:1 FOURTH:1 ALSO:2 MALL:1 OVER:1 BUDOL:2
https://tribune.net.ph/2026/09/21/his-fathers-son-2	SEPTEMBER:8 NOW:1 SUPPORT:2 SHOW:4 MORE:7 THE:57 PAGE:1 METRO:6 WORLD:1 DYARYO:1 TIRADA:1 ALL:2 EDIT:1 TOP:1 PROJECT:1 LARAWAN:1 TINDAHAN:1 FOR:6 SUSPECT:2 MIN:1 READ:4 GET:3 YOUR:5 AND:23 CHAT:2 TAKE:1 SEARCH:2 MANILA:3 FORWARD:3 TERMINAL:3 BREAK:3 ROMERO:1 OVER:5 CALL:2 HIT:1 SARA:6 WAS:3 YOU:1 LOVE:1 LISA:1 ARE:5 TRAFFIC:1 MAY:2 NOT:15 COME:1 LATE:1 BUT:3 SECOND:3 FIRST:2 SAID:1 BEEN:1 SEE:1 RED:1 CAN:2 STATE:1 SHUT:1 DOWN:1 TEST:2 JUST:2 WHERE:1 WELCOME:1 OWN:1 REMEMBER:1 LIKE:1 MOTHER:1 BEST:1 FATHER:1 ZERO:1 STYLE:1 AIR:1 GILAS:1 HOT:1 ALSO:2 RULE:1 LET:1 TREE:1
https://tribune.net.ph/2026/09/21/ground-zero-fury	SEPTEMBER:8 NOW:6 SUPPORT:2 SHOW:3 MORE:7 THE:56 PAGE:2 METRO:2 WORLD:1 DYARYO:1 TIRADA:1 ALL:3 EDIT:1 TOP:1 PROJECT:1 LARAWAN:1 TINDAHAN:1 FOR:7 ZERO:4 AND:24 SHIFT:2 MIN:1 READ:4 GET:3 YOUR:5 CHAT:2 TAKE:1 SEARCH:2 STAND:4 MUST:1 NOT:3 CAN:3 OUR:1 ARE:4 LET:3 GREAT:1 FIRST:2 MANILA:4 WHERE:3 BUT:2 ALSO:3 WAS:1 BEEN:3 REGULAR:1 MAY:2 OVER:2 WAY:1 ELEMENT:1 SEASON:1 WATER:2 BALIWAG:1 NEW:1 BULAKAN:1 SAID:1 ONE:1 SUNDAY:1 HIT:1 GETS:1 STYLE:1 AIR:1 GILAS:1 HOT:1
